가게이름,리뷰내용,리뷰별점
28총각,"괜춘.. 괜춘함
좀 좁긴 한데
맛남",5
28총각,점심 돈가스 고기 두툼하고 맛좋고 순두부찌게까지 푸짐하게 먹을수있어서 최고인데 아쉬운게 혼자가면 먹기가 힘들다 혼밥좌석 촘촘하게 만들어주세요,5
28총각,"밑반찬 맛깔나고 돈까스도 갓튀겨서 나옴
직원분들 너무 친절
줄서서라도 가는점심맛집",5
28총각,"맛있고 직원분들도 친절. 공휴일, 주말에 안하시는게 아쉬워요ㅠ",4
28총각,"저녁엔 가본적없지만, 점심 돈까스 굉장히 맛있습니다. 계속 리필할수있고 부드럽고 친절하네요.
유일한 단점은 점심에 혼자먹으려면 12:30부터 가능하다는점. 저녁엔 돈까스를 팔지 않는다는점.
확장해서 혼자 손님도 받는 전용 좌석이 생겼으면 좋겠네요.",5
28총각,점심 무한리필은 갓갓입니다.,5
28총각,런치 가성비 굿,3
28총각,"평일 점심 웨이팅이 있을 정도로 인기가
많음. 돈까스가 무한리필인데 두부가 들어간 특제 소스가 독특하고 맛남. 
된장찌개, 비빔국수도 같이 제공되는데 조합이 되게 좋았음.",5
28총각,"점심 백반 돈까스 무한리필집
바로바로 튀겨줘서 너무맛잇어유",4
28총각,맛있습니다 준비된 양이 한정된 거 빼곤 전반적으로 만족합니다 !,5
28총각,"평일 점심에만 돈까스 백반을 먹을 수 있습니다. 돈까스 고기 퀄리티가 좋고, 반찬도 잘 나오고, 무한 리필이라서 좋습니다. 돈까스 소스가 살짝 물리는 맛이라 조금 아쉽지만, 무한리필인 것을 감안했을 때 퀄리티가 매우 좋습니다.",5
28총각,재방문 의사 있습니다~~,4
28총각,"음식맛 일품에 가성비 최고 맛집
집에 가기전에 술 한 잔에 사시미. 통우럭탕을 먹고 싶으면 꼭 들러야 할 이자가야~",5
28총각,Sashimi 1 Plate @ Dinner,4
28총각,"다박!
평생먹은 돈까스 중 쵝오의 맛!",5
28총각,"순두부찌게 방심하고 순두부씹으면 혀 화상우려되고 찬도 이정도면 좋아요. 뜨거운 순두부찌게 먹느라 돈까스 1장 덜 먹었네요. 쌀은 고급지지 않은데 잘 지었고요.
돈까스 먹으러 갔고 2+2+1먹었는데 안느끼합니다. 마무리시간 직전에 혼자갔는데 4인테이블에 앉으라고 해서 부담없이 리필해서 맛있게 먹었습니다. 
왠만한 돈까스집보다 낫다.",5
28총각,"점심 돈까스 무한리필인데 따끈따끈한 돈까스를 계속 먹을 수 있습니다
약간 물리기 좋은 소스에 테이블 회전이 빨라 빠르게 식사를 마쳐야할것같은 압박감이 아쉽지만 점원분들도 친절하고 좋습니다",5
28총각,"손님들 줄세우기가 유명한집
예약도 불가, 일행 전체 안오면 입장도 불가 미리 주문이나 계산도 불가
너 아니어도 올사람 많으니 싫으면 마라는 전형적인 사장이 갑인 멋있는 음식점",1
28총각,"줄을 길게 서야되며 평일 점심시간에만 영업을 하지만,  돈까스 고기에서 약간의 육즙과 함께 두툼한 크기에 비해 가격에 비교 부드러운 맛과 양에 저렴하고 푸짐하여 재방문 의사가 확고한 맛집",4
VIP참치 서소문점,"넘 맛나요
친절 짱
리필 거의 무한

아 ᆢ
넘 기안은 참치집",5
VIP참치 서소문점,"음식점 리뷰 처음 남기는 곳이네요.
회사 근처에 있어서 자주 가는데,, 
음식도 물론 좋구요. 
주방장님, 서빙하시는 분들 정말 친절하세요. 
요즘 점심 예약이 잘 안되서 아쉬울 뿐입니다.",5
VIP참치 서소문점,"맛도 좋고 서비스도 좋네요
이 근처 올 때마다 들릴게요",5
VIP참치 서소문점,퀄리티도 좋고 실정님이 친절하시네요 만족이여,4
VIP참치 서소문점,"도다리쑥국이 제일 맛있고
회도 전체적으로 퀄리티가 좋았다
조금 기름진 점이 단점
쭈꾸미나 반찬도 전반적으로 맛있었다",4
VIP참치 서소문점,"전복 직화구이 서비스까지!
맛있습니다",5
VIP참치 서소문점,맛도 좋고 서비스도 많이나오고... 회식할때마다 항상 옵니다 특히 매니저님과 실장님이 다른 지점보다 잘 챙겨주셔서 두둑히 먹고갑니다,5
VIP참치 서소문점,"핏물 흥건, 힘줄 질깃한 참치 초밥
예전엔 괜찮았는데,",2
VIP참치 서소문점,적당히 먹기 좋은 참치집🖖,4
VIP참치 서소문점,"전화 예약 후 방문 했는데, 바 자리로 예약해주신다고 하셔서 갔더니 재료준비하는 곳에 의자 두개 놓고 앉혔습니다(사진에 보면 알수있듯이 바로앞에 참치회 놓는 접시 7개-처음엔 더많았음) 접시놓는곳 앞에 앉히는게너무 이상하고 바에앉은건 저와 일행 단둘 뿐이었습니다
음식이 놓인곳 옆쪽에는 (바자리가 아니라는 증거) 나가기 위해 준비된 메뉴들이 쌓여있고, 의자바로 옆에는 트롤리 세개정도가 놓여서 계속해서 서빙하며 왔다갔다했습니다. 직원도 거기서 식사는 안할것같았고, 왜 이자리를 안내했냐 물으니 예약때부터 바 자리라고 말했다고 대응하셔서, 여기서 드시는분들이 있냐 물으니 2명까지만 받는다면서, 가게구조를 알고있는줄 알았다고 대답하셨습니다
그리고 타 지점과 달리 참치회 첫 서빙 접시부터 해동안된상태였습니다.
아그리고 아래분도 후기 남기셨는데, 저희도 코스메뉴인데 치킨 못받았습니다. 옆에 치킨 그릇 쌓여있었고 타 매장 동일 코스먹을 때 치킨 받았습니다",1
VIP참치 서소문점,여기 최고예요 너무 음식 너무 맛있고 친절하고 좋은 부위 나왔다고 직접 오셔서 얹어주시고 가족끼리 가서 너무 만족하고 왔어요 재방문 의사 완전 있어요🫶,5
VIP참치 서소문점,괜찮은 곳이에요 제가 방문했을 때는 해동도 좋고 서비스도 좋았고 가격도 합리적이었습니다,4
VIP참치 서소문점,참치는 좋은 부위가 나오진 않으나 비리진 않아요. 주문할때 참치 코스만 물어봐서 몰랐는데 활어를 뺄수 있었군요? 안알려주시더라구요? 당연히 체크해야 하는거 아닌가요? 주문하고 1분만에 참치 나온걸 봐서는 세팅해뒀던거 주는건 확실한듯해요. 밑반찬은 별로 안나오고.. 다 엄청나게 짰어요 국이랑 스끼다시 다;; 너무 물려서 사이다로 간신히 버텼네요 별로 신경써주는것 같지도 않고 리필받은 참치는 너무 해동이 많이 되어서 물컹거리고ㅠ 룸에서 먹었는데 아니 당연히 참치집 룸으로 예약하면 먹는거 봐가면서 신경써주시는거 아닌가요.. 반찬 다 식고 먹은지 삼십분 오십분 되도록 다음 나올 스끼다시랑 참치를 안주길래 국 하나 반찬 하나 먹으려면 계속 콜해야하더라고요? 나오면서 보니 다른 테이블은 저렴한 코스도 치킨을 주는것 같던데 우리 테이블은 안주더군요 ㅋㅋㅋㅋ 서비스 품질이 개판.. 다신 안갈것 같아요,1
VIP참치 서소문점,"너무 맛있고 가봤던 VIP참치중에 제일 맛있네요
이 근처에서 참치 먹으려면 여기 올 것 같아요.",5
VIP참치 서소문점,가성비 좋은 참치 맛집~~회식장소 굿..,4
VIP참치 서소문점,가성비와 손님접대가 최상급이며 모든 모임으로 최적의 장소임,4
VIP참치 서소문점,"좋은 회 맛에 비해 가성비 좋아요, 친절 서빙도요.",5
VIP참치 서소문점,늘 맛있게 먹고 가는 참치집! 서비스도 늘 좋고 참치의 품질은 말할 것도 없이 너무나 최고. 평일에는 룸으로 예약해도 회식 소리가 좀 시끄럽지만 식사에는 지장 없음. 참치는 여기서만 먹어요.,5
VIP참치 서소문점,맛있게 먹고갑니다~,5
VIP참치 서소문점,참다랑어 참치. 잘 먹었습니다. 리필 좀 더 자주 해주시면 좋을듯.,4
VIP참치 서소문점,다른 지점보다 여자 매니저님 칭찬이 가득하셔서 궁금했는데 친절하셨으나 특별히 기억남을 만한 건 없었습니다. 그냥 일반 직원분들 정도 인데...? 회가 진짜 맛있고 해동 상태가 매우 좋네요! 반찬들도 안주삼기좋은 구성진걸로 나와요. 참고로 1층 배너에 2번까지 리필해준다고 써 있는데 더 안시켜봐서 확실한건 아니예요. 남자분들이라면 양 부족할 것 같아요 주위회사원들 모임하기 좋아보여요. 회식가야지~~,5
VIP참치 서소문점,"방어회, 양, 맛, 친절",5
VIP참치 서소문점,"깔끔하게 나오는 참치요리로 조금 격식 있는 모임에 좋음 

사전 예약시 방으로 배정 받으면 조용히 즐길 수 있음 

가격과 맛 둘다 괜찮은곳",4
VIP참치 서소문점,"해동 안 된 참치
밑반찬도 거의 업",2
VIP참치 서소문점,"1. 맛은 그렇게 많이 특별할 것도, 그렇다고 부족한 것도 없음
2. 팁을 받지 않음. 그러나 직원들 모두 친절함
3. 룸식으로 되어 있어 조용히 먹기 좋음",3
VIP참치 서소문점,전화 예약까지 하고 갔는데 가니까 참치 다 떨어졌다고 해서 기분이 매우 나빴네요&hellip;,1
e문어세상 충정로직영점,"공덕 법원 뒤편의 본점과 동일한 직영점으로 해천탕을 맛있게 내어주는 식당이다. 일 하시는 직원 분들도 친절하시고, 가게 내부도 깔끔하여 회식이나 모임을 하기에 좋겠다.",4
e문어세상 충정로직영점,"넓고 비싸지않고 맛있어요
해물굳",4
e문어세상 충정로직영점,"해물이 짜고,
응대가 아쉽네요;;",1
e문어세상 충정로직영점,회식때 한번 가봤는데 해물양 많고 나쁘지 않았습니다,3
e문어세상 충정로직영점,해천탕 맛있어요,5
e문어세상 충정로직영점,"역에서 가까워 접근성 좋고, 직접 손질 다 해주셔서 먹기만 하면됨. 시원한 국물에 국수 추가해서 먹으면 술 안주로 👍🏻",5
e문어세상 충정로직영점,"칼국수를 시켰는데 양도 푸짐했고, 국물과 면도 괜찮아서 전체적으로 무난했던 것 같아요~",3
e문어세상 충정로직영점,"음식은 가성비 좋았는데, 종업원 친절이 조금 아쉬웠습니다.",4
e문어세상 충정로직영점,홀서빙 엉망,1
e문어세상 충정로직영점,해천탕 정말 배터지게 먹었네요,5
가메골손왕만두 남대문본점,"맛집이라하고 먹으면 그냥 어~ 평범한 맛있는 만두다 싶은데
그래서 20분씩 대기할맛은 아니다 싶지만..

집앞에 생긴 엉성한만두집 만두를 먹다가 슬근히 생각나는 맛

그거먹다 먹으니 눈물나게 맛있음 ㅠ

위생은 안좋아보여도 비닐이나 상자에라도 실수로 떨어트린 만두는 다 갈무리해다가 직원들이 먹거나 하는둥 아예 신경을 안 쓰시진 않아요

칼국수는 평범해용",5
가메골손왕만두 남대문본점,"유명세만큼 엄청 맛있다!! 정도는 아님
왕만두 만두피가 꽤 두꺼워서 동네 만두랑 비슷
칼국수도 무난무난
기대했는데 좀 아쉬웠다",3
가메골손왕만두 남대문본점,몇년전에 먹어보고 맛있어서 인천에서 다시 갔는데 이거 배달시키면 배달료는 얼마정도 나오나요? 인천 남구입미다,5
가메골손왕만두 남대문본점,"맛있네요 많이 기대 안 했는데, 반드시 또 사먹을거에요 ㅎㅎ",5
가메골손왕만두 남대문본점,"김치만두 안좋아하는데 여기 왕만두는 고기 김치 둘다 훌륭해요 ㅠㅠ 기대 안했던 칼국수도,,,, 최고",5
가메골손왕만두 남대문본점,가격이 점점 안드로메다로 가는구나,1
가메골손왕만두 남대문본점,고기만두 대박,5
가메골손왕만두 남대문본점,가격&amp;맛 굳,5
가메골손왕만두 남대문본점,낱개도 파시네요. 한개 천원! 맛만 보셔도 좋을 거 같아요. 반죽에 뭐가 들어가는지 쫄깃해요.,4
가메골손왕만두 남대문본점,legend mandoo,5
가메골손왕만두 남대문본점,"매장에 먹고 갈 공간은 있는데 넓지 않습니다. 테이블도 작아서 후다닥 먹고 가야할 느낌이었어요.

놀랍도록 맛있다! 정도는 아닙니다만
만두소가 부드럽고 만두피도 적당히 부드럽고, 고기잡내라던가 밀가루냄새 같은게 나지 않는, 소와 피의 균형이 적당하다는 생각이 들어서 
맛있게 잘 먹었습니다.

저는 더운 날 가서 냉면이랑 같이 먹었는데요, 이 집에서 굳이 냉면 먹을 필요는 없을 것 같아요.

멀리서 이 집 하나만 보고 갈 필요는 없지만 근처 지나갈 때 가끔 포장해가면 좋겠다는 생각이 들었어요.",4
가메골손왕만두 남대문본점,"갠적으로 피두꺼운 왕만두보다 얇은피 보드라운 만두를 좋아하여 평소 왕만두에 대한 기대치가 매우매우 낮고 아무리배가 고파도 선뜻 안사먹는 메뉴인데.. 여기 고기만두는 미쳐씀! 이거먹으러 남대문 찾아올 의사 100푸로

고기만두 5/5
김치만두 4/5
새우만두 3/5",5
가메골손왕만두 남대문본점,만두 맛있음. 중국 화덕만두 느낌,4
가메골손왕만두 남대문본점,맛있고 빠르게 음식이 나오나 위생적으로 깨끗하진 않음,3
가메골손왕만두 남대문본점,만두의 왕,5
가메골손왕만두 남대문본점,맛있어요.,4
가메골손왕만두 남대문본점,"왕만두는 맛있기는 한데 피가 쫀득한게 아니고 물렁하다보니..그게 아쉽네요. 갈비만두는 마포쪽 갈비만두가 아니고 불고기소스넣은 소라 할까.
갈비맛은.전혀 안나던데요?

그런데 사장님..손님이 계산하고 나갈려고 서있으면 전화 좀 끊고 계산부터 해주시죠? 아니 전화끊을때 까지 아무 반응도 없고 쳐다보기만 하면...다른 직원분들이라도 해줄줄 알았더만..거기에 계산도 잘못하셨는데 미안하다는 말조차도 안해..답답하네요",1
가메골손왕만두 남대문본점,"번잡함. 손님을 마구잡이로 윗층으로 올려보내서 먼저 온 사람이 먼저 자리에 앉을 수 있는 식당이 아님. 웨이팅도 많은데 나보다 20분 늦게 온 손님이 나보다 먼저 테이블에 앉아있는 것을 발견할 수 있음. 시스템 개선이 좀 필요해보임. 일층은 거의 만두 제조 공장으로 보여서 외관만 보면 안쪽에 식당이 있는지 모르게 생겼음. 그리고 만두 만드는 쪽으로 계속 손님들 지나가는 구조라 위생이 좀 염려됨.

손칼국수는 멸치육수에 면 넣어져서 나옴. 새우만두는 새우의 존재를 느낄 수 없음. 피랑 속이 잘 안어울리는 듯. 주변 물가 대비 싼 맛에 먹을만은 하지만 가성비 있다고 생각되지는 않음. 왜냐면 저 잔치국수같은 칼국수 6천원임. 평점 높은게 알바쓴게 아닌가 싶은 의심까지 듬.",1
가메골손왕만두 남대문본점,취향저격,4
가메골손왕만두 남대문본점,그냥저냥,3
가메골손왕만두 남대문본점,남대문가면 왠만해선 가메골만두는 포장해옵니다. 고기도 맛있지만 제 입맛엔 김치가 좀 더 맛있어요. 몇년전보다 만두피가 두꺼워져서 별하나 뺍니다.,4
가메골손왕만두 남대문본점,"매년 겨울이면 찾아가서 포장해오는 왕만두. 작년부터 피가 점점 두꺼워진다고 느꼈는데, 올해는 영 두꺼워져서 못쓰겄다.. 김치만두 소는 설탕을 어찌나 쳤는지 달아서 맛을 해친다..ㅠ 만두가 아니라 그냥 달디단 소를 저가 꽃빵에 싸먹는 느낌으로 바뀌었다.
피를 두껍게 하고 소를 자극적으로 조리해서 원가조절 하는 것 같은데.. 원래 10개 8천원이었는데 지금은 9천원. 가격도 올렸으면서 왜 맛탱이가... 흠; 어떤 마계의 술수가 있어서 본래 맛난 만두에서 편의점 싸구려 찐빵 느낌으로 바뀌었는지 의아하다. &lsquo;이걸 사먹다니..&rsquo;로의 임계점을 이미 넘어버렸다.
개인적으로는 맛없는 것 사먹는데 쓰는 돈은 걍 쓰레기통에 버리는 것과 다름없다고 생각하기 때문에, 가격은 저렴해도 이번 겨울을 끝으로 다시는 가지 않을 것 같다. 비싸도 맛있는걸 먹는게 훨씬 낫겠다는 생각이기 때문.",2
가메골손왕만두 남대문본점,만두 안에 당면이 쫄깃하구려 ㅎ,4
가메골손왕만두 남대문본점,"예전엔 육즙 팡팡에 맛있었는 데 만두피 너무 두꺼워지고, 만두소는 적다. 예전처럼 줄서서 먹을 게 아니다. 벌레도ㅜㅜㅜ....ㅜ",2
가메골손왕만두 남대문본점,고기만두 이걸 굳이 사먹으러 찾아간 내 자신이 한심하다. 그냥 동네 만두맛임,3
가메골손왕만두 남대문본점,만두 핵존맛,5
가메골손왕만두 남대문본점,역시 맛있음,5
가메골손왕만두 남대문본점,간만에 줄서서 먹어봐는데 만두인지 찐빵인지 구분도 안가게 만들고 예전보다 손님이 줄도 안서있다. 만두피가 예전엔 이만큼 안두꺼웠는데 많이 두꺼워져서 다른집 찐빵이랑 같은것 같다. 만두속의 맛이 두꺼운 만두피에 가려져서 맛이 안난다.,3
가메골손왕만두 남대문본점,고깃속이 달달하면서 아주 살짝 육즙맛도 나는? 맛있다,5
가메골손왕만두 남대문본점,"오래된 노포 갬성 너무 좋다
강경 김치만두파인데 고기만두도 인정
반반주문 가능하다고 하시니 둘다 맛보세요
칼국수는 멸치육수로 시원하고 몸이 뜨끈해지는 우동스러운 맛",5
가메골손왕만두 남대문본점,고기만두와 찐빵을 포장했습니다. 벌써 10년이 넘게도 다닌 만두가게인데 처음같이 맛있습니다.  토요일오후라 ~15분쯤 줄서 기다렸습니다.,5
가메골손왕만두 남대문본점,맛있어서 남대문시장 갈 때마다 생각나는 곳,5
가메골손왕만두 남대문본점,"만두 그냥 좋아하지도 않고 싫어하지도 않아서(굳이 안사먹는...) 지나가기만 했는데,
누가 사줘서 먹어봤습니다. 고기, 김치 둘 다 정말 맛있더군요. 근데 김치가 더 맛있음.
찐빵같이 생겼어요 ㅋㅋㅋ 오히려 좋아...
솔직히 아는 맛인데, 맛있는 '아는 맛'? 또 먹으려고요.",5
가메골손왕만두 남대문본점,맛이나 가격이나 만두 매니아로서 인정,5
가메골손왕만두 남대문본점,"남대문에 만두 먹으러 가게 만든 집
만두피 두꺼운걸 싫어하는데 알고보니 맛있는걸 먹어보지 못해서 라는걸 느낀, 만두피 맛을 알게 만들어준 집 남대문처럼 계속 그자리에 있어줬으면",5
가메골손왕만두 남대문본점,만두를 엄청나게 좋아하는 정도가 아닌데도 김치만두 첫입 먹고 놀랐습니다! 정말 맛있네요~~ 고기만두도 맛있는데 김치만두가 쬐끔 더 맛있는거 같아요 ㅎㅎ 이모님들도 친절하십니다 ^^,5
가메골손왕만두 남대문본점,위생좀신경써주세요 맛은있어요.,2
가메골손왕만두 남대문본점,"간에 세지않아 좋아요 
특별한 맛보다 친근한 맛이네요",3
가메골손왕만두 남대문본점,만두 맛집입니다~~,5
가메골손왕만두 남대문본점,"만두 맛있음, 칼국수 그닥
위생 그닥",4
가메골손왕만두 남대문본점,만두피가 얇아서 맛이 좋아요,5
가메골손왕만두 남대문본점,인생 만두집 입니다. 고기만두랑 김치만두는 여기만큼 맛있는 곳을 못봤어요 :D,5
가메골손왕만두 남대문본점,"남대문 가면 들러서 일단 배부터 채우는 집인데 이층에서 칼국수랑 만두 먹기는 좋은데 웨이팅은 좀 이해하기 힘들어요.
아이들은 새우만두 갈비만두 좋아하더군요.
포장손님 사이로 들어가서 드실 수 있어요.
만두 빗는 광경은 보너스",3
가메골손왕만두 남대문본점,"만두피가 특별히 맛있음
밖에 포장줄 김.
안쪽으로 들어와 먹으면 안기다림 ^^
남대문 가면 꼭 들러야 함",5
가메골손왕만두 남대문본점,"왕만두 4개 4500원. 가성비 좋은 것 같습니다. 이때까지 먹은 김치만두는 그냥 만두에 김치를 넣었구나 싶은 단순한 맛이었는데, 여기 김치만두는 맛있는 김치볶음요리를 만두피로 감싼 것 같습니다.",5
가메골손왕만두 남대문본점,사람들이 엄청 많았는데 맛은 특별함을 모르겠네요.,4
가메골손왕만두 남대문본점,역시 남대문에가면 가메골!!!!! 포장 빼먹지않고 합니당 ㅎㅎ,5
가메골손왕만두 남대문본점,주인이 갑,1
가메골손왕만두 남대문본점,음.. ㅋㅋㅋ 줄은길어요,2
가메골손왕만두 남대문본점,항상  너무너무 맛있게 먹었어요  ~❤  요번주도   또  친구들  하고  만두 먹으러  가려고요  항상  감사합니다  ~^^,3
가메골손왕만두 남대문본점,"남대문 방문시 늘 애용하지만 ~직원들 불친절이 항상 눈에거슬립니다
정말불친절해요. 고기만두",2
가메골손왕만두 남대문본점,매년 맛있게 먹고 있어요,5
가메골손왕만두 남대문본점,솔직히 기대 안했는데 맛있었음,5
가메골손왕만두 남대문본점,"지극히 평범. 기다리면 시간낭비, 포장하면 힘낭비.  국거리용 만두는 기계만두임.",2
가메골손왕만두 남대문본점,쓰레기 같은 응대에 분노가 쌓이네요.,1
가메골손왕만두 남대문본점,맛있어요,5
가메골손왕만두 남대문본점,회사 근처라서 갔다가 먹느라고 대화를 못 함 ㅎㅎ,5
가메골손왕만두 남대문본점,만두는 맛있습니다 칼국수는 면도 쫄깃하니 괜찮은데 국물연구가 너무 필요해보여요.. ..ㅜ와이프랑 칼국수는 반먹고 남기게 되더라구요 사장님께 도움이 되었으면하는 마음에 남깁니다.직원분들 친절해요^^,3
가메골손왕만두 남대문본점,10개9천원.. 왕만두라지만 가격에비해서 사이즈가 아쉽..직원도 불친절.. 지인주려고 2박스 사고 비닐2개 달라니 장바구니 갖고다니라는둥 다 돈이라는둥.직원둘이 계속 잔소리.... 그럼 봉투값 따루 받던가요.. 봉투로 싫은소리 들으니 기분잡침... 김치만 달래도 고기랑 섞어주는건 뭔지... 받고 꼭 확인하세요..,2
가메골손왕만두 남대문본점,인생김치만두..,5
가메골손왕만두 남대문본점,맛있어요ㅠㅠ 근데 박스가 그 전엔 만두 수증기땜에 엄청 튼튼한걸 쓰시더니 이제 매우 얇아져서 집에 포장해서 오니까 박스가 흐물흐물해졌어요! 그치만 맛있으니까 괜찮아요...,4
가메골손왕만두 남대문본점,시장에서 만든 만두치고는  양 + 맛    양호,3
가메골손왕만두 남대문본점,특별히 맛있진 않고 그냥 그래요,3
가메골손왕만두 남대문본점,"만두 존맛이에요
칼국수는 그냥 그래요",5
가메골손왕만두 남대문본점,"저도 얇은피만두 좋아하는데
이집만두는 피가 두꺼워도 맛있어요.
고기만두보다 김치만두를 훨씬 좋아하는데
김치만두 맛있고 고기만두도 맛있네요.

만두덕후인데 맛집 인정합니다",5
가메골손왕만두 남대문본점,얇은만두만 좋아하고 왕만두 안 먹는데 여기 거는 유일하게 먹어요,5
가메골손왕만두 남대문본점,고기왕만두 맛있어요!,4
가메골손왕만두 남대문본점,지나가다 고기만두 3개 사먹었는데 ... 오밤중에 갑자기 다시 생각나 리뷰남김.,5
가메골손왕만두 남대문본점,아이들이 좋아해서 가끔 포장해가요. 칼국수는 보통,4
가메골손왕만두 남대문본점,"서울역 내려서 만두먹고 ㅠㅠ
갈때 또 먹고 포장까지 해왔어요ㆍ
봉지에 담아 손잡이 상자에 담아주시네요ㆍ
만두 안먹는 8살딸램 한입 먹어보곤 
만두만 찾아요 ㅠㅠ
이집만두 택배되는지 알아봐야겠쓰요ㆍ
고기만두도 김치만두도 맛나네요",5
가메골손왕만두 남대문본점,고기만두 맛있다.,4
가메골손왕만두 남대문본점,"오 은근 맛있음
1층에선 만두만들고, 2층 3층에 자리가 있는데
좁고 붐비는 시장 만두집의 느낌도 좋고
고기만두2개 김치만두2개 섞어서 주문받아주시는 융통성도 짱임
만두피가 두꺼운데 쬔득쫀득함 
담엔 칼국수도 먹어야징",4
가메골손왕만두 남대문본점,고기만두가 특히 맛있고 찐빵도 달지않고 맛있었어요,5
가메골손왕만두 남대문본점,"고기만두, 김치만두
새우만두 

잔치국수육수+칼국수면=손칼국수 

매장식사는 미로길같은 3층구조라 좀 불안

만두맛으로만 좋음",4
가메골손왕만두 남대문본점,"간식으로 많이 사먹음
고기만두",3
가메골손왕만두 남대문본점,인생만두,5
가메골손왕만두 남대문본점,비빔국수 / 고기왕만두 / 김치왕만두,4
가메골손왕만두 남대문본점,3.5 만두,3
가메골손왕만두 남대문본점,만두가 식어도 맛났었어요.,4
가메골손왕만두 남대문본점,점심 2차로 ㅋㅋㅋ,4
가메골손왕만두 남대문본점,왕만두,3
가메골손왕만두 남대문본점,"만두 짱&hearts;
매운맛 순한맛 반반해서 테이크아웃하면
세상행복!!",5
가메골손왕만두 남대문본점,been,3
가메골손왕만두 남대문본점,"맛나지~~
옛맛집이라 줄이랑 분주함 자리 불편함은 감수해야함",4
가메골손왕만두 남대문본점,"20개포장 해왔다 ₩12,000
매운맛이 좀더 괜찮은듯
만두피가 찐빵같은게 찐빵 만두맛 같은 느낌 ㅋㅋ
간식으로 하나씩 먹기에 좋음
남대문에 간다면 먹어볼만하다",3
가메골손왕만두 남대문본점,만두가 크고 맛있다. 만두만 파는 이유가 있는 듯,4
가메골손왕만두 남대문본점,"짱 맛있어요 김치만두 먹고 만족해보긴 처음...김치가 맛있나봅니다
칼국수도 되게 맛있어서 흡입했습니다.",5
가메골손왕만두 남대문본점,"오늘 점심 맛있게 먹었습니다 
칼국수 5천원 + 고기만두 4천원에 4개
육즙이 촵촵^^
제로페이도 되고
포장줄이 길더군요
내부는 다행히 자리가 있어 12시반에 갔는데도 기다리지않고 바로 먹을수 있었어요 
담엔 찐빵 먹어보려구요~",4
가메골손왕만두 남대문본점,맛있음,4
가메골손왕만두 남대문본점,남대문시장에서 왕만두로 유명한 집이지만 오히려 멸치 베이스의 매콤구수한 칼국수가 더 훌륭하다. 속풀이에도 굿 !!!,3
가메골손왕만두 남대문본점,"아 맛있다 칼국수도 기대 안했는데 기대이상
직원들도 친절하고 만두도 맛있다",5
가메골손왕만두 남대문본점,두툼한 만두피  만두의 정석,4
가메골손왕만두 남대문본점,"맛은 최고, 서비스는 꽝 그래서 -1점~^",4
가메골손왕만두 남대문본점,한입베어물면 흐르는 즙.... 너무 맛나요,5
가메골손왕만두 남대문본점,김치왕만두 두번머겅 세번머겅 &hearts;&hearts; 개존맛탱,5
가메골손왕만두 남대문본점,피가 얇아서 제 입맛에 맞더라구요. 5개 45초컷. 쿰~척!,5
가메골손왕만두 남대문본점,김치만두 추천합니다. 칼칼한 매운맛아닌 김치+고기라 살짝 매콤한 맛,4
가메골손왕만두 남대문본점,맛있음 피가 쫄깃함,4
가메골손왕만두 남대문본점,"예전엔 정말 싸고 맛있었음

지금은 중상 정도 수준?

세상이 변하는 것처럼 맛집도 변하는 것인가..",3
가메골손왕만두 남대문본점,고기만두보다 김치만두가 더 맛있었어요,3
가메골손왕만두 남대문본점,"맛있고 가성비 짱.
위생과 시설이 살짝 아쉬움",4
가메골손왕만두 남대문본점,만두 맛있음 칼국수 맛있음,5
가메골손왕만두 남대문본점,"앙꼬가 맛있네요^~^
개인적으론 김치만두가 더 맛있었어용-!",4
가메골손왕만두 남대문본점,피가 얇고 속이 가득찬 내가 조아하는 스타일의 만두는 아닌데 8천원에 12개 충분히 잘먹었음. 담에 또 갈듯,5
가메골손왕만두 남대문본점,"여기가 최고 옆에보다도 더.. 
칼국수는 soso
김치만두 굿
갈비만두도 맛있음 새우만두도 맛은 있음
개인취향은 고기보단 김치",5
가메골손왕만두 남대문본점,김치가 맛있음,5
가메골손왕만두 남대문본점,"가야는이유 : 남대문 만두로 유명한, 명성 대비 만족
안가는이유 : 바로 먹을 포장이라면 잘 살펴보길

고기, 김치 : 크기에 비해 속이 가득찬건 아니지만 맛이 진해 먹기 딱 좋았던, 반죽도 찐빵 같지만 부드러워 잘 넘어간, 터진 만두는 서비스로 넣어주신, 포장 시 젓가락 단무지 등은 없으니 바로 먹는다면 확인",4
가메골손왕만두 남대문본점,맛있어요 가성비 짱입니다,5
가메골손왕만두 남대문본점,서비스도 좋고 김치만두 맛있어요,5
가메골손왕만두 남대문본점,그냥 평범.,3
가메골손왕만두 남대문본점,처음에 한입 먹었을때는 그냥 평범하다고 생각했는데 먹다보니 맛있어서 다 먹었네요. 만두피가 쫄깃해요.,5
가메골손왕만두 남대문본점,"김치만두 맛있어요. 
고기만두보다 김치만두 추천!",4
가메골손왕만두 남대문본점,뜨끈하고 시원하고 쫄깃한 칼국수~~@ 가격도 저렴하고 김치만두 최고~~^^*@,5
가메골손왕만두 남대문본점,"남대문 놀러간김에 가봄
3층서 먹음. 종업원 1명이 서빙하는거같은데 체계없음. 사람따라 반존대. 주문순서 본인 기억에 의존. 뒤에 온사람 먼저 줌. 주문한 만두 안나와 물어보니 그제야 품절되었네요 하고 끝. 만두는 먹을만했고 칼국수는 어디서나 느껴질 평범한맛.",3
가메골손왕만두 남대문본점,여기 만두 참 맛있어요.,5
가메골손왕만두 남대문본점,평범한 만두집입니다. 명성에 너무 취해서 맛보면 실망할수도~~ 그래도 가성비는 내립니다,3
가메골손왕만두 남대문본점,워낙 유명한 집이라 가기 전부터 엄청 기대했음 개운한 한국식 김치만두 생각하고 기대하며 먹었는데 대 실망. 기름 줄줄 흐르면서 손에 다 묻고 포장상태도 처참&hellip;. 먹고 나서 종일 생목 올라오고 진짜 만두 먹고 이렇게 실망해본일이 있었나 되돌아 생각해봄&hellip; 일하시는 분들 위생상태며 태도 역시 별로..,1
가메골손왕만두 남대문본점,"만두가 피가 두껍지않아서 맛있다
먹고 포장해감
칼국수는 아쉬웠네요",5
가메골손왕만두 남대문본점,정말 불쾌한 가게입니다. 주인같아보이는 할머니 완전 양아치 그자체..식사 후 나오면서 메뉴판을 쳐다보니까 뭘 돈(가격)을 다시 쳐다보냐고!!!우리가 속이고 돈 더 받았을거같냐고!!!!니가 지금 낸 돈이 맞다!!!!뭘쳐다봐!!!!! 이런 행태를 보이셔서 너무 식겁함 정말 쳐맞는줄알았고 오히려 저렇게 말하니까 손님들에게 가격 슬쩍 올려받는게 아닐까 찔려서 저러는거같다는 확신이 듦 음식질도 떨어지고 맛도 바닥수준입니다.,1
가메골손왕만두 남대문본점,맛있는데 제발 순서대로 포장해줬으면..추운데 계속 기다리잖아요;,3
가메골손왕만두 남대문본점,꽉찬 속과 전분기 살작 있어 쫄깃하며 얇은 피가 예술인집.포장해서 다 식어도 맛있을 맛이다.,4
가메골손왕만두 남대문본점,"남대문 만두집

줄은 길지만 구매자가 많기때문에 항상 갓 나온 만두를 먹을 수 있습니다.

만두피는 어느정도 두꺼우면서도 딱 적당한 사이즈이며 만두속도 가득 들어있어서 맛있습니다.",4
가메골손왕만두 남대문본점,"작지만 강한 가게. 남대문시장의 만두 최강자.
만두에서 조미료맛이 강하게 나지만 아주 맛있게 난다. 워낙 많이 팔려나가기 때문에 항상 갓 만든 맛이 나는 것도 장점.  
칼국수는 구태여 안먹어도 되는 수준.",4
가메골손왕만두 남대문본점,맛나요🤤,5
가메골손왕만두 남대문본점,고기만두가 더 맛있었고. 김치만두는 생각보다 덜 매콤해요. 피도 쫄깃하고 맛도 조미료맛이 덜나고 가격도착하네요,3
가메골손왕만두 남대문본점,100개나 산다고? 의아하겠지만 먹으면 이해되는 맛,4
가메골손왕만두 남대문본점,김치만두 맛나욤!! 매콤하면서 찐빵같은 식감 아주 좋아요. 남대문 시장가면 꼭 들리는 필수 맛집,5
가메골손왕만두 남대문본점,맛집엔 이유가 있다. 가성비 무엇?,5
가메골손왕만두 남대문본점,"밖에 줄 엄청 서있는데 안에도 자리 있다.
만두 섞어 + 칼국수 딱 시장에서 기대할만한 그런 맛집
가격이 정말 착함",4
가메골손왕만두 남대문본점,"왕만두 맛집!
피가 쫄깃하고 자칫 두꺼운피가 부대낄 수 있는데 쫀득 폭신하게 맛있음! 피가 오히려 맛을 살려줌
칼국수랑 떡만두국는 쏘쏘~",4
가메골손왕만두 남대문본점,맛있습니다 특히 김치만두,4
가메골손왕만두 남대문본점,"만두피가 진짜 ... 예술이고요 

만두속 잘못먹으면 
트름 너무 심한데
이집은 소화가 잘되서 좋아요 

매장내에서 간단한 식사가능!",5
가메골손왕만두 남대문본점,여기 마약을 넣었을지도 몰라요. 다들 조심하셔야돼요. 계속 찾아오게되었어요.,5
가메골손왕만두 남대문본점,맛있음.,4
가메골손왕만두 남대문본점,맛 괜찮음 맵기만 한 만두집들보다 나음,4
가메골손왕만두 남대문본점,웨이팅 기본,4
가메골손왕만두 남대문본점,"가성비 맛집.  매장은 밖에 줄말고 안으로 쭉들어가며 안에서 먹을수있음..
왕만두4개 4500 칼국수 7000 원이니 엄청 가성비..
너무맛있어! 이것보단 가격대비 맛있어요..
칼국수도 맛있고  만두도 괜찮고 .. 여기가기위해  가야겠다 정도는 아니고 온김에 한번 먹거나 포장 추천...",4
가메골손왕만두 남대문본점,만두는 여기서만 삽니다... 맛있어요,5
가메골손왕만두 남대문본점,"앞사람들 포장해줄때 망가지고 터져서 따로 빼놓은 만두 모아놓은거 포장해줌
망가진만두를 팔꺼면 골고루 한두개씩 넣어주거나 팔지를말던가 그냥 한사람한테 짬처리함
포장해주는 아줌마 마인드 고치길",1
가메골손왕만두 남대문본점,만두 맛있어요,4
가메골손왕만두 남대문본점,"꽤 자주 먹어왔는데, 만두는 모르겠고 찐빵에 아랫부분에 먼지와 털이 굉장히 많이 묻어 있습니다 다시 한번 말하지만 꽤 오랫동안 자주 먹어와서 더욱 더 마음이 그렇네요
분명. 개선되기를 바래봅니다.
저는 방문시에도 말씀드릴 예정입니다.
-단골-",2
가메골손왕만두 남대문본점,영업종료시점에 가서 못샀어욤,4
가메골손왕만두 남대문본점,"1인1식 ₩5,000 4개 (반반 가능), 고기 만두가 맛있네요. 칼국수 ₩7,000 양도적고 굳이 돈주고 사먹기는 좀 돈이 아까운 메뉴.",3
가메골손왕만두 남대문본점,김치만두 안좋아하는데 여긴 진짜 김치만두 무조건 먹어야됨,5
가메골손왕만두 남대문본점,김치만두,5
가메골손왕만두 남대문본점,사람 많긴 한데 만두는 너무 맛있습니다. 찐빵피랄까... 쫀득합니다. 직원분들도 바쁘고 정신없는 와중에 친절하세요.,5
가메골손왕만두 남대문본점,토요일 아침에 가니까 5분이내로 샀어요 넘 넘 맛있네용 ㅎ 온누리도 되고 서울페이도 됨!,5
가메골손왕만두 남대문본점,"가게 앞에 대기하는 사람이 너무 많아서 영업 시작부터 종료까지 가게 앞 시장길을 통과할 수가 없음
기다라는 사람들이 개념 없어서 절대로 안 비키고 끝까지 버티고 서 있음",1
가메골손왕만두 남대문본점,"첨 먹고 평범한데 싶지만 다른 천원짜리 만두집 먹고 오면 왜 인기인지 알수 있음. 가성비가 좋고 만두 한개 두개만도 팔아서 좋음. 찐빵이랑 한개씩
사서 그 자리에서 먹으면 피가 쫄깃쫄깃함.",4
가메골손왕만두 남대문본점,아주머니 소리지르고 불친절하시지만 맛은 있어서 가끔 근처 오면 사먹어요~,4
가메골손왕만두 남대문본점,"예전에  100개씩 사다 먹었죠 ..
그런데 ? 가격도 올라가고 ?  크기 는 현저히 작아지고 ?
처음에는 정말 2개이상 못먹었습니다  왕만두 맞습니다 .
그런데 ? 누가 지금  왕만두 라고 합니까 ?  이렇게 작은 왕만두 ?
그리고  이제는 ?  김치만두 에서  고수향 이 어마어마 하게 올라오네요?
레시피 바뀌었나요 ?  저는 다시는 안갑니다",2
가메골손왕만두 남대문본점,쟁여놓고 먹고싶은맛,5
가메골손왕만두 남대문본점,"줄 서서 사오는 집
옆에 안경원 피해서 줄을 서 주세요~~",5
가메골손왕만두 남대문본점,엄청 평범해요 그냥 동네에 있는 왕만두 가게랑 맛 똑같아요,3
가메골손왕만두 남대문본점,"만두 무난하게 맛있음.
근데 직원분이 불친절합니다.
사람 많고 정신 없는건 알겠는데요.
포장 다 됐다고 이거가져가라고 얘기하면서 주시던지,
포장하는 순으로 띡 선반에 늘어놓는데 잘못 가져가면 뭔 도둑 취급받음ㅋ 내앞에 어르신도 잘못가져가서
혼나고 저도 혼남",3
가메골손왕만두 남대문본점,"온다온다하다가 이제야 왔는데
너무 맛있네요!",5
가메골손왕만두 남대문본점,"찐빵식 만두 중에서 정말 맛있게 먹은 곳!
김치 만두는 매콤했고 고기 만두 속도 무난히 맛있었다.
다른 만두집과의 차이점은 유난히 부들부들하고 촉촉한 너무 두껍지 않은 만두피다!
매장에서 식사하니 기다리지 않아도 되어서 좋았다~",4
가메골손왕만두 남대문본점,맛은 기가 막히지만 위생이나 섬세함이 부족함.. 만두가 대놓고 터지게 막 담지만 않으면 좋겠음,4
가메골손왕만두 남대문본점,만두와 찐빵이 맛있어요. 아래쪽 노점 호떡과 남대문 시장 쌍두마차 맛집.,4
가메골손왕만두 남대문본점,왕만두 두꺼운거 밀가루맛나서 싫어하는데 여긴 냄새도안나고 맛있네요 칼국수는 걍 그럼 만두 4개 4500원 짱맛,5
가메골손왕만두 남대문본점,"만두 와 너무 맛있어요
회사근처라 자주올게요

칼국수가 다소 양이 아쉬워서
별1개 뺐어요",4
가메골손왕만두 남대문본점,"맛은 평타이상 이지만  서비스는 빵점.
오는 손님이 있으니 자기들이 있는걸 잊은가게
포장해주는 가게주인이 갑인곳
처음가는 사람들이 많을텐데 노룩으로 포장하며 빨리 대답안한다고 짜증,면박 주는가게 이건 아니지 싶네요",3
가메골손왕만두 남대문본점,매장앞에 끝없는 줄에 이끌려 먹어봤어요 만두피가 엄청 쫄깃하고 촉촉해요 약간 단맛이 두드러지는데 특히 김치만두가 더 달짝찌근해요 전 고기만두가 더 맛있네요 추천!,5
가메골손왕만두 남대문본점,"정말 맛있었어요
여기만의 식감과 맛도 특색있었습니다",5
가메골손왕만두 남대문본점,"만두 잘 안 먹는데 누가 이집 만두 사오면 침이 질질 흐름.

요즘은 피가 얇은 만두가 유행이지만 가끔은 이런 두꺼운 만두도 맛있죠.",5
가메골손왕만두 남대문본점,"[포장팁]거리가멀거나 바로먹을거 아니면 식은거(초벌만익힌것)포장도 가능하고 식은건 줄안기다려도됨. 줄서는건 갓 익힌만두대기줄임.
포장시 간장넣어줬는지 체크할것
개당 1000원이지만 10개구매시 2개정도 서비스주는듯.",5
가메골손왕만두 남대문본점,진짜....엄마 따라겄다가 만듀 맛집 칼국수도 남 맛있고 ㅜㅠㅜ20개 바로 포장 주문 했어요ㅜㅠ,5
가메골손왕만두 남대문본점,"만두 굿굿 칼국수는 무난
좌식 테이블 + 신발 벗어야 함...마이너스",3
가메골손왕만두 남대문본점,지나가다가 궁금해서 먹어본 만두.. 원래 고기만 먹는데 혹시나해서 김치도 섞어서 5개에 찐빵도 두개만 사서 집에 와서 머것는디 너무 존맛임 만두피도 만두속도 내서타일 담에는 박스로 살게유 시장안에 잇규 줄관리는 잘 안되는거 같지맘 모 노포감성으로 사먹으면 맛잇다 원래 만두는 서민음식이니께,5
가메골손왕만두 남대문본점,만안두~ 만두만두~ 마안두~🤌,5
가메골손왕만두 남대문본점,남대문시장에 왔다면 이곳은 무조건 들러야 한다고 해도 과언이 아닌 만두집입니다.,4
가메골손왕만두 남대문본점,"맛있다.. 진짜 ㅠ 얇은 피는
아닌데 속이 환상적
김치는 살짝 매운 끼 있음 🥹",5
가메골손왕만두 남대문본점,"웨이팅은 항상 있지만 맛있음
옛날 만두 딱 그 느낌",4
가메골손왕만두 남대문본점,맛있어서 자주 갑니다,5
가메골손왕만두 남대문본점,가격도 좋고 친절하시긴 한데 줄서서 살맛인지는 모르겠습니다.,4
가메골손왕만두 남대문본점,"가성비 좋음. 찐빵같은 만두 싫어하는데도 맛있는데
별점 하나 깎은건 만두가 매장가격/포장가격 다름 ㅡ.ㅡ
이해는 하지만 조금 기분상함
그래도 만두 포장해와서 맛있게 먹고 자꾸 생각난다.
조만간 또 갈듯",4
가메골손왕만두 남대문본점,고기만두 먼저 먹고 김치만두 먹어야 제맛을 알수 있음,4
가메골손왕만두 남대문본점,고기만두.김치만두 쵝오~,5
가메골손왕만두 남대문본점,맛있다. 두꺼운피 싫은데도 맛있어서 두개순삭,5
가메골손왕만두 남대문본점,만두 맛있고 칼국수는 더 맛있어요.,5
가메골손왕만두 남대문본점,"맛과 가성비 둘다 잡음
만두만 먹고갈 수도 있어서
둘이 칼국수+만두 시켜서 싸게 먹고 나옴
이러니 양도 적당함",5
가메골손왕만두 남대문본점,"고기, 김치만두 모두 맛은 있으나, 포장 주문 대개는 줄이 길어서 한참 기다려야 하고, 2층에서 먹고 가는 것과 포장 가격이 다름.

매장 만두 4개 4500원. 찐빵 1500원.
포장 만두 5개 5000원, 10개 10000원.

단, 매장 식사시 포장은 나갈 때 1층에서  바로 된다고 함.",4
가메골손왕만두 남대문본점,"무조건 먹어라!!인정
4점인 이유는 오? 이정도...
5점은 와씨!!!이게 나와야함",4
가메골손왕만두 남대문본점,맛있어요. 추천해요!,5
가메골손왕만두 남대문본점,"얇은 만두피를 선호하는 편이지만
이집 만두피는 적당히 볼륨감이 있으면서도 포실포실한 식감이 상당히 매력적. 이느낌은 매장취식을 해야 정확히 알 수 있음. 만두맛집!",5
가메골손왕만두 남대문본점,"만두와 칼국수가 왜 이렇게 맛있지?
2층으로 올라가면 협소하지만 식사가 가능한데 이제는 사람에 너무 많아짐.",5
가메골손왕만두 남대문본점,"진짜맛잇엇어요 ㅜ 특히 고기만두 짱..
이가격으로 이런걸 맛잇는 만두와 칼국수를 먹을수잇어서 너무 감사햇어요~!

칼국수 보통이라는 분들 계시던데 경상도인 입맛에는 딱이엇슺니다",4
가메골손왕만두 남대문본점,"쫄깃한 만두피가 매력적 입니다
항상 만두는 반반 시키고 
칼국수랑 같이 먹는 집이에요 ^^",5
가메골손왕만두 남대문본점,기대안했는데 식어도 맛있어요ㅠㅠㅠ 계속 손이가요,4
강남면옥 정동점,"냉면은 보통.
갈비탕은 맛있음!
갈비찜은 꽤 단 편.
만두는 별로...",4
강남면옥 정동점,"먹을거면 갈비탕 먹으세요
동생꺼 회냉면 뺏어먹었는디 그닥..
갈비탕은 맛남",3
강남면옥 정동점,"비싸고 불친절하고 양도적음
면수 나와서 별 하나 더줌",2
강남면옥 정동점,"막 친절하시지 않은 건 맞아요
근데 저는 애매한 냉면집 가느니 여기 갈 것 같아요",4
강남면옥 정동점,회냉면 맛이 아무맛도 안남 ㅜㅜ,1
강남면옥 정동점,"몇년전부터 자주 갔어요.
육수가 엄청 맛있고 물냉 비냉 갈비탕 만두 다 맛있어요.
갈비찜도 가끔 먹는데 가성비 짱입니다.
단골되니 무지 친절하고 좋아요.
간혹 불은 냉면 줄 때가 있는데 항의하고 다시 달라면 돼요.",5
강남면옥 정동점,"큰길 옆에 있고, 5호선 서대문역 5번 출구에서 350미터, 걸어서 약 5분정도 거리라 접근성은 좋습니다. 내부가 넓고 깔끔하고 음식도 맛있습니다. 외국인들이 많이 찾는 곳이네요",3
강남면옥 정동점,"갈비탕 12,000원. 물냉면, 비빔냉면 9,500원.
식당은 커서 좌식과 입식자리가 모두있고 위치가 좋아 사람은 많은데 가격대비 아쉬움이 많았다.
갈비탕은 깊은맛도 없이 가벼웠고 냉면은 별다른 특징이 없는 맛이었다.",1
강남면옥 정동점,"비싸고 불친절하고 양도적음
면수 나와서 별 하나 더줌",2
강남면옥 정동점,갈비탕 그냥그냥 먹을만,3
강남면옥 정동점,"갈비탕 12,000원. 물냉면, 비빔냉면 9,500원.
식당은 커서 좌식과 입식자리가 모두있고 위치가 좋아 사람은 많은데 가격대비 아쉬움이 많았다.
갈비탕은 깊은맛도 없이 가벼웠고 냉면은 별다른 특징이 없는 맛이었다.",1
강남면옥 정동점,"큰길 옆에 있고, 5호선 서대문역 5번 출구에서 350미터, 걸어서 약 5분정도 거리라 접근성은 좋습니다. 내부가 넓고 깔끔하고 음식도 맛있습니다. 외국인들이 많이 찾는 곳이네요",3
강남면옥 정동점,"몇년전부터 자주 갔어요.
육수가 엄청 맛있고 물냉 비냉 갈비탕 만두 다 맛있어요.
갈비찜도 가끔 먹는데 가성비 짱입니다.
단골되니 무지 친절하고 좋아요.
간혹 불은 냉면 줄 때가 있는데 항의하고 다시 달라면 돼요.",5
강남면옥 정동점,회냉면 맛이 아무맛도 안남 ㅜㅜ,1
강남면옥 정동점,"먹을거면 갈비탕 먹으세요
동생꺼 회냉면 뺏어먹었는디 그닥..
갈비탕은 맛남",3
강남면옥 정동점,갈비탕도 맛있고 아주머니랑 직원분들도 친절하셨어요 잘먹었습니다!,5
강남면옥 정동점,"냉면은 보통.
갈비탕은 맛있음!
갈비찜은 꽤 단 편.
만두는 별로...",4
강남면옥 정동점,갈비탕 그냥그냥 먹을만,3
강남면옥 정동점,"손님에게 반말하는 직원 분들
혼자 오면 주문도 잘 안받아주시고
회냉을 주문했는데 냉수를 탄 듯 밍밍하고
참기름 맛만 나는 양념장",1
강남면옥 정동점,맛은 있는데 너무 비싸요,3
강남면옥 정동점,"물냉면이 심심하니 좋았습니다
점심시간에 직장인들이 많이 방문해서 줄이 긴 편입니다",4
강남면옥 정동점,"막 친절하시지 않은 건 맞아요
근데 저는 애매한 냉면집 가느니 여기 갈 것 같아요",4
강남면옥 정동점,"회,비빔 섞어냉면 13,000원

1인 테이블 있어서 좋아요",5
강남면옥 정동점,"우선 냉면이 맛있어요
그냥 검색해서 후기보고 찾아갔는데
전체적으로 만족합니다
부모님 모시고 갔는데 부모님께서도 만족하셨습니다
그리고 매장도 깔끔하고 넓고 쾌적함
직원아주머니께서도 너무너무 친절하세요!!",5
강남면옥 정동점,"만두는 무난하고 물냉보단 비냉이 더 맛있었어요.
재방문은 글쎄요..",3
강남면옥 정동점,"장점
1. 맛
짜지도 않고 싱겁지도 않고 간이 잘 되어있음.
대존맛임. 물냉도 맛있고 만두도 맛있음.
다음엔 갈비탕 먹어야징
2. 개인수저통
수저통이 각 자리에 있어서 간편함.
3. 서비스
직원분이 친절하심.
4. 메뉴
반개짜리 메뉴(만두3개)도 있고
특대, 사리추가도 있어서 자기 앙에 맞게 조절해서 주문할 수 있음.
5. 냉방시스템
시원 그 자체. 냉면을 더 시원하게 먹을 수 있음.
사장님 1도 정도는 올려도 괜찮을 거 같아요ㅋㅋ

단점
1. 호출벨
호출벨이 없어서 아쉽지만 손 들거나 부르면 바로 오심.",5
강남면옥 정동점,100점,5
강남면옥 정동점,"맛에 의심의 여지가 없습니다. 
매우 잘 먹었습니다.",5
강남면옥 정동점,맛있고 친절함,5
강남면옥 정동점,"회냉면 면이 얇습니다~ 너무 얇아서 떡이되요ㅠㅠ
물냉면도 쏘쏘~ 
만두국은 푸짐하나 껍데기가 너무 두꺼워 배불러요.
만두국 만두 안터지는 법을 알려드리고 싶네요~",3
강남면옥 정동점,"진짜 다신 방문하고 싶지 않은곳이에요
서비스 엉망~  따뜻한 물 좀 달라고 했더니 원래 안준다고 ㅡㅡ;;  그럼 내가 갖다먹겠다니 육수마시라고  어이가없어서~",1
강남면옥 정동점,불친절. 매우매우 불친절하고 직원 싸가지 없음. 배달 시켰더니 물냉면 위에 봉지가 다 터져서 냉면 육수가 포장봉지에 다 흘러내린 상태로 오고 전화하니까 죄송하단 말 한마디 없이 따박따박 자기네들 잘못 아니니까 배달 업체에 전화해서 따지라함 ^^ 배짱 장사 오지네요~~ 그냥 홀장사만 하든가 직원 교육을 제대로 시키세요 좀 ^^ 기분 더러워서 원,1
강남면옥 정동점,"맛은 있지만 가성비를 생각하면 베스트는 아님
서비스로 나오는 육수가 맛있고 갈비탕 고기도 부드럽고 맛있음
냉면도 맛 괜찮지만 물가를 감안해도 비싼 가격이 아닌지",3
강남면옥 정동점,"호주산 뉴질랜드산 갈비넣고 15000인것도 조금 이해안되지만

공기밥 1500원은 좀...",1
강남면옥 정동점,갈비탕 맛 있어요,5
강남면옥 정동점,물냉면. 나쁘지 않음 무난,4
강남면옥 정동점,비빔냉면 맛있어요,5
강남면옥 정동점,얇은 면빨을 쓴다. 국물이 진하다는 평이 있던데 본인이 먹었을땐 생각보다 너무 밍밍해서 놀랐다.,3
강남면옥 정동점,"냉면집입니다.
여느집 냉면보다 국믈이 좀 더 진한 맛입니다.
면은 아주 가는 면을 씁니다. 평소 냉면을 많이 먹는 편은 아닌데 제법 맛있습니다.
물냉면을 드시다가 양념장을 넣어 먹으면 또 다른 맛을 느낄 수 있습니다.
만두도 꽤 괜찮습니다. 서울 시내 한복판이라 가격은 좀 비쌉니다. 면수도 한 주전자를 주는데 이것도 좋습니다. 주차는 대여섯대 정도 할 수 있는 공간이 있습니다. 괜찮습니다",4
강남면옥 정동점,맛이 그냥 그럼,3
강남면옥 정동점,갈비탕도 맛있고 아주머니랑 직원분들도 친절하셨어요 잘먹었습니다!,5
강남면옥 정동점,"갈비가 너무 짜요. 밥이랑 안먹으면 못먹을것정도요
냉면도 시키고 갈비때문에 공깃밥도 시켰어요. 그냥 짠게 아니라 밥이 아니면 못먹을정도로 짜요. 

제 생각에는 점심 장사 마무리무렵이라 졸이고 졸려져서(2시방문) 그런것같아요ㅠ

신경써주세요.",3
강남면옥 정동점,"회냉면 면이 얇습니다~ 너무 얇아서 떡이되요ㅠㅠ
물냉면도 쏘쏘~ 
만두국은 푸짐하나 껍데기가 너무 두꺼워 배불러요.
만두국 만두 안터지는 법을 알려드리고 싶네요~",3
강남면옥 정동점,맛과 양은 ok   서비스는 약간미흡..서투름,4
강남면옥 정동점,"아니 다먹고 나간 옆테이블의 컵을 저한테 서빙하는건 뭐죠....?
 거기다가 고춧가루가 들어가지 않는 물냉면에 딱 하나 둥둥 떠다니던 고춧가루는 출처가 뭔지... 
 한달에 2ㅡ3번은 방문하던 곳인데, 오늘 정뚝떨해서 리뷰쓰고 접습니다...",1
강남면옥 정동점,"갈비탕 맛집이라 자주가는데 
저번 방문에 홀서빙 이모님들끼리 언성 높이시면서 일하는거보니 직원관리가 제대로 안되는듯...",4
강남면옥 정동점,"불친절.. 계산할때 카드만 받고 계산하고 끝.
단체손님 있을때였는데 바빠지니 혼잣말로 욕함.
오히려 계산하는 내가 감사합니다 했는데 대꾸도 안하고 자리떠버림. 계산하고 나오는데 괜히 열받음.^",1
강남면옥 정동점,여기 회냉 기가막힘.  함냥 탑티어중 한군데,5
강남면옥 정동점,맛있습니다. 지점차이가 있는데 상위급 맛 지점 인 것 같아요,4
강남면옥 정동점,불친절하다는 의견이 많은데 생각보다 친절함 근데 회냉 맛은 딱히...?,3
강남면옥 정동점,"어 갈비찜은 소자시켰는데 엄청나다.
달콤짭짜름 누구나 좋아할맛 의외로 갈비양이 엄청많다",4
강남면옥 정동점,"맛은 둘째치고 홀써빙하는 분들이,나이 많은 분이나 아가씨나 너무 불친절. 주인이 프론트에 항상 계셔야할듯.",1
강남면옥 정동점,"맵고 짜고 달아서 다남겼어요!
또한 와인색으로 머리 염색한 단발 직원분은 손님한테 반말하고 손가락질하십니다 :) 같이 간 4명의 동행 모두 절레절레한 집..",1
강남면옥 정동점,물냉에 수육 시켜 먹었는데 넘 맛있다.. 야들야들하니 후루룩 목 넘김이 참 좋다. 비냉은 안 먹어봤지만.. 맛있다고 함ㅋㅋ,5
강남면옥 정동점,와 오랜만에 제대로 된 함흥냉면 먹어서 기분이 좋네요,5
강남면옥 정동점,"회냉면 미쳤다 (positive)
다시가면 갈비찜도 먹을래요!!",5
강남면옥 정동점,갈비탕 맛은있는대 비싸요,4
강남면옥 정동점,회냉면 이 정도면 잘하는 편입니다!,4
강남면옥 정동점,"여기 갈비탕만 무수히 먹어봤음. 가장 기본에 충실하고, 고기 많고, 맛도리!",5
강남면옥 정동점,"냉면 맛있네요
근데 너무 시끄럽고 돗데기",3
강남면옥 정동점,"한끼 든든하게 챙겨드세요.
점심시간 주변 직장인들 많이 오시네요~
함흥냉면 전문인데 갈비탕도 맛있습니다.",4
강남면옥 정동점,함흥냉면 되게 맛있다.,5
강남면옥 정동점,"손님에게 반말하는 직원 분들
혼자 오면 주문도 잘 안받아주시고
회냉을 주문했는데 냉수를 탄 듯 밍밍하고
참기름 맛만 나는 양념장",1
강남면옥 정동점,물냉에 수육 시켜 먹었는데 넘 맛있다.. 야들야들하니 후루룩 목 넘김이 참 좋다. 비냉은 안 먹어봤지만.. 맛있다고 함ㅋㅋ,5
강남면옥 정동점,"우선 냉면이 맛있어요
그냥 검색해서 후기보고 찾아갔는데
전체적으로 만족합니다
부모님 모시고 갔는데 부모님께서도 만족하셨습니다
그리고 매장도 깔끔하고 넓고 쾌적함
직원아주머니께서도 너무너무 친절하세요!!",5
강남면옥 정동점,"물냉면이 심심하니 좋았습니다
점심시간에 직장인들이 많이 방문해서 줄이 긴 편입니다",4
강남면옥 정동점,"냉면집입니다.
여느집 냉면보다 국믈이 좀 더 진한 맛입니다.
면은 아주 가는 면을 씁니다. 평소 냉면을 많이 먹는 편은 아닌데 제법 맛있습니다.
물냉면을 드시다가 양념장을 넣어 먹으면 또 다른 맛을 느낄 수 있습니다.
만두도 꽤 괜찮습니다. 서울 시내 한복판이라 가격은 좀 비쌉니다. 면수도 한 주전자를 주는데 이것도 좋습니다. 주차는 대여섯대 정도 할 수 있는 공간이 있습니다. 괜찮습니다",4
강남면옥 정동점,얇은 면빨을 쓴다. 국물이 진하다는 평이 있던데 본인이 먹었을땐 생각보다 너무 밍밍해서 놀랐다.,3
강남면옥 정동점,비빔냉면 맛있어요,5
강남면옥 정동점,물냉면. 나쁘지 않음 무난,4
강남면옥 정동점,갈비탕 맛 있어요,5
강남면옥 정동점,"호주산 뉴질랜드산 갈비넣고 15000인것도 조금 이해안되지만

공기밥 1500원은 좀...",1
강남면옥 정동점,"맛은 있지만 가성비를 생각하면 베스트는 아님
서비스로 나오는 육수가 맛있고 갈비탕 고기도 부드럽고 맛있음
냉면도 맛 괜찮지만 물가를 감안해도 비싼 가격이 아닌지",3
강남면옥 정동점,"회,비빔 섞어냉면 13,000원

1인 테이블 있어서 좋아요",5
강남면옥 정동점,불친절. 매우매우 불친절하고 직원 싸가지 없음. 배달 시켰더니 물냉면 위에 봉지가 다 터져서 냉면 육수가 포장봉지에 다 흘러내린 상태로 오고 전화하니까 죄송하단 말 한마디 없이 따박따박 자기네들 잘못 아니니까 배달 업체에 전화해서 따지라함 ^^ 배짱 장사 오지네요~~ 그냥 홀장사만 하든가 직원 교육을 제대로 시키세요 좀 ^^ 기분 더러워서 원,1
강남면옥 정동점,"진짜 다신 방문하고 싶지 않은곳이에요
서비스 엉망~  따뜻한 물 좀 달라고 했더니 원래 안준다고 ㅡㅡ;;  그럼 내가 갖다먹겠다니 육수마시라고  어이가없어서~",1
강남면옥 정동점,맛있고 친절함,5
강남면옥 정동점,갈비찜도 맛있구 지난번에 혼자 냉면먹으러왔을때도 맛있게 먹고 갔어요~,5
강남면옥 정동점,"맛에 의심의 여지가 없습니다. 
매우 잘 먹었습니다.",5
강남면옥 정동점,100점,5
강남면옥 정동점,"장점
1. 맛
짜지도 않고 싱겁지도 않고 간이 잘 되어있음.
대존맛임. 물냉도 맛있고 만두도 맛있음.
다음엔 갈비탕 먹어야징
2. 개인수저통
수저통이 각 자리에 있어서 간편함.
3. 서비스
직원분이 친절하심.
4. 메뉴
반개짜리 메뉴(만두3개)도 있고
특대, 사리추가도 있어서 자기 앙에 맞게 조절해서 주문할 수 있음.
5. 냉방시스템
시원 그 자체. 냉면을 더 시원하게 먹을 수 있음.
사장님 1도 정도는 올려도 괜찮을 거 같아요ㅋㅋ

단점
1. 호출벨
호출벨이 없어서 아쉽지만 손 들거나 부르면 바로 오심.",5
강남면옥 정동점,맛은 있는데 너무 비싸요,3
강남면옥 정동점,"만두는 무난하고 물냉보단 비냉이 더 맛있었어요.
재방문은 글쎄요..",3
강남면옥 정동점,맛이 그냥 그럼,3
강남면옥 정동점,"맛은 둘째치고 홀써빙하는 분들이,나이 많은 분이나 아가씨나 너무 불친절. 주인이 프론트에 항상 계셔야할듯.",1
강남면옥 정동점,갈비찜도 맛있구 지난번에 혼자 냉면먹으러왔을때도 맛있게 먹고 갔어요~,5
강남면옥 정동점,회냉면 이 정도면 잘하는 편입니다!,4
강남면옥 정동점,"한끼 든든하게 챙겨드세요.
점심시간 주변 직장인들 많이 오시네요~
함흥냉면 전문인데 갈비탕도 맛있습니다.",4
강남면옥 정동점,"냉면 맛있네요
근데 너무 시끄럽고 돗데기",3
강남면옥 정동점,"여기 갈비탕만 무수히 먹어봤음. 가장 기본에 충실하고, 고기 많고, 맛도리!",5
강남면옥 정동점,갈비탕 맛은있는대 비싸요,4
강남면옥 정동점,"회냉면 미쳤다 (positive)
다시가면 갈비찜도 먹을래요!!",5
강남면옥 정동점,와 오랜만에 제대로 된 함흥냉면 먹어서 기분이 좋네요,5
강남면옥 정동점,"갈비가 너무 짜요. 밥이랑 안먹으면 못먹을것정도요
냉면도 시키고 갈비때문에 공깃밥도 시켰어요. 그냥 짠게 아니라 밥이 아니면 못먹을정도로 짜요. 

제 생각에는 점심 장사 마무리무렵이라 졸이고 졸려져서(2시방문) 그런것같아요ㅠ

신경써주세요.",3
강남면옥 정동점,함흥냉면 되게 맛있다.,5
강남면옥 정동점,"어 갈비찜은 소자시켰는데 엄청나다.
달콤짭짜름 누구나 좋아할맛 의외로 갈비양이 엄청많다",4
강남면옥 정동점,불친절하다는 의견이 많은데 생각보다 친절함 근데 회냉 맛은 딱히...?,3
강남면옥 정동점,맛있습니다. 지점차이가 있는데 상위급 맛 지점 인 것 같아요,4
강남면옥 정동점,여기 회냉 기가막힘.  함냥 탑티어중 한군데,5
강남면옥 정동점,"불친절.. 계산할때 카드만 받고 계산하고 끝.
단체손님 있을때였는데 바빠지니 혼잣말로 욕함.
오히려 계산하는 내가 감사합니다 했는데 대꾸도 안하고 자리떠버림. 계산하고 나오는데 괜히 열받음.^",1
강남면옥 정동점,"갈비탕 맛집이라 자주가는데 
저번 방문에 홀서빙 이모님들끼리 언성 높이시면서 일하는거보니 직원관리가 제대로 안되는듯...",4
강남면옥 정동점,"아니 다먹고 나간 옆테이블의 컵을 저한테 서빙하는건 뭐죠....?
 거기다가 고춧가루가 들어가지 않는 물냉면에 딱 하나 둥둥 떠다니던 고춧가루는 출처가 뭔지... 
 한달에 2ㅡ3번은 방문하던 곳인데, 오늘 정뚝떨해서 리뷰쓰고 접습니다...",1
강남면옥 정동점,"맵고 짜고 달아서 다남겼어요!
또한 와인색으로 머리 염색한 단발 직원분은 손님한테 반말하고 손가락질하십니다 :) 같이 간 4명의 동행 모두 절레절레한 집..",1
강남면옥 정동점,맛과 양은 ok   서비스는 약간미흡..서투름,4
고려삼계탕 시청본점,근방 삼계탕집중 젤 맛있어요,5
고려삼계탕 시청본점,"미셰린한테 속았습니다
깍두기재활용에 중국산김치
안가면 되지만 이거 완전 엉터리잖아~~",1
고려삼계탕 시청본점,"가격은 조슴 비싼 듯 하지만, 요즘 물가가 안오른곳이 없는 걸 생각해보면, 납득할 만한 가격입니다.  기본 삼계탕 먹어봤는데, 맛도 진한게 미슐랭에 인정 받을 만 하네뇨.",5
고려삼계탕 시청본점,서울역앞 3반출구 23년 8월 18일,5
고려삼계탕 시청본점,(2023.09.09 방문) 보양식으로 먹기에 딱인 산삼삼계탕. 그 어떤 삼계탕집보다 맛남. 한그릇 뚝딱하면 기운이 넘침.,5
고려삼계탕 시청본점,맛은 있음 근데 비쌈,4
고려삼계탕 시청본점,삼계탕 한그릇 19000 너나 드세요,1
고려삼계탕 시청본점,"장점: 빨리 나오고, 쫀득함
단점: 간이 좀 짜고 비쌈, 명성에 비해선 무난한 맛",3
고려삼계탕 시청본점,"흠잡을 것 없는, 맛있는 삼계탕.",3
고려삼계탕 시청본점,"내돈주고는 못감
외국인 상대로 하는 곳인지 가격이 비싸도 너무 비싸고
회사 근처라서 종종 방문하지,, 찾아갈 곳은 ㄴㄴ",3
고려삼계탕 시청본점,"삼계탕의 정석
하지만 가격을 너무 올리셨네요",4
고려삼계탕 시청본점,아니 뭔 가격이....아무리 미쉐린 어쩌구 해도 강남 압구정 압살하는 가격....닭이 큰 것도 아니고 진심 화나는데 맛은 있음,3
고려삼계탕 시청본점,가격이...ㅋㅋㅋ 미쉐린 식당이라 외국인도 많이 가는데 특별함은 없습니다. 그냥 일반 삼계탕이랑 같음.,3
고려삼계탕 시청본점,맛있어요,4
고려삼계탕 시청본점,6년전 먹고나서ㅜ한번을 안가는 42년 인생중  휴 이런집은.. 심지어  우리 두명뿐이 없었는데도.... 서빙이 참,1
고려삼계탕 시청본점,"일찍 와서 두명이라 구석탱이 자리 받고 이후 오는 두명손님들은 좋은자리로.. 
머리카락 나와서 조용히 말씀드리고 새로받음
한번오는 외국인괸광객 대상으로 하는 느낌",2
고려삼계탕 시청본점,맛은 제일 맛있는데 가격좀 적당히 올려요.. 외국인들 많이간다고 베짱장사하나,5
고려삼계탕 시청본점,"매년 여름만되면 여기와서 먹어요 , 맛있어요 
점심쯤 사람 늘 꽉차서 조금 일찍가야해요",5
고려삼계탕 시청본점,바로 앞에서 근무 했었는데... 8년동안 한번갔는데도 실망.,1
고려삼계탕 시청본점,위생 맛 가성비 모두 최악,1
고려삼계탕 시청본점,유명하다길래 가봤는데 특별할 것도 없었고 심지어 너무 짜서 물부어 먹었습니다.,2
고려삼계탕 시청본점,맛있어요..찹쌀밥많아서좋아요,5
고려삼계탕 시청본점,맛있어요 👍🏼,5
고려삼계탕 시청본점,"3대 맛집이라고해서 찾아갔지만
그냥 그런 삼계탕맛~
깍두기는 맛있음",3
고려삼계탕 시청본점,"근방에서 보양식 챙겨먹기 좋은 곳
엄청 맛있다...보다는 깔끔하다 재료가 좋다 이정도? 점심시간에 가면 국밥마냥 빨리나옴
비싸지만 든든함....",4
고려삼계탕 시청본점,외국에서 친구 오면 데리고 가기 좋은 집. 올해만 대여섯번 간 듯. 매번 기본 삼계탕 먹다가 이번에 처음으로 오골계 삼계탕 먹었는데 조금 고기가 쫄깃해서 내 입맛에는 안 맞았다. 그냥 기본으로도 충분히 맛있는 집. 화장실 문 열리는 게 특이하고 좀 좁음. 폐쇄공포증 있는 분은 힘들어 하실 듯.,5
고려삼계탕 시청본점,맛은 있음. 문제는 비쌈🫣,4
고려삼계탕 시청본점,겉으로만 깨끗해 보이는 집. 밑에 후기들이 말해줌,1
고려삼계탕 시청본점,"일년에 한번 꾸준히 방문하는듯해요
관광객이 많아져서 좀 소란스러워 정신없을순있어요 주차는 한시간 무료입니다",5
고려삼계탕 시청본점,"자주 지나다니는 길목에 있는 미쉐린식당이라 믿고 갔는데 맛이 그저 그러네요.
매장 분위기도 산만한 일반 대중식당과 다를 바 없습니다.",3
고려삼계탕 시청본점,생각보다 닭이 작아요,5
고려삼계탕 시청본점,"늘 사람 너무 많고,, 
그냥 우와왁~~왔다가 우와악~~가는 분위기. 
점심시간에 자리가 1도 없으므로 미리 예약하는게 좋음.  
기본 삼계탕이 2만원이고 특이하게 오골계도 있음. 
근처 삼계탕 집 중엔 원탑인듯 ㅎ",5
고려삼계탕 시청본점,"점점 변해가네
옛날엔 참 맛있었는데
닭의 맛도 변하고 사이즈는 점점 작아지고
가격은 점점 올라가는데",1
고려삼계탕 시청본점,"1. 가격 제일 싼게 16000원. 크기도 작은 사이즈. 닭고기 가격 아는사람이면 못 먹을겁니다.
2. 맛이 짜요.  같이 간 일행들 다 짜다 함. 이 짠맛 때문에 더 끌리는 것일 수 있다고 봄.
3. 사람들 붐빔. 이해가 안 감. 다들 유명하대서 소식듣고 오는건지, 처음 오는건지....
4. 음식은 빨리 나옴.",2
고려삼계탕 시청본점,"오골계삼계탕 주문했습니다.
맛은 동네 삼계탕맛이에요. 삼계탕도 반찬으로나온 깍두기도 맛있었어요
다만 직원분들의 서비스에 불만족스러웠습니다.
주문하겠다는 말을 3번이나 해야했고
아주머니끼리 비속어섞인 대화하는게 자리까지 들렸어요. 테이블은 끈적였고,  옆테이블에서 깍두기를 더 달라요청했는데 남자직원분이 깍두기 담는통을 통째로 들고오셔서  국자로 깍두기를 퍼주시더라구요. 깍두기 통을 들고 돌아가는길에 깍두기가 비어있는테이블에 급식 나눠주든 국자로 퍼주면서 돌아가시더군요. 적잖이 충격받았습니다.
직원분들 기본적인 서비스에 대해 교육이 필요할것같네요
음식맛은 좋았으나 동네 삼계탕과 별차이 없었습니다.
양이 많고 찹쌀이 쫄깃한건 좋았습니다",3
고려삼계탕 시청본점,따끈한 국물요리가 그리울때 가면 좋아요.,5
고려삼계탕 시청본점,맛있긴한데 닭이 작음,3
고려삼계탕 시청본점,고기질이 참 좋고 걸죽한 국물 또한 완벽.,5
고려삼계탕 시청본점,"역시 소문난 잔치에 먹을것 없네요.
동네 10000원짜리 삼계탕이 갠적으로 더 나아요
맛 평범
가격 비쌈 최소 16000",1
고려삼계탕 시청본점,"일반삼계탕 + 서울장수막걸리=24000원
막걸리6000원은 참 이해되지 않는 가격이다.
막걸리 시키면 안주가 첨부되는것도 아니고 그저  잔하나 더 나오는데 시중 판매가격과 이 업소의 가격차이란.
가격 알았으면 당연히 마시자 않았겠지만 이 집 메뉴판에 주류 가격은 적혀있지 않다.",2
고려삼계탕 시청본점,"서울 3대 삼계탕 명성답게 예약석까지 빼곡.. 자리는
엄청 많음 특색있는 원조호수, 토속촌과 다르게 삼계탕의 정석같은느낌 그냥 닭곰탕처럼 무난한맛. 김치와 깍두기는 달달한편.",4
고려삼계탕 시청본점,그냥 삼계탕,3
고려삼계탕 시청본점,글쎄 식당이 상당히 비위생적인것 같다 맛은 둘째치고 다시는 안갈듯,1
고려삼계탕 시청본점,짱이에요,5
고려삼계탕 시청본점,"삼계탕 18000원 
물가가 올라 인건 재료값 올랐다 하더라도 18000원은 좀 많이 비싸다

인삼주에 날파리가 들어가서 바꿔달라 했는데
옆옆테이블에도 날파리인지 뭐가 들어갔다고 
삼계탕이 나왔다가 직원이 다시 바꿔준다

이 정도면 음식물 쓰레기 관리라던지 
주방 위생이 의심된다 
테이블도 끈적끈적 관리 좀 ...

맛은 괜찮다
위생 관리와 가격만 더 이상 오르지 않는다면",3
고려삼계탕 시청본점,삼계탕 맛집! 국물이 깔끔하고 개인적으로 만족스러웠네요,4
고려삼계탕 시청본점,오골계탕 맛집,5
고려삼계탕 시청본점,삼계탕으로는 국내에서 최고.,5
고려삼계탕 시청본점,"고려삼계탕 #고려삼계탕본점 #미슐랭맛집 #미슐랭빕구르망 #정동맛집 #서소문동맛집 #삼계탕맛집 #노포맛집 

우리나라 삼계탕 전문점 1호로 알려진 곳으로 1960년 개업후 현재까지 60년 넘게 운영해오고 있는 노포. 2017년부터 지금까지 미슐랭가이드에 등재되면서 유명세를 더하고 있는 곳. 이곳의 육수는 맑으면서 담백한 것이 특징. 한때 유행한 고*삼계탕과는 다른 차원의 깔끔한 맛을 느낄 수 있음. 게다가 대파를 넣어 시원함이 두배. 쫄깃한 육질의 닭고기한점과 찹쌀밥을 수저에 얹고 김치와 함께 먹으면 따뜻한 보양의 기운이 온 몸에 느껴짐. 죽기전에 가봐야 하는 곳!",5
고려삼계탕 시청본점,아주 맛있는 단백질 입니다.,5
고려삼계탕 시청본점,걸신 추천 및 한국인이 사랑하는 오래된 한식당 100선에 선정된 삼계탕,3
고려삼계탕 시청본점,그냥 무난한 삼계탕,3
고려삼계탕 시청본점,been,3
고려삼계탕 시청본점,"(3.8점)
서울 3대 삼계탕 중 두번째 방문한 집.
서울 3대 삼계탕 중 고기 맛은 최고
서울 3대 삼계탕 중 국물은 두번째
서울 3대 삼계탕 중 양은 가장 많다
닭의 크기는 토속촌과 비슷하다.

닭고기
고기가 탄력있고 부드러워 치감이 좋다.
이정도 질감을 가진 닭고기를 내는 집은 많지 않았다.
유명한 삼계탕집들은 대부분 농장과 직거래를 통해 7주(49일) 키운 '웅추'를 사용한다고 한다.
가늘고 롱다리, 볼록한 가슴이 '웅추'의 특징.
그럼 쭉쭉빵빵? 웅추는 남자인데?
이 집도 그런 웅추를 사용한다고 한다.
'웅추'가 뭐 대단한 맛을 내는 닭처럼 얘기하는데 별거 없다. '산란계 숫병아리'다.
알을 낳지 못하기 때문에 쓸모없어 조금 더 키워 삼계탕용으로 파는 닭이다.
하지만 삶았을때는 질감이 다르다.
오랜시간 삶은 후 시간이 흘러도 살이 탄력이 있고 쫄깃하다.
질긴 산란계 닭의 육질의 단점이 삼계탕이서는 장점으로 작용한다.
대부분 삼계탕집에서 사용하는 닭은 '삼계닭'이라 불리는 '백세미'다.
비슷한 조리법으로 만들지만 탄력없고 푸석푸석하고 흐물흐물한 백세미를 쓰는 삼계탕 집과는 확연히 차이가 난다.
'백세미'이 대해서는 다음에~

국물
맑아보이지만 살짝 점성은 있는편이다.
심플한 국물로 한방 삼계탕처럼 많은 약재가 들어가지 않는다.
기본에 충실하다.
간은 약간 쎘다. 그래서 살짝 날카롭다는 느낌.
내가 간 그날만 그런건가?

찹쌀밥
양이 다른 집보다 월등히 많다.
그래서 이 집의 양이 가장 많다고 헀다.
밥 모양을 어느 정도 유지하고 있다.

김치는 좀 더 숙성됐으면 더 좋았을걸...

인터넷을 통해 이집에 대해 좀 알아봤다.
대한민국 최초의 전통삼계탕 전문점.
서울이서 가장 오래된 식당 28곳 중 25위.
1960년 명동에서 시작해 1978년 지금의 자리로 이전 현재까지 영업.
닭에 인삼, 대추, 마늘, 찹쌀을 넣고, 속이 새어 나오지 않도록 건방진 자세로 다리를 꼬고 있는 닭의 자세가 이 집이서 시작됐다.
즉 현재 '삼계탕'이라 불리는 음식의 기초를 잡은 집이라 볼 수 있다.
미쉐린가이드 레드북에 소개됐다고 한다.
스팩이 어마무시하다!!!

유사상표 주의해야한다.
수 많은 지점이 있는듯 보이지만 대부분 여기 고려삼계탕 본점이랑 무관한 곳이 많다.
옛 고려(고구려)의 삼족오를 형상화한 로고를 확인 할것.

서울 3대 삼계탕이란 말을 누가 만들었는지 모르겠지만, 고려삼계탕, 토속촌, 호수삼계탕이라 한다.
고려삼계탕과 토속촌은 우열을 가리기 힘들다.
개인적으로 고기는 고려삼계탕, 국물은 토속촌.
호수삼계탕? 
황교익 쌤 말씀처럼 삼계탕이라 할 수 없고...
모든게 최악인 곳.
왜 그런지는 호수삼계탕 방문하고 올려놨다.",4
고려삼계탕 시청본점,"미슐랭이라고 해서 가족식사 왔는데 맛을 둘째치고 전복오골계삼계탕 먹는데 철수세미가 나와서 보여줬더니 &quot;이게 어디서 나왔죠? 전복오골계인가요 그냥오골계인가요?&quot; 그걸 왜 물어보나 싶었는데 전복오골계라고하니까 &quot;아 그럼 그건 빼고 계산할께요. 죄송합니다&quot;그러고는 휙 갔다. 

다들 먹다가 수세미나온거 보고 그만먹었다. '한군데에서 철수세미가 나왔으니 그걸 빼고 계산하면 손님 기분이 나쁘지 않겠군'이라고 생각한것같은데 자기가 손님이었으면 '와 하나 빼줬네 신난다' 이렇게 생각할껀가?

직원 표정이 진짜 미안한 표정이 아니라 재수없게 나왔네 이런 느낌이라 기분이 안좋았다",1
고려삼계탕 시청본점,그냥 다른곳 가도 된다,2
고려삼계탕 시청본점,"먹은 메뉴: 삼계탕
무난하게 맛있는 맛이나 18,000원이라는 가격에 걸맞은 맛은 아니다",4
고려삼계탕 시청본점,맛있음 객관적으로,5
고려삼계탕 시청본점,"삼계탕 16,000 (2019. 03기준)
네임드 삼계탕집. 나름 괜찮아요.",3
고려삼계탕 시청본점,"최고 수준의 맛에 비례하는 가격으로 마음에 찐한 감동은 
없네요. 맛&gt;가격일때 감동이 있지요.",4
고려삼계탕 시청본점,"삼계탕 자체는 맛있습니다. 딱 기본 ㅇㅇ
근데 반찬으로 나오는 깍두기, 김치 진짜...너무 달았어요
보편적인 한국인 입맛에는 김치 맛 없음.. 설창에 담근 줄 알았습니다. 무, 배추 자체가 달아서 맛있게 단 그런 수준이 아니라 너무 달아요......  외국인 관광객 때문에 일부러 그리 담그신 건지, 그냥 김치를 못담그시는건지, 싸구려 중국산 수입하시는건지 (원산지 표시는 못봤네요 죄송) 알 수 없지만..",3
고려삼계탕 시청본점,"가야는이유 : 닭은 정말 부드럽고, 찰밥도 맛있음
안가는이유 : 직원들끼리 호흡이 안맞고 주문 실수 많음, 맛은 토속촌이 더 나은듯",3
고려삼계탕 시청본점,깔끔한 삼계탕,4
고려삼계탕 시청본점,"삼계탕
괜찮았다 맛있게 먹고 올수 있는 삼계탕
고기가 연하고 탕에 들어가있는 찹쌀? 밥도 맛있었다
간이 살짝 센 편인데 먹기 거북한 정도는 아니다
복날에 한번 가 볼만한 음식점",4
고려삼계탕 시청본점,"워낙에 맛은 검증된곳이라 맛은 별5개.
친구랑 둘이갔는데 식사후 친구 화장실간사이 내가 식사비 계산했고, 이번엔 내가 화장실을 갔다왔더니 친구가 또 식사비계산을하고 있더라구요! 웃긴건 같은 아주머니가 카드결제를 또 했다는거죠...  오후 4시쯤이라 손님도 3~4테이블정도, 게다가 우리만 내국인이고 나머진 관광객이었는데  황당했습니다",3
고려삼계탕 시청본점,"담백하고 깔끔함이 한결같은 삼계탕.
두명정도 가면 괜찮은데 네명이 한테이블에 앉으면 테이블이 너무 작아요. 삼계탕이 저렴한 음식도 아니고 최소한 편안한 식사환경  조성이 되야한다고 봅니다. 본점은 두명 단위로 가야 수월하게 식사가능.",4
고려삼계탕 시청본점,깔끔한 국물맛이 좋아요.,5
고릴라,가브리와 모서리,5
고릴라,"점심에 방문해서 고기는 못 구워 먹었지만, 주변에서 고기도 맛있다고 하더라고요. 저는 점심 메뉴로 김치찌개와 된장찌개를 시켰는데, 밥에 후라이랑 각종 야채를 섞어서 비빔밥처럼 비벼 먹으니 정말 맛있었어요! 자주 오게 될 것 같아요~",4
고릴라,"모서리 고기를 안다면
여기가 정말 최고
물론 삼각지에도 최고가 하나있다",4
고릴라,전 한번가고 안가요.  기대수준 이하,1
고릴라,맛있어요 !,5
고릴라,맛있어요,5
고릴라,"숨겨진 허름한 맛집 포스 있는거 인정.

특이한 아이템에 가격부담도 적어서 좋음.

불판은 건강 생각안하고 그냥 만든듯..

불판교체 전까지는 다시 안갈예정.",2
고릴라,"모서리살 먹고 싶으면 고릴라가 생각나요
고기가 진짜 식감 특이하고 너무 맛있어요
생고기 때깔부터 좋아요",5
고릴라,been,3
고릴라,"맛난 고기를 먹을 수 있는 곳.
단, 심혈을 기울여 적당히 잘 구워야 함.",4
고릴라,항정살은 여기가 최고~~  된장찌게도 굿~~,4
고릴라,모서리살이 유명하다지만 전 가브리살이 참 맛나더군요,5
고릴라,"장사 잘되는 집.
테이블이 다닥다닥이라 최근엔 방문 안해서...",4
고릴라,그토록 고대했던 모서리살은 기대이하였지만 평타는 한다. 하지만 일부러 찾아갈만한 이유는 없다.,3
고릴라,죽이는 맛. 위생까지 챙겨주신다면 베스트,4
고릴라,맛있다,5
고릴라,"고기를 넓게 펼쳐서 몰랐는데 2인분 시켜도 1.3인분 수준의 양
고기는 불 세서 금방 타고 
얇은 항정살 맛
반찬은 가짓수가 너무 없어서 곁들여 먹을게 없고
진짜 너무 시끄러워서 목소리도 안들림.. 
김치찌개도 분명 김치는 푹 오래익은 느낌인데 국물이 무맛. 김치물국이라고 지어야함
리뷰가 너무 좋아서 갔더니 진짜 홍보가 아닐까 싶을 정도로 데려간 친구에게 미안했습니다",1
고릴라,불판실화인가,1
고릴라,추천받아 갔는데 생각보단 실망,3
고릴라,"불판 교체 하셨습니다
고기가 얇아 금방 익음 맛있게 먹음 이 근처 지나가다가 고기먹을 일 있으면 또 갈듯. 한 3.5점 주고 싶은데 좋은 기억뿐이라 4점 드림",4
고릴라,여자 분이 계산 할 때는 특히 주의 요망. 계산 할 때 착오가 있어서 몇 만원 더 낼 뻔한 집. 그 뒤로는 꼼꼼하게 메모 해 가며 먹어야 함.,3
고릴라,"불판 바꾸셨음!
모서리살 식감 특이하고 맛있긴한데 개인적으로는 된장찌개가 진짜 밥도둑임,,,
1인 1된장술밥으로 쇠주 댓병 마시고 싶은 맴",4
고릴라,모서리살 맛있다. 식사로 나오는 된장찌개까지 짭쪼름하니 좋다!,5
고릴라,"여긴 진짜 맛이 미쳤습니다 ㅠㅠ
웨이팅이 있긴 하지만..! 이 맛을
위해선 기다릴 수 있습니다~~!!",5
고릴라,모서리 고기 맛있는건 맞는데 원래 이렇게 손님 쫓아내듯 응대하나요? 기분좋게 회식하고 있는데 고기 없으면 더 안시키냐 하고 지금 굽는거만 먹고 그만 먹는다 하니 바로 불 치우겠다 하고... 테이블 빨리 돌리려는건 알겠는데 고기집에서 재촉당하는 기분이라 다신 가고싶지 않네요.,2
고릴라,모서리 고기랑 된장찌개 먹었는데 정말 맛있었어요! 동네 주민인데 왜 이제서야 이 가게를 알았을까요. 억울할 지경이었네요 ㅠㅠㅎㅎ오랜만에 찐 맛집 방문했는데 노포 분위기도 너무 좋고 정말 친절하시고 먹는 동안 참 즐거웠네요. 김치찌개도 유명하다고 하던데 다음에 방문하면 김치찌개 먹어보려고요! 오래오래 흥하세요! 또 갈게요!,5
고릴라,"이제까지 자주다니던 사람인데, 앞으로 재방문은 어려울 것 같습니다.
1. 종업원 계산실수로 금액이 더 청구되었음에도 계산 잘못되었다고 말씀드렸을 때 사과한번 없이 띡 계산하고 끝. 너무 불친절합니다.
2. 매번 남자와 여자에게 밥 양을 다르게 줍니다. 같이 가면 눈으로 확연히 보이는데 왜 매번 이렇게 주는지 모르겠어요.
고기 맛도 중요하지만 소비자에 대한 기본적인 예의와 배려가 단골 손님들이 나가지 않게 하기 위해 중요한 요소가 아닐까요.",1
고릴라,모서리 고기 맛은 인정. 친절은 불인정. 과연 10년 후에도 맛집일지는 의문,1
고릴라,그런 맛집 느낌,4
고릴라,너무 맛있는데 왜 별점이 3.9죠?????,5
고릴라,"서걱, 쫄깃한 식감의 고기 +1
(특출난가? 아니요 전 항정 먹을래요)
할머니 된장찌개가 생각나는 된찌 +3
(고기보다 된찌가 더 맛남)

불친절 -5
여자밥 조금 주는거랑 고기유도하는 건 그래도 좀 사라짐 근데 친절함은 여전히 없음
불결 -3
바닥 미끄러움, 휴지 돌아다님, 테이블 더럽

간혹 가고싶다는 친구들 없으면 재방문도 안했을 집 만약 가신다면 된찌는 시키세요",2
고릴라,맛보고 갑니다. 회식하면 10번 중 7번은 무조건 가게 되는 곳이예요.,5
고릴라,맛은좋았지만,3
고릴라,"고기맛은 오... 좋음
된장은 엥?? 너무 싱거워서 셀프로 쌈장 추가함
친절은 음... 별로... 90년대 스타일로 장사하는 집임
2024년도 서비스에 익숙한 현대인에게는 이 스타일이 좀 불편하게 느껴질듯함

고기는 모서리(항정)랑 가브리살 시키시길 식감이랑 맛이 특이하고 빛깔, 상태 좋음 목살은 그냥 목살이라서 재미없어서 추천 안함

모서리 18,000원
가브리 17,000원
목살 17,000원
된장 9,000원 (밥 한공기 제공)",5
공일부엌,저희가 10시쯤 오픈시간 전에 가서  ㄷㅏ른  곳 가려규 하는데 그냥 들어오라고 감사히 받아주셔서 찜닭 시켜먹었어요! 간장 맛이 좀 있긴한데 평타 이상이구 불고기 샐러드 덮밥도 삼삼하니 맛있는데 찜닭의 간장 소스 뿌려 먹으면 더 맛있어요! 추천합니다 ㅎㅎ,4
공일부엌,"만리재길 걷다가 직장인 분들이 기다리고 계시길래 찾아가서 먹었는데 왜 기다려가면서 드시는지 이해가 1도 안됐던&hellip; 돼지고기 김치찜에 돼지고기 4조각 들어있고, 갈비찜은 다 식어있어서 저 주물팬도 차가워요. 가격이 저렴한 것도 아닌데 물, 반찬 추가는 전부 셀프. 이제 여름인데 선풍기도 없이 밖에서 먹어야 하는 것도 그렇고 가성비도 안 좋아요. 직원들 소통이 안되는지 웨이팅하는 손님 들어와라, 올라가라, 나가라 시켜서 손님이 화가 나서 마지막으로 안내한 직원분께 화를 낸 것 같은데 &lsquo;내가 그러라 한 것도 아니고 나는 손님 처음 응대하는데 왜 나한테 화내냐&lsquo;고만 하셔서 그냥 재방문 안하려고요.",1
공일부엌,"밥먹으면서 병맥주 조그만거 한병 혼자 마셨는데 
만원받음ㅋㅋ
솔직히ㅜ 너무한다고 생각안하세요&hellip;?",1
공일부엌,가격대비 만족했습니다 국도 반찬 메인요리 나름 괜찮았습니다 사람들도 꽤 있는거 보니 많이들 아는것같아요 서울역  주변 빠른 밥 한끼하기 좋습니다,5
공일부엌,전이 아닙니다.. 처음보는전,2
공일부엌,"더 이상 맛있을수 없다.
최상급 미식 경험",4
공일부엌,"우와,,, 찐맛집",5
공일부엌,묵은지김치찜 짱맛 깍두기도 맛있어요!! 깍두기김치전도 ㅋㅋㅋ,5
공일부엌,"대창깍두기볶음밥은 드시지 마세여&hellip;
밥은 질척 대창은 몇개 없고 기름범벅 ㅜㅜ",1
공일부엌,"술안주보다 밥이
맛있던데요? 
주차는 당연히 안되고",4
공일부엌,"맛있긴한데
기다려서 먹어야하는곳은
확실히 아닌거같다

그냥 가끔 만리재 지나치다
한식땡길때 웨이팅없으면 가면될거같다",3
공일부엌,"찜닭은 무난하나 나머지는 수준 미달..
기다려서 먹을 맛은 아님.",2
공일부엌,"음식 맛은 괜찮았는데 직원 한 분 태도가 별로.
째려보 듯이 쳐다보더라고요.
그래서 별 두 개.
재방문 의사 없음.",2
공일부엌,"아니 너무 맛있는데? 
밥 꼭 볶아 먹어요~~",5
공일부엌,"안타까워 글 남깁니다.
몇일전 와이프와 오랜만에 데이트 할겸 들렸습니다. 손님도 제법 있더군요.
 갈비찜 시키고 소주한잔 하면서 기다린 끝에 음식이 나와 갈비를 가위로 잘랐습니다.

근데 속이 하나도 안익고 꽝꽝 얼어서 벌것게 나왔더군요.바뻐서 그런거 이해해서 다시 데워 달라고 했습니다.여직원분이 죄송하다며 새로 주신다길래 그냥 익혀서만 달라고 했습니다.

근데 다시 데워서 나온 음식이 국물이 다 쫄아서 타기 직전까지 됐더군요. 고기야 제가 잘라서 보기는 안좋았지만 자작자작해야 하는 국물이 하나도 없고 탄맛까지 났습니다. 정말 입맛이 뚝 떨어지고 기분이 별루 였지만 와이프가 그냥 먹고 가자고해서 아무소리 안하고 먹었습니다.
근데 맛이 정말 좋았습니다.맵기도 좋고..

거기서 너무 안타까웠습니다.이런 맛을 내면서 별점을 못받는게 정말 안타까웠습니다.

사장님 서비스에 신경쓰세요 댓글보니 대부분이 바뻐서 놓치는 친철함과 소소한 서비스입니다.

평생 이동네 살면서 요즘 핫플레이스 생겨서 너무 좋아서 글남깁니다. 더욱 발전하십시요

조만간에 다시 방문 예정입니다. 그때 변화된 모습 생기면 별점 올리겠습니다.",2
공일부엌,"19년 개업부터 자주 먹는데
불고기비빔밥에서 실리카겔 나왔어요
(김 같은 거 습기제거제로 쓰는 하얀 알갱이)

밥 먹다가 돌멩이 씹은 줄 알았는데 실리카네요..

아마 후리카케?에서 섞인 거 같은데
재료 관리 부탁드려요... 초심 잃지 마세요",1
공일부엌,"네이버 후기 믿지마세요-;;
대창깍두기볶음밥에 대창 2조각..
낙지비빔밥에 낙지 쬐금
재료를 너무 아끼시네요- 최악입니다",1
공일부엌,남자직원..더 비싼걸로 주문 잘못받아놓고 그냥 먹으라고 해서 안먹는다고 했더니 싸우러왔냐고 그러네요. 귀를 의심했습니다..ㅎ본인실수하고 전혀 사과안하고 안하무인으로 저희에게 그냥 먹으라고 불손한 태도로 쳐다보는데 할말을 잃었어요&hellip;. 하 참 손님에게 이런 태도 처음이네요.. 직원분들 교육 잘 시키시길..,1
공일부엌,주문 두개나 잘못받아 놓고 그냥 먹으라고 해서 그냥나왔읍니다,1
공일부엌,"오픈 초기보다 양과 질이 많이 부족해졌어요. 안주류는 여전히 괜찮지만, 식사류는 자꾸 부실해지는데.. 특히 지난주에 대창김치볶음밥에 대창이 딱 2개 나왔네요.
하지만 이 일대에서 깔끔하게 식사하기에는 괜찮아서 늘 붐비는 곳입니다.
특히 테라스 좋아요~!",3
공일부엌,맛도 그렇게 엄청난것도 아닌데 가격대비 양이 너무너무너무너무너무너무 적어요.. 화가날정도 ㅋㅋㅋ ㅠㅠ 대창떡볶이는 퍼음부터 대창을 잊고 주셨어서 다시 넣어주셨는데 갯수를 셀 수 있을만큼 적었고 김볶은 ㄹㅇ 3조각나옴ㅋㅋㅋㅋㅋ 만이천원 이만얼마 받아놓고 이건아니죠,1
공일부엌,쏘쏘요,3
공일부엌,"제발, 딱봐도 망친 요리는 시간 걸리더라도 다시 만들어서 주세요..대창깍두기볶음밥 시켰는데 밥이 다 질어서 떡이 된 상태라 제대로 먹을 수도 없었음. 고소한 김치맛은 커녕 간도 밍밍하게 된 채로 대창도 다섯개 조각인가?? 밖에 없고...이렇게 맛없는 김볶은 첨 먹어봄...;; 지난번 맛있었던 기억으로 또 시킨 메뉴인데 오늘 돈주고 못먹을 음식을 주니, 이번에 음식하다가 망한 거 같은데..어떻게 그대로 갖다줄 수 있죠? 만들면서도 이건 망했다! 느낌이 안오셨나요..?
같이 주문한 다른 음식보다 한참 늦게 나온데다 손님 앞으로 안갖다주고 자기 바쁘다고 테이블 끝트머리에 턱 놓고가서 일일이 손으로 옮기게 만들고..여러모로 짜증나네요- 다신 안가려구요",1
공일부엌,"유명할지 모르겠지만
손님에대한 서비스는 영~~아니네요
실망",2
공일부엌,가끔씩 깔끔하게 먹고 싶을 때,3
공일부엌,재료는 만족스럽고 맛은 무난해요. 전체적으로 조금 단 편이에요.,3
공일부엌,대창깍두기 볶음밥이 최고 맛있음! 다만 양이 적어서 2인분 시켜야합니다,5
공일부엌,"진심으로 전은 메뉴에서 빼야할듯
딱딱하고 맛도 없고 
가게 평점을 위해 반드시 없애버려야 할 메뉴",2
공일부엌,낙지볶음&amp;석갈비,5
공일부엌,불향낙지비빔밥&amp;고등어구이,5
공일부엌,음식을 원래 적게 먹는 편인데도 김치찜 안에 고기 한조각은 너무하지 않나요? ㅋㅋㅋㅋ 다음에 굳이 올거같진않네요 .. 양에 좀 신경써주셨으면 좋겠습니다,2
공일부엌,여기 아직도 혼밥 안되나요? 가고싶은데 궁금하네요,1
공일부엌,음식 전부 맛있고 가격이 비싸긴 하지만 서비스도 괜찮아요,4
공일부엌,맛있네요.... 잘먹었습니다.,5
공일부엌,굿,5
공일부엌,"고등어 구이 맛있습니다. 문제의 대창깎두기볶음밥에는 대창을 찾아볼 수 없으니 참고하세요. 반찬은 추가로 셀프 리필입니다. 안쪽과 2층에 단체 수용 공간도 있어요. 식사메뉴는 쏘쏘했고, 요리 메뉴 중에는 우대소갈비찜과 전이 맛있네요~",4
공일부엌,리뷰 보시면 아실 수 있듯이 대창깍둑볶음밥에 대창이 하나도 없습니다. 항의하니 기름이라 녹아서 안보이는거다 하시고 말이 안된다 하니 선심쓰듯 볶음밥을 더 주셨는데 거기에도 대창이 3개만 있어서 인당 2개씩 먹었어요 ㅋㅋ 뒷 테이블도 &ldquo;대창이 없어!&rdquo; 이 소리 하는게 들렸습니다. 이런 음식을 14000원 받는게 너무 화가 납니다.,1
공일부엌,"대창볶음밥에 대창이 없는게 말이되나요.
없다고 물어보니 녹아서 없어졌다고 하네요 ㅋㅋ 어이없음 안감 다시는",1
공일부엌,"대창곱떡볶이

감자전",4
공일부엌,혼자 왔다고 음식 안 파시네요. 시간당 테이블 매출 올려야함을 이해는 하지만 당한 기분은 안좋네요,1
공일부엌,"메뉴도 한번에 다시 켜야 하고. 일하시는 분 불친절 하고. 
곱도리탕 맛 그냥 저냥.  양도 적고",1
공일부엌,"곱돌이탕-닭 육질 괜찮고, 양념은 균형이 좋음, 고등어구이-조금 짰음.",4
공일부엌,"공기밥 쌀도 괜찮고 미역국,밑반찬도 맛있어서 모처럼 맛있게 잘먹었습니다~^^",5
공일부엌,"저는 대창깍둑치즈볶음밥,남자친구는 대창깍둑볶음밥을 주문했습니다. 대창이 하나도 없었습니다.
요리하시는 분이 대창을 까먹고 안 넣으신 줄 알고
직원분에게 한번 물어 봤더니 기름이라 안 보이는 거라고.........(황당) 대창 껍질 조차 안 보였는데 껍질도 녹는건가.....;
그리고 결제할 때 속상해서 사장님께 대창이 없어요..라고 말씀드리니 손님들이 대창을 안 좋아해서 그렇다고....
그런 손님들은 대창을 안 시킬텐데...
답변이 황당했습니다.",1
공일부엌,맛있어요. 늘 만석이라 대기가 좀 있어요. 회식장소 한식주점,5
공일부엌,.....,1
공일부엌,여기는 김치찜이랑 불고기샐러드가 맛있어요~! 천연수육 평이 안좋던데 다른거는 정말 괜찮았어요,5
공일부엌,아래보니까 안좋은 평은 다 신고하시나보네요?,1
공일부엌,고등어 말라비틀어짐 ㅜㅜ 이렇게 안발라지는 고등어는 첨이에요.. 밑반찬도 고등어구이 만원치고는 넘 간소하구..,2
공일부엌,감자전.. 진심 심각 ㅜ 딱딱해서 먹을 수가 없엇어요,2
공일부엌,"노상테이블은 분위기가 너무좋네요 💕
닭도리탕 맛있고 치즈김치전 바삭함 미쳤습니다",5
공일부엌,한식레스토랑같네요 천년수육곰탕 9천원에 나름 양 많이나오고 찜닭도 너무너무 맛있게 잘 먹었습니다 서울역이랑 가깝고 분위기있어서 굿 굿,5
국민회관,갬성 좋아요,3
국민회관,"호일에다가 굽는 거 때문에 2점 감점

냉동삼겹이 베스트 메뉴

호일만 어떻게 해주면 좋겠습니다.",2
국민회관,레트로 감성빼면 돈값 못함. 새마을식당을 가고 말지.,1
국민회관,"음식맛을 느낄수 없을 정도로 더웠어요..
알바생들 땀 방울이 맺칠 정도로 더워서 정말 짜증났어요. 이곳은 겨울만 이용하라는 컨셉인것 같아요..",2
국민회관,너무 불친절하고 깐깐하고 냉동고기 질도 너무 안좋습니다.,1
국민회관,"단체 손님 술 병 카운트로 장난질 침
절대 가지 마셈
CCTV 돌려보자고 실랑이 벌이다가 옴",1
국민회관,"저는 최근에 국민회관 삼겹살집에 방문해서 삼겹살을 먹었는데요. 가게 분위기는 모던하면서도 고급스러운 느낌으로 꾸며져 있어서, 특별한 느낌을 느낄 수 있었습니다. 직원분들도 친절하게 맞아주셨고, 음식에 대한 설명도 자세히 해주셨습니다. 제가 시킨 음식은 삼겹살과 목살, 그리고 김치찌개였습니다. 모두 신선하게 준비되어 있어서 맛있게 먹었습니다. 특히, 삼겹살과 목살은 고기의 식감과 맛이 일품이었고, 김치찌개는 깊은 맛과 풍부한 양념맛이 일품이었습니다. 가격대는 음식의 양과 맛, 분위기 등을 고려하면 적당한 가격대라고 생각합니다. 특히, 삼겹살과 목살의 양이 풍부하고 맛도 좋은 편이라서 가격에 비해 좋은 가치를 느낄 수 있었습니다. 전반적으로, 국민회관 삼겹살집에서는 고급스러운 분위기 속에서 맛있는 삼겹살을 즐길 수 있습니다. 다음에도 기회가 된다면 꼭 다시 방문하고 싶어요!",5
국민회관,품질 좋은 고기만 들이시는지 잡내하나 없이 깔끔하고 고소해서 좋았음. 기본찬도 정갈하게 나오고 하나같이 고기랑 잘어울렸음. 무엇보다 가성비 굿굿b,5
국민회관,너무 맛있게 먹고 갑니다,5
국민회관,서울역 냉삼 맛집,5
국민회관,"얼레벌레 고기굽느라 고기사진은 없네요😅
냉삼 맛있고 볶음밥도 밑반찬도 껍데기도
다 맛있었습니다! 
근데 웨이팅 할 만큼은 아닌 것 같아서
예약하거나 한산한 시간에 여유롭게 오는게 좋을 것 같아요 ㅎㅎ",5
국민회관,"냉삼이 머 원래 그렇듯 맛잇다
안 친절함 손님 넘 많아서 바쁨
저녁에 웨이팅 대박

비빔면 별로
물김치쫄면 맛잇음",4
국민회관,"2인 예약했더니 그냥 취소해버림 
전화했더니 싹퉁바가지 목소리로 소식 란에 2인은 예약안받는다고 써놨다함. 그거 공지냐? 보는 사람이 어딨냐고 
암튼 극불친절해서 절대 안가기로 마음먹음.
약속 다 잡아놨는데 너님 가게때문에 망쳤으니 책임져 ㅎㅎㅎㅎㅎ 2인 안받을거면 미리 취소하고 예의있게 말해주던가
사장인지 알바인지 장사 좀 된다고 그딴식으로 살지마라",1
국민회관,냉동삼겹살 회식장소,5
국민회관,"냉동삼겹살로 유명한 곳.
일단 가게 찾는게 어려운 곳으로 인식되어 있습니다ㅎㅎ;;
웨이팅이 어마무시하며,(기본 30분~1시간) 고기냄새가 많이 밸 각오는 하셔야 합니다.
냉동삼겹살 상태는 깨끗하긴하나 가격이 쎄고, 기본 반찬도 뭔가 아쉽습니다.
마무리 냉면과 짜파게티만 맛있게 먹은 기억에 남네요.
냉동삼겹살로 유명하다곤 하지만...냉삼이 거기서 거기인지라...그냥 쏘쏘했습니다.",3
국민회관,와이프 회사 근처에 있는 중구 냉삼 맛집이라 오게되었는데 미나리도 주고 껍데기도 맛있었네요~~,5
국민회관,댓글이 광고인지 모르겠는데 친절하대서 갔더니 맛도 없고 알바생 드럽게 싸가지없고 다신 가기 싫은 곳 베스트 1위,1
국민회관,"냉동삼겹살은 다른 집들과 다르게 불순물이 적게나오고 맛있었어요.. 우삼겹이랑 껍데기도 먹었는데 우삽겹이 넘 맛있었어요.... 껍데기는 챱챱 잘 먹었구요
다음에도 들릴게요",5
국민회관,가성비 냉삼 좋아요~! 가격도 저렴한 편인데 맛도 있구요 은색 쟁반에 나오는 반찬들도 재밌어요ㅋ 오늘도 여봉이랑 맛있게 먹고 갑니다~^^,4
국민회관,대패삼겹살 진짜오랜만에 먹는데 넘맛있네요 전날 소고기먹었는데 돼지고기가 왜 더 맛있죠ㅜㅜ 제스타일,5
국민회관,사장님도 친절하시고 좋네요 물론 음식 맛도 좋구요 다음엔 친구들고 여럿이 먹으러 가야겠어요 가성비도 좋고^^,5
국민회관,"돼지고기는 국민회관 정도 돼줘야 맛집이지..
냉동삼겹살이 지방 비율이 최적 
입에 살살 녹는 그맛  
환상적입니다
기족과 친구과 깉이 오세요",5
국민회관,예전의 먹었던 냉동삼겹살이 너무 먹고 싶어서 친구들과 방문했네요 역시나 냉동삼겹살은 진리이고 추억이네요ㅎㅎ 맛있게 잘 먹었습니다~~~~~,4
국민회관,"분위기환상입니다 먹으면서대화하기가좋아요
맛은얼마나좋은지 대낄입니다 입에쫘쫙붙는듯한 그런맛을주네요 찾아보기힘들정도로 맛난집이네요 적극추천합니다 굿입니다 한번들러들보세요굿",5
국민회관,"고기가먹고싶어 방문해보니 
질 가격 모두 좋았습니다
숨겨진 맛집입니다
사장님도 친절하시고
밑반찬도 다 맛있었습니다 
다음에 재방문 100% 입니다",5
국민회관,"추억의 냉동삼겹샬을 즐길 수 있는곳입니다.
사장님도 파이팅넘치시고 냉동삼겹살 너무 맛있게 즐겼어요.
돼지껍데기도 맛있게 즐겼답니다^-^
또 방문할게용",5
국민회관,"여긴 고기의 질이 좋아서 그런지
냉삼 특유의 잡내도 없었고 
구울때도 매우 깔끔했어여!
근데 쪼금 냉삼치고는 살짜꿍 비싼 느낌은 있었지만 
너무 맛있어서 가격이 중요한게 아니더라구욯ㅎㅎ
담에 또 와야겠네요 굿!",5
국민회관,냉삼이 비교적 생삼겹에 비해 품질이 안좋다고해서 자주 안먹었는데 여기는 고기 육질도 좋고 너무 맜있네요 같이 찬으로 나오는 찬들도 진짜 맛있어요 ㅎㅎ 술한잔 거하게 걸치고 갑니다 ㅎㅎ 다음에 또 올게요 ㅎㅎ,5
국민회관,주변에서 냉삼 맛집이라고 많이 얘기해서 근처왔다가 먹으러왔어요 간만에 냉삼이라 그런지 더맛있구 고기도 넘좋은거 같더라구요 가격도 괜찮구 다른 메뉴도 많아서 또 와야겠어요,5
국민회관,"냉동삼겹살 돼지껍데기구이 먹은 적 있는데 진짜 사장님도 엄청 친절 하셨구요! 가게 내부도 무지 깨끗하고 쾌적하고 가족 모임하기 딱 좋은 식당 인 거 같아요 ㅎㅎㅎ :)
아직 가족들이랑 안 와봤는데 회식장소로도 딱일 거 같습니다! 맛도 엄청 기가 막히고 반찬도 맛있어서 밥은 그냥 순식간에 밥도둑입니다!!!",5
국민회관,"아진짜 분위기 찐!ㅋㅋㅋ너무좋아요ㅋㅋ
친구들이랑 모여서가거나 남친이랑 가거나ㅋㅋ냉삼이 맛있어서 재밋는 분위기에서 기분좋게 먹을수있어서 좋아요ㅋㅋ",5
국민회관,"신랑이 냉동삼겹살이 먹고 싶다고해서 찿게되었어요
오래간만에 오게 되었는데 여전히 맛있네요
함께 먹은 우삼겹도 정말 맛있었습니다
언제나 친절하고 가성비 좋은 곳이에요",5
국민회관,"한줄요약 : 일주일 전 예약했지만 예약 당일 오전 6시에 취소 통보 날리는 기본도 안된 식당

 최소 전날 오후에라도 예약을 취소해주시면 다른 식당이라도 알아보지 당일 오전 새벽 6시에 시원하게 영업안한다고 알려주더군요. 

 상호간의 신뢰를 떠나 기본적인 예의도 없는 곳이라고 생각합니다.

 당일 아침부터 열심히 다른 운영 식당 알아보느라 진땀빼고 추가로 리뷰로 올립니다.

 네이버로 예약 취소 당일 아침에 통보하시고 문자로 30일까지 쉽니다. 한 문장을 보내시더군요. 죄송합니다나 미안합니다 혹은 사정이 있다도 없습니다. 그럼 왜 17일날 30일 예약을 오픈해두셨으며 왜 17일날 30일 예약 확정을 받으셨는지요?

 너무 화가 나서 전화까지 할까했지만 문자로 너무 경우가 없는거 아니냐고 보냈지만 답장도 없으시더군요. 네이버는 실제로 결재를 안하면 리뷰를 남길 수 없으니 여기에 소상히 남길 수 밖에 없죠^^

 사장님 고객들이 예약했다가 갑자기 당일 취소하면 기분 나쁘죠? 그럼 반대편 입장도 생각하셨으면 합니다. 앞으로 최대한 많은 지인에게 가지 않으면 좋은 곳으로 소개하려 합니다.",1
국민회관,사장님 진짜 미치신거에요? 명절이라 미리 예약한건데 당일 새벽취소요? 인성 무슨일이야.. 1점도 아깝네,1
국민회관,"작년에 맛있었어서 또 왔는데 변함.
고기에서 비린 맛 느껴지고 가성비가 없음.
밑반찬 많은 건 좋음.",1
국민회관,독특하게 삼겹살 불판에 생참나물을 올려줌. 고기도 괜찮고 된장찌개 맛있어요.,4
국민회관,1인 분 고기 양 대비 가격이 후덜덜하네요. 요섀 다른 데도 다 이런가요? 가성비는 아닌 듯...,1
국민회관,"어 이집?
매니저님? 사장님? 센스가 있으신데요?
분위기 냉삼집 그분위기
그대로 운좋으면 웨이팅 없이!!",5
국민회관,분위기가 매우 아늑했습니다.,4
국민회관,맛도 괜찮고 분위기도 좋고 화장실도 좋고,5
국민회관,고기맛도 좋고 김치비지찌개가 진짜 별미!,4
국민회관,컨셉이 전부네요 가격 대비 별다른 장점이 없네요 그리고 친절함이 없어요 그렇게 바쁜 거 같지도 않은데...,2
국민회관,뭔가 애매모호함.. 자리도 맛도 서비스나 친절도,2
국민회관,"몇년간 유행하는 레트로 분위기 냉삼집
술은 6000원대로 비싼편 
굳이 기다렸다 먹을 곳은 아니에요",3
국민회관,와... 직원들 교육 어떻게 시키면 이렇게 싸가지없게 말하지?? 여기서 먹다가 그냥 나 남기고 왔어요.  진짜 기분 드럽네,1
국민회관,와 세팅하신다고 해서 기다리는데 정확하게 &rdquo;나가서 기다려 주세요. 뭐 볼거라도 있나. 원숭이 된 것 같은 기분이네&ldquo;라고 하셔서 죄송해서 나왔네요 ㅠㅠ 다신 안 갈게요,1
국민회관,ㅋㅋ 싸가지개없음,1
국민회관,너어어어어어무 시끄러워요,1
국민회관,"이정도면 댓글 알바 아인교 고기는 쏘쏘
근데 같은 가격에 다른 집에서 먹는게 날듯
가성비도 그닥이고 알바생 싸가지없음
옆 가게들 맛있는 곳 많으니까 다른 곳 가세요~",1
국민회관,술이 비쌈,2
국민회관,"분위기 너무 좋고 가성비도 좋아요!
대기가 너무 많아서 좀 오래 기다렸어요 담엔 예약하구 올께요.",5
국민회관,"서울역 인근 냉삼 맛집!
직윈분들도 친절하시고 음식도 맛났습니다.
특히 반찬과 양념이 진짜 예술!
재방문의사 100%입니다!",5
국민회관,회식 장소로 좋고 연인들 끼리도 와서 밥먹으면 좋은 장소인거 같아요 옆가게에 좋은 술집도 있어서 식사하고 2차로 가면 좋을거 같아요,5
국민회관,간단히 먹기 좋아요,5
국민회관,국민회관에서 맛있는 저녁식사와 술 한잔후 서울로 7017 산책까지 제대로 즐겨주고 왔어요 냉동삼겹살 먹으러 갔는데 돈꼬불이라는 메뉴도 궁금해서 주문해봤어요 돈꼬불은 족발맛 비슷했는데 역시 그래도 냉삼인건가 ㅎㅎ 👐 냉삼이 가장 맛있었고 사이드로 나오는 것들도 레트로풍 그릇들에 담겨져서 보는 재미도 있었네요 서울역 오면 국민회관에서 냉삼 꼭 드셔보시길❣️,5
국민회관,"냉삼 맛있음
알바는 아닌것같은데 고객응대에 좀 더 신경쓰기를",3
국민회관,"근처에 고기집 검색하다 알바 평점에 속아서 갔었음 알바생들은 통로에서 담배 뻑뻑 ㅋㅋ
이 근처에 괜찮은 고기집하면 무조건 성공함",1
국민회관,고객응대가 별롭니다. 본인들이 포스기 잘못찍어서 계산 실수 해놓고 고객에게 죄송하다는 말 한마디도 없이 사실확인만 했습니다. 환불하고 재결제 진행하는 동안 기분나쁜 기색이 역력했고 고객에게 그걸 티내면 안되잖아요. 음식도 그냥 그랬고 다시 방문하고 싶지는 않은 식당이었습니다.,1
국민회관,소문대로 역시 맛있는 고깃집 이었습니다.  직원분들이 또 너무 다 친절하세요. 기분 좋게 먹고갑니다.  고기 생각날 때 또 들를게요. ^^ 다음에는 직원들과 같이와야겠어요. 반찬도 하나 버릴거없이  다 맛있었어요,5
국민회관,냉동삼겹살 구워서 한쌈 싸서 먹으면 너무 고서하고 맛있습니다. 특히 가성비가 좋아서 자주 먹어도 부담없고 혼밥 하기도 좋은 것 같아요. 사이드 반찬류도 맛있으니 많이들 드시러 가세요,5
국민회관,"맛있었어요~
가게안이 좀 춥긴 했지만 가성비 아주 좋게 맛있는 식사였습니다~

약간 잠수교 느낌도 나는 식당이었어요!!",3
국민회관,삼겹살이 육질이 좋고 맛있네요ㅎㅎ가격도 합리적이고 서비스도 매우친절해서 또 방문하고 싶어요~직원분들도 친절해요ㅎㅎ,5
국민회관,"고기는 냉동삼겹살 전문정에서   드셔야
추억의 냉삼   고기도 맛나고.  잍반찬도 맛있어요",5
국민회관,냉동삼겹살인데도 잡내없고 부드러워요 같이 나오는 참나물도 맛있고 된장찌개에 김지볶음밥까지 알차게 먹었더니 엄청 배불러요,5
국민회관,"평소에도 냉삼을 좋아했는데 여기는... 분위기도

그렇고 식기류, 물통까지! 무엇하나 빠지지 않고

두루 만족스러웠습니다. ㅎㅎ

오랜만에 걷는 이 길입니다.

이곳 라인은 야외에서 음식을 드시는 분들이 많은데요.

조금만 더 지나치면 국민회관 입구입니다!

서울역 바로 맞은 편에 위치하고 있어서

대중교통을 이용해서 오면 더욱 편하게 오실 수 있습니다!

위치는 여기입니다!

평일에는 오후4시부터 11시까지,

토요일에는 12시부터 23시까지,

일요일에는 12시부터 22시까지 운영합니다.
잘먹고갑니다",5
국민회관,좋아하는 냉삼집이에요. 파절이랑 무생채가 맛있고 소세지부침 주는것도 좋아요. 항상 사람이 많고 맛있어요 또 가고 싶네요.,5
국민회관,친절하시구요. 가게 분위기도 좋쿠요. 고기가 부드럽고 진짜 맛있어요. 술이 술술 넘어가는 맛입니다. 반찬들도 제 입맛에 딱이구요.  볶음밥은 예술에요. 또 가고싶어요. 곧 다시 찾아갈게요.감사합니다,5
국민회관,"삼겹살은 무척이나 좋아해서 외식이나 모임장소로 고깃집을 자주 선택하는 편입니다.
이곳고기는 마치 뭔가 숙성되어있어 육즙이 살아있고 곁들여지는 밑반찬도 깔끔하고 맛깔스러워서 먹고난후 입맛이 개운해지는것 같고 단백질보충을 해줘 몸보신한 느낌입니다.
모임이나 외식시 좋은장소입니다 추천드려요",5
국민회관,"냉삼이 먹고싶어서 친구들이랑 갔었는데요
드디어 냉삼맛집을 찾았습니다!
고기잡내도 없고 직원분들도 친절했어요",5
국민회관,집처럼  친근한 분위기의 식당으로  삼겹살먹기에 딱  좋아요  고기도 맛있고  술한잔으로  친구와  함께하기에  좋네요,5
국민회관,냉동삼겹살이 퀄리티가 좋네요 가게 분위기도 좋고 퇴근후 소주한잔 하기도 좋고 회식장소로 괜찼을거 같네요 잘먹었네요,5
국민회관,빨간 불빛이 나를 감싸며 찾은 국민회관^^ 동네 정다운 고깃집이 편안함을 느끼며 추억의 냉삼을 흡입!! 철쟁반 너무 반갑고 정겨웠어요 냉삼인데 고기질이 너무 좋아서 놀람..  아.. 이래서 여기가 핫하구나라고 느낌^^,5
국민회관,아르바이트 직원들이 굉장히 친절합니다. 기대를 안했지만 기대이상으로 친절함. 삼겹살도좋고 의외로 쌈장이 맛있음. 기성품인데 뭔가다릅니다.,5
국민회관,"역시 소문대로 친절하시고 맛이 좋아요.
솔직히 냉삼겹이라 기대 안하고 갔는데 의외로 맛있고 반찬도 잘 나오고  기대 이상이었습니다.
직원분들도 너무 친절하시고 다시 또 오고 싶어지는곳이네요!",5
국민회관,밑  반찬도 너무 맛있었습니다  돼지고기에  후추를 뿌려서 구워 먹는게  너무좋고 냉동 삼겹살이 이렇게  맛있는지  몰랐어요 옛날 느낌도  좋구요 잘먹었어요,5
국민회관,가족끼리 우연히 발견해서 냉동삼겹살을 주문해서 먹었는데 돼지냄새 전혀없고 기름기가 좔좔 흐르는게 살살 녹네요.. 우연히 맛집을 찾은것 같습니다 자주 올게요~~,5
국민회관,"개인적으로 추억의 냉동삼겹살을 좋아해서 알게된 
냉동삼겹살 맛집입니다. 고기가 너무 얇으면 풍미가
떨어지는데 국민회관 냉동삼겹살은 고기 두께도 적당해서 너무 맛있게 먹고왔습니다. 직원분도 친절하셔서 너무 좋았습니다.",5
국민회관,"저렴하게 고기를 먹고싶다면 추천하는 곳입니다!
냉동삽겹살임에도 불구하고 관리를 잘했는지 굉장히 맛있습니다 많은 인원으로 고기를 먹고자하는데 가성비로 좋은곳을 추천한다면 여기가 되겠네요~",5
국민회관,"여기 정말 냉삼 맛집이네요! 고기육즙이 짱짱하고, 정말 맛있어요. 특히 구수한 된장찌개가 별미네요.ㅎㅎ 마지막에 밥 볶아먹는 것도 좋구요. 사장님, 또 들릴게요. 번창하셔요.",5
국민회관,급랭삼겹살 진짜진짜 애정하는데 여기 고기 완전 제스탈이에요~  고기도 맛있고 사이드도 맛있구요 고기먹구 고기조금씩 잘라서 넣어 만드는 볶음밥도 예술이에요 진짜 배부르게 맛있게  먹구 왔네요~^^ 직원분들도 친절하셔서 감사했습니다 여긴 진짜 추천이에요!!,5
국민회관,냉장 삼겹살 물론 맛있지만 냉동 삼겹살 특유의 바삭함 소리 그래서 전 냉동이 더 좋은데 잘 못 가면 냄새나는 집도 있지만 여긴 그런건 없었네요 냉삼겹 추천합니다 잘 먹었어요,5
국민회관,"친구들과 여행갔다가 맛집 검색해서 한잔 할겸 방문했었는데 고기가 정말 싱싱하고 맛있었어요
맛있어서 배가 불러도 너무 많이 먹었네요 좋았습니다",5
국민회관,"국민회관 삼겹살 먹으러 왔는데, 냉동삼겹살인데 왜 이렇게 맛있나요. 육즙 팡팡 터지고 파조리개에 싸 먹으니 맛있네요. 돼지껍데기도 쫄깃하고 잡 냄새 없고 식감이 너무 좋아요.",5
국민회관,"친구만나서 편안하게 멉으려고 들렀어요.
집에서 먹는것처럼 맘편하게 잘 먹었습니다.
오랬만에 만난 친구도 그렇고 가게도 정겨운 분위기라서 음식 맛도 더 좋았던 것 같아요.",5
국민회관,"술 한잔 하기 좋은 곳 추천하라면 여깁니다.
냉동삼겹살 뿐아니고 특이한건 돈차돌이 있어요. 처음 젖해봤는데 돈차돌이 이렇게 부드럽고 고소하다는걸 처음 알았네요. 처음 먹어보기도 했지만 너무 맛있었어요. 우차돌못지 않게 맛있어요. 강추 입니다.",5
국민회관,손님 나간지 30분째 상안치워서 빡쳐서 웨이팅하다 나옴 알바들 하는거 가만보니 심히 문제있음,1
국민회관,"야들하게구워먹는게 정말맛나요!!!
냉삼맛집인정~^^",5
국민회관,"냉삼 160g=14000원

소주 5000원, 맥주 6000원, 은박지 사용",1
국민회관,알바생들 담배피고 가래침뱉는소리 비위상함,1
국민회관,냉삼 15000원 가격도 비싸고..옛날분위기 좋아하는 분들은 좋아할순 있으나 나는 별로 였음.,1
국민회관,레트로 분위기 추억에 잠기고 냉삼이 너무 맛있어 더 기억에 남을 것 같아요. 반찬도 맛있고 냉삼기름에 구운 참나물과 함께 먹는게 독특해요. 직원분이 친절해서 더 기분 좋게 먹고 나왔어요.,5
국민회관,"냉삼겹살에 파무침이 잘 어울려요.
레트로분위기도 좋네요.",5
국민회관,분위기 너무 좋네요 ^^ 레트로 감성에 맛도 좋아서 재방문의사 있습니다 ㅎㅎ,5
국민회관,저녁식사로 냉동삼겹에 소맥한잔을 위한 장소로 국민회관을 방문했는데 냉동삼겹이지만 너무 맛있게 먹었어요.기본 반찬들도 깔끔하고 푸짐하고 한정식 부럽지 않은 곳입니다. 삼겹과 곁들인 짜파게티또한 맛이 일품이랍니다. 가성비 최고 맛 또한 최고 또 방문하고싶네요.잘 먹었습니다,5
국민회관,"만리동 맛집골목에 위치한 런닝맨에 나온 레트로 냉삼맛집 
빈티지 인테리어에 냉삼 넘 맛있어요 회식장소로 추천합니다",5
국민회관,우연히 가본 식당이었는데 맛있었어요 사장님도 친절하시고 앞으로도 번창하세요.,5
국민회관,친구모임으로찾은국민회과에서 삼겹살파티를했어요.가격도좋고맛도좋아 다들배불리먹고수다도떨면서 행복한시간을보내고왔어요.다음모임장소도이곳으로하자는데다들이견이없었고 다른분들에게 추천도했어요,5
국민회관,레트로 감성 물씬~~나는 돼지고기 맛집~~^^친구랑 맛있는 고기맛에 한잔~가게 분위기에 한잔~~정말좋은 술자리를 가졌네요~고기도 엄청맛있고 무엇보다 분위기 너무 좋아요~~강추~,5
국민회관,집밥 생각나는 플레이팅과 가게 분위기가 정겹습니다 음식맛은 일품이구요 ㅠㅠ 밑반찬들이 진짜 맛있었어요 집만 가까우면 매일가서 먹고싶지만 멀어도 찾아갈 가치가 있는 식당이에요 사장님도 정말 친절하세요,5
국민회관,고기를 굉장히 좋아하는편인데 고기가 질기지도 않고 딱 먹기에 좋은 그런 식감이 들었어요 분위기도 너무 좋았고 사장님이나 직원분들도 친절해서 좋았던 것 같았어요,5
국민회관,광고 사절,1
국민회관,친구들과 오래간 만에 소주한잔 생각나 찾은 장소인데 냉삼이 정말 맛있네요. 고기가 맛있어서 그런가 술이 절로 넘어 갑니다.,5
국민회관,오늘 저녁으로 냉동삼겹살을 먹었는데 냉동 삼겹살은 잘못 하면 누린내가 날 수 있는데 여기는 그런거 하나도 없이 완전 맛있게 잘 먹고 왔네요 먹다가 너무 맛있어서 술 한잔도 쬐금 했습니다ㅎㅎ 다음에 또 방문 할게요~,5
국민회관,레트로분위기 밋집이네요 냉동삽겹살 우삽겹구이 진짜 맛있게 먹었네요 밑반찬들도 맛있고  친구들하고 모임하기 진짜 딱좋은 장소인거같아요,5
국민회관,냉동삼겹살 맛집 찾아다니는 사람입니다 진짜진짜 맛있어요 고기 퀄리티가 좋아서 먹자마자 육즙터지고 꼬소한 맛에 너무 좋았네요 파절이도 맛있고 밑반찬이 잘 어울렸어요 그리고 가게 분위기도 술먹기좋은 분위기에요 진짜 잘 먹구 왔습니다,5
닭칼원조집,"국물이 미쳤어요 
아이들과 갔는데 직원분 사장님 정말 친절했어요",5
닭칼원조집,"부추손만두가 맛있슴니더,,",5
닭칼원조집,"이사하기전 서울역에 있을때부터 자주 가는집..
손만두를 사리로 먹을수 있어 즐겁다.
오래 하셨으면 하는 마음이다...",5
닭칼원조집,전반적으로 깔끔한 맛. 소스는 매우 자극적. 재방문 의사까진 없지만 일부 후기 내용처럼 불친절하다고는 못 느낌.,3
닭칼원조집,닭이 쫄깃하고 맛있습니다. 국물도 시원한 게 소주가 절로 들어가네요.,5
닭칼원조집,"아니 어떻게 장사하는거지? 
이렇게 불친절한데?
친절 불친절을 떠나서 너무 무례함",1
닭칼원조집,"계속 와서 뭐 더 안시키냐고 눈치 줌 
결국 대놓고 나가달라고 하데 자리가 없는것도 아닌데
저녁에 술한잔 하러 가서 한시간만에 나옴
절때 비추!!  주변에 맛있는 닭한마리집 많아요",1
닭칼원조집,"국물이 투명해서 처음에는 밍밍한가 싶다가도
끓으면 끓을수록 맛있다!",3
닭칼원조집,추가 부추만두는 꼭!,5
닭칼원조집,충정로의 숨은 맛집! 평범하고 단촐한 재료로 감동을 자아낸다. 불친절하단 평이 많은데 나는 먹는 방법 설명도 해 주시고 반찬도 잘 챙겨 주셔서 꽤 친절하다고 느꼈다.,5
닭칼원조집,"나는 여기가 왤케 평점이 낮은지 모르겠다. 내가 가본 닭한마리 집 중에서 제일 맛있고 닭 크기도 준수하다. 일단 가게가 청결하다는 것 부터가 아주 마음에 든다.

닭으로 배불리 먹으려하면 안된다. 닭칼국수는 작은 사이즈를 시키고, 칼국수 사리와 국물로 배를 채워야 한다. 그리고 간장에 다데기를 듬뿍 넣고, 겨자를 조금 넣어서 양념장을 만들어서 먹어야 한다. 다데기를 많이 넣는게 핵심이다.  이 양념장은 닭을 찍어먹어도 맛있고, 칼국수 사리를 찍어먹어도 맛있다.

개인적으로 만두 사리를 시키는건 비추한다. 조미료가 안들어가서 심심하다.",5
닭칼원조집,진짜 개맛있어요 제 인생 최고의 맛집이에요.. 이 집이 없어지면 죽고 싶을거에요....20살에 종로학원에서 재수하면서 우연히 발견해서 먹게 됐는데 너무 맛있는 곳이에요.. 제 생각보다 별점이 너무 낮아서 인생 거의 처음으로 리뷰써요.. 너무 맛나요 진심 진심,5
닭칼원조집,불친절,1
닭칼원조집,추운 날에는 이게 딱이지 ~ 담백한 육수와 쫄깃한 닭한마리 그리고 고소한 죽이 가져다 주는 아늑함이랄까? ㅋ,3
닭칼원조집,엄~청 불친절하고 양념으로 나오는 다대기는 너무 삭혀서 맛없고 간장은 오래되서 식초맛이 남 거기서 어떻게해도 양념이 맛없었음.. 심지어 양념만들지도 않았는데 소스통 설거지해야한다고 뺏어가고 ㅋㅋㅋ다시 갖다달라하면 정색함 국물에도 아무맛 안나서 맹물에 삶은 닭 넣은 정도라 충격먹었어요 ㅋㅋㅋㅋㅋ닭은 너무 퍽퍽하고 아무맛없어서 이걸 이돈주고 판다고?생각이 들었고 동네 아무 삼계탕집가도 여기보단 맛있을거라 생각하고 차라리 집에서 닭삶아먹는게 훨씬 맛있을거라고 장담함,1
닭칼원조집,"너무 불친절합니다 절대로 가지마세요 
식당에들어가서 30분도 안되서 
저희에게 
여기는 얘기하면서 먹는곳이아니라고 
뒤에 기다리는 사람들이 있으니깐 빨리먹고 나가라고하셨어요
심지어 저희가 주문한 만두사리가 나오지도않았고 음식을먹은지는20분도 되지않았을때였습니다 
만만해보이는 손님들한테만 그러시는것같았어요 
나이 있으시고 저희보다 먼저온 남자손님들에게는 
절대 그런말안하시더라고요 정말 기분나뻤습니다 
주문한 사리도 나오지않았는데 얘기하지말고 음식 먹으라는 
소리 처음들어봅니다",1
닭칼원조집,"뭐라고 써드려야 할지 난감하네요
상당히 음식에 자부심을 가지신 것 같은데
괜히 상처드리는 것 같아 죄송합니다
일단 겨자소스 노란거 쓰시는 것 같은데
소스맛이 매우 떫고 씁쓸해져서 별로인 것 같고
닭에서 냄새 납니다 이것도 좀 체크를 해보시는게",2
닭칼원조집,닭너무 비려서 형님데려갔는데 절반도못먹고나왔습니다.... 먹고나왔는데도 입에서 닭비린내나서 망빙으로정화중... 형님한테 무릎꾾고 사죄중입니다..  호숫집 가려다 닭꼬치안판다고해서 근처 들어간건데..  역시 삼대천왕 맛집은 개노맛,1
닭칼원조집,"자극적이지 않고 담백하고 깔끔한 국물
오래 끓여도 쫄깃한 국수 면발 
단연 최고의 닭한마리 닭칼국수",5
닭칼원조집,맑은 국물 시원한 맛은 있지만.. 깊은 맛보다는 밍밍했어요. 원조집이라 기대했었는데 ...ㅜㅜ 마무리는 면사리로 했습니다.,2
닭칼원조집,"역대급 맛집을 찾은 것 같아요&hellip; 국물, 소스, 그리고 칼국수의 쫄깃함까지, 뭐 하나 빠지는 게 없네요ㅠㅠ",5
닭칼원조집,불친절,3
닭칼원조집,분기별로 갑니다.....넘 맛있어용!!!!!!,5
닭칼원조집,"왜 불친절하다는지 알겟음.. 소스 좀 다시 달라고 부탁햇는데 처음부터 말하지 왜 이제 말하녜요..  직원분이 걍 틱틱대시다가 사장님으로 보이는 남자분이 옆에 오니까 &quot; 갑자기 &quot; 친절한 척하심. 네 그렇다고요. 
부추손만두 개 존맛까진 아닌데 부추손만두 추가안하면 너무 뭐가 없어서 추가하게됨",3
닭칼원조집,닭한마리(2인) 2만원.칼국수 6천원.닭도리탕 2만5천원.닭무침 1만3천원/10:00~22:00/휴무-일요일/SBS 백종원의 3대 천왕 &quot;닭한마리&quot;편에 소개된 식당,4
닭칼원조집,"(1차방문) 국물맛 끝내주고 

(2차방문) 손만두는 무조건 추가로 시켜야 된다.

(3차 방문/ 2024.02.02) 만두사리+떡사리",5
닭칼원조집,그냥 인삼과 대추가 없는 삼계탕. 심지어 밥과 국수 사리는 따로 시켜야함. 게다가 수저와 양념통이 테이블 2개당 하나라서 불편했다.,1
닭칼원조집,닭칼의 지존이고 만두도 맛나요,5
닭칼원조집,국물이션하고 맛이 좋네요~~^^,5
닭칼원조집,깨끗한 맛,5
닭칼원조집,양적고 불친절 다시 가고 싶지 않은곳,1
닭칼원조집,육수의 담백한 맛..,5
닭칼원조집,완전 맛있어요~ 닭한마리를 좋아해서 여기저기 가는데 이곳은 특히 국물이 맛있어요!,5
도마 중림점,"고기맛이 끝내주네요
다음 모임도 여기로가야쥐",5
도마 중림점,와! 회사근처 이렇게 맛있는 소고기집이 있었다니~ 매일 와야겠네요!,5
도마 중림점,가성비 맛집입니다^^,5
도마 중림점,"요기 진짜 깔끔하니 잘해요.
매장도 관리가 잘되어있구요",5
도마 중림점,친절하고 고기가 너무 맛있어요! 뭉티기 진짜 사르르 녹아내림~,4
도마 중림점,"길건너 두툼이랑 견줄만한 고깃집임
방송 탔냐차이인듯
요즘 두툼 웨이팅 생각하면 여기가 나음",5
도마 중림점,소고가 일품인 찐 맛집이라 자주 방문을 하고 있어요!,5
도마 중림점,마약된찌랑 소고기 존맛탱💖 소고기 질좋고 맛있어요 사람 많은데엔 이유가 있네요오^^,5
도마 중림점,모듬으로 주문해서 먹어봤는데 진심 개존맛탱❤️❤️,5
도마 중림점,아주 깔끔하고 정갈한 맛집입니다!,5
도마 중림점,소고기 최고 입니다~~ 고기 먹고 싶을때는 도마만생각나요~~ 반찬도 잘나오고 중독성 있음,5
도마 중림점,고기땡길때 가면 너무 좋아요 고기맛집입니다,5
도마 중림점,여긴 물냉이 맛있네요 ㅎ,5
도마 중림점,고기먹고싶을때 도마가시면 실패없습니다ㅎㅎ 맛있어요,5
도마 중림점,친절했어요 외식으로 방문했는데 기분 좋은 외식~!,5
도마 중림점,"필수 맛집ㅋㅋㅋ 넘 맛있게 잘 먹었어요^^
배 터지고 갑니다",5
도마 중림점,"꽃살

호주 와규 등심

특상 한우 우설

마약된장술밥

행복했다",5
도마 중림점,"뭉티기 고기 🍖 진짜 존맛탱탱입니다~ 전 스폐셜모듬세트에서 먹었는데 고기추가해서 더먹었어요~
기본 반찬구성도 좋아서 강추입니다~💜",5
도마 중림점,맛도 좋고  가격도 착해서 자주오려고요,4
도마 중림점,맛도 좋고 친절해서 좋았어요 😁,5
도마 중림점,스페셜모듬 먹었는데 가성비도 좋고 대박 맛있음!,5
도마 중림점,스페셜 모듬 구성 딱 좋아요 고기 자체가 좋으니 진짜 여기 너무 좋은곳이예여 다 친절했고 저는 너무 만족스러웠어요,5
도마 중림점,메뉴 구성 알차고 양도 많아서 배부르게 먹었어용~,5
도마 중림점,맛있음 ㅋ 그리고 친절하시고 깨끗해서 만족👍🏻,5
도마 중림점,"250414 방문
고등어정식 - 맛있음. 
&amp; 이제 1인은 1시 이후 받으나 유연하게 들여보내주기도 함, 이제 된찌 싱겁게 불가능

240607 방문
고등어정식 - 맛있음. 괜찮음.

240308 방문
고등어정식 - 괜찮은구성. 맛있는된찌. 
.
개인적으로 된찌는 싱겁게 부탁해서 먹는 편
혼밥가능",4
도마 중림점,맛이 좋아서 또 방문할거 같은 느낌~~,4
도마 중림점,"고기맛집, 술마시기 좋은장소로 분위기도 나름 괜춘.. 
저녁시간에 육회2인주문하니 추가주문해야만 한다라니 뜨아 .. 
결국내키지 않는 추가주문까지
글쎄 주차장도없고..
추천맛집이라 걍 함가봤어요",3
도마 중림점,나름 괜찮았습니다. 근데 된장찌개 국물이 없어도 너무 없었어요ㅠㅠ 거의 졸여서 나온 느낌이랄까? 근데 전반적으론 나쁘진 않았습니다.,3
도마 중림점,"고기가 신선해요! 질.량. nice!
질문에 대한 친절한 설명 좋아요. 
콜키지프리 전략적 정책  good. 재방문하고 싶어요",5
도마 중림점,"좋은 재료
훌륭한 맛
가성비 맛집은 아닌데, 
된장찌개가 매우 특색 있다.",5
도마 중림점,된장찌개 맛집,5
도마 중림점,"점심에 가서 먹으면 웨이팅 쫌 해서 먹어야함. 그래도 된장찌개랑 비빔밥이 맛있어서 이 메뉴가 생각나면 좀 기다려도 먹을듯. 직원분들도 바쁘면 정신없을건데 친절함. 바쁘거나 사람몰리면 혼자인 사람 안받는 식당들도 있는데 여기는 혼밥하는 사람도 받아서 점심때 혼밥도 가능.(점심때 시끌벅적한 테이블들 사이에서 혼밥 자신있다면)
김치는 좀 단편이어서 호불호 있을듯",4
도마 중림점,막상 찾으면 또 점심에 이만한 집이 없다,4
도마 중림점,"홍대점 단골이였으나 너무 많은 웨이팅 때문에 못가고 집근처인 중림점을 이용하고 있습니다.
주말에 가족과 함께 하기 좋은 고기집입니다. 찬구성은 홍대 본점과 동일한 고기에 어울리는 감칠만 나는 구성이며 고기의 질 또한 수입산 인지 한우인지 헷갈릴 정도로 좋습니다. 특히 한우 우둔살을 사용한 육회와 뭉티기는 꼭 드셔보세요",5
도마 중림점,점심식사용으로 가끔 갔지만 이제는 가격대가 너무 오른 것 같습니다. 맛은 있어요.,5
도마 중림점,"찬이  너무나  맛이었서요...김치한번  먹어보세요.....○○○○
  김치같아요..",1
도마 중림점,매장 청결하고~ 직원분들 친절하고~ 고기맛 굿~ 재방문의사 20000%,5
도마 중림점,여긴 고기고 고긴데 마약된장찌개 대존맛!!!,5
도마 중림점,여기 소고기가 진짜 손에 꼽을 정도로 질이 좋아요~,5
도마 중림점,반찬부터 고기 찌개까지 퍼펙트합니다👍👍,5
도마 중림점,가성비 좋고 맛있네요 ㅋㅎ 혼밥 최공,5
도마 중림점,가성비가 미친곳~~ 너무맛있어요^^,5
도마 중림점,"도마모둠 세트를 주문했는데, 고기퀄리티도 너무 좋고
식감이 부드러워서 입에서 샤르르 녹는 느낌이 한가득❤️
고기 자체가 엄청 신선했고, 푸짐한 밑반찬이랑 함께 먹으니 더 맛있었네요~ 직원 분도 굉장히 친절하셨어요.
재방문률이 높은 걸로 아는데 왜 그런지 알거 같아요.
또 방문할게요",5
도마 중림점,도마 모듬 가성비 최고예요! 또 방문할게요~,5
도마 중림점,가성비좋고 맛있음 위생 깔끔,5
도마 중림점,친절하고 깔끔한 맛있는 고기가 있는곳!!,5
도마 중림점,찌개랑 고기랑 너무 맛있어요! 술안주 밥반찬으로 찐 인정!,5
도마 중림점,"5월 가정의달 행사중
맛있음",5
도마 중림점,"회식차 방문했는데 이미 몇명 참석하는지도 대략 파악했으면서 고기는 도착1시간이 지난 후 나왔습니다
처음 테이블이 식사 다 끝나갈즈음 받으니 기분이 안좋더군요
그리고 한판을 순식간에 끝내고 또 한참을 기다려야했습니다
알바생들은 핑계만 대고요...
회식때문에 왔지만 너무 실망했어요 저는",1
도마 중림점,"점심시간 약간의 웨이팅은 있지만 맛집!!!
된장은 약간 간이 센편입니당",5
도마 중림점,가성비 너무 좋앗구 맛잇엇어요 ㅎㅎ 고기가 부드라워영,5
도마 중림점,"맛있게 잘 먹었음 근데 된장이 좀 짜다고 느낄 사람도 분명 있을듯 
그리고 다른 리뷰에서도 볼수있듯이 음식 나오는 시간이 좀 걸리긴함 의외로",4
도마 중림점,소고기 맛있고 서비스도 무난했습니다.,4
도마 중림점,맛있었고 직원분들도 친절했어요!,5
도마 중림점,"직원들 교육좀 시키세요... 일하기 싫은 티 팍팍내고 부를때마다 눈치 보이게하네요.
다른 평들 보니까 다들 같은 생각이신것 같은데 개선이 필요한것같습니다",1
도마 중림점,맛은 좋은데 음식 나오기까지 한참 걸리고 직원들 응대 태도가 엉망. 스윙스 닮은 직원 손님한테 협박식으로 말함. 괜히 기분만 망치는 곳.,1
도마 중림점,"음식 맛은 좋은데 장소가 별로에요
뭐가 고장났는지 음악을 틀어놔도 식당전체에 계속 쿵쿵쿵쿵 소리가 들리고, 서빙도 너무 느렸어요",2
도마 중림점,된장찌개 존맛,4
도마 중림점,우리 동네 제육볶음 1등. 염분만 줄이면 완벽. 친절은 기대하지 마시길.,4
도마 중림점,점심 된장먹으러가는곳,4
도마 중림점,"직원들 첫장사하는줄
된장찌개 정식 하나 나오는데 30분걸릴일인가요?
오래걸릴거면 말을 계속하든가 반찬이라도 내든가",1
도마 중림점,"소고기 집이야 가격이 다 비싸지만 ㅋㅋㅋ 여기도 그렇죠.
어쨌거나 그러나 맛있습니다...
달래 된장찌개 진짜 맛나구요. 고기도 모듬 세트가 있어서 다양하게 먹어보고 취향에 맞는 애로 추가 주문하면 됩니다.",5
도마 중림점,리뉴얼되고나서 꽤 좋아졌다. 솥밥으로 인해 누룽지를 먹을수 있게 되었고 고등어백반을 시킬까 제육을 시킬까 고민하던것이 제육 사이드를 새로 추가하였다 very nice,4
도마 중림점,김앤장이 인정한 돌솥밥맛집,5
도마 중림점,된장찌개에 달래랑 고기 들어가있는데 향하고 풍미가 엄청 좋아서 된장찌개만 있어도 밥 뚝딱할 것 같음 ㅠㅠ,5
도마 중림점,"지난 번 저녁에 먹은 고기가 좋아서 점심시간에도 방문해 봤는데, 맛도 좋지만 깔끔하게 나오는 차림상이 마음에 듭니다. 안쪽은 에어컨을 가동시키지 않은건지 조금 덥네요.",5
도마 중림점,소고기 살살 녹음. 반찬들도 괜춘! 된장찌개는 조금 짜지만 그래도 맛있어요,5
도마 중림점,등심! 아주 맛있어요! 마약된장!,4
도마 중림점,점심 된장 정식. 찬도 깔끔. 먹을만 함.,3
도마 중림점,"직원들 접객이 쓰레기
대기 하다가 자리나면 손님을 자리로 모셔놓고 기다리게 하는게 맞지 않냐? 자기네 루틴대로 메뉴부터 내야되니 자리가 닜는데도 대기손님을 계속 세워둠. 음식 나오는데도 한세월걸림. 그나마 먹을만하지만 다시는 안갈거깉음.",1
도마 중림점,직원들이 불친절하다. 손님이 직원 눈치를 보게 한다. 주인은 홀 소빙을 점검할 필요가 있다.,2
도마 중림점,맛있었습니다!!,5
도마 중림점,직원 불친절에 맛도 그저 그렇고...,1
도마 중림점,"친정부모님이랑 오붓한외식하고왔어요
고기 진짜맛나고 뭉티기는 입에서 녹아요
된장찌개는 필수예요",5
도마 중림점,고기질 좋고 맛 원탑임 잘 먹고갑니다~,5
도마 중림점,스페셜모듬먹었어요 다 맛있는데 전 꽃살이 제일 맛있었어요 고기 진찌 맛있음~!,5
도마 중림점,"양념게장 정식  고등어 정식
솥밥으로 먹었는데 밥은 설고 양념게장은 조미료 맛 그 자체 고등어는 작습니다
된장찌개는 먹을만 반찬도 괜찮은 편
친절합니다",3
도마 중림점,점심 정식 양 많고 엄청 맛있어서 거의 울면서 먹음... 공기밥이랑 반찬도 리필해 주셔서 감동이고 사장님 엄청 친절하셔요. 근처 올 일 있으면 무조건 또 올 듯!!,5
도마 중림점,"모둠으로 먹었는데 가성비 왕 조아요
진짜 배터질 뻔! 넘 좋아용ㅎㅎ",5
도마 중림점,짐 손님 안내하는 사람 졸불...,1
도마 중림점,찌개 넘넘 맛있어요~~,4
도마 중림점,"소고기 땡기는날 자주 찾는집 ㅎㅎ
부드럽고 육즙 엄청 고소해요~~",5
도마 중림점,꽃살 등심 입에서 살살 녹습니다. 맛집이예요,5
도마 중림점,맛 정말 맛있어요🥺많이 홍보할게요 잘 먹고 옵니다🌝,4
도마 중림점,고기가 입에서 녹고 사장님도 직원분들도 모두 친절하셔서 좋았어요~,5
도마 중림점,고기도 맛있고 찌개도 넘 맛있었어요.,5
도마 중림점,남자 알바분 주문 받을때부터 성의도 없으시고 뭐 아무것도 설명도 안하시고 그리고 저희 테이블 바로 옆에서 퇴장까지 30분 남았다며 눈치 주셔서 먹다가 체하는줄 알았습니다 갑자기 저희 대화중인데 냅다 퇴장 삼십분 남았다며 옆 테이블 계속 서성거리고 기분 너무 안좋았네요 재방문의사 절대 없습니다,1
도마 중림점,"점심에 테이블 순환이 너무 안됩니다ㅠㅠ
거의 한시간을 기다렸네요 일단 안에 테이블 다 빠지고 정리되면 다시 한번에 주문받는 식입니다.. 그렇다고 메뉴가 빨리 나오지도 않구요.. 맛은 있어요 근데 맛있고 말고를 떠나서 서비스가 너무 별로에요 총괄? 하시는 좀 덩치 있으시고 문신하신 분은 마스크 제대로 안쓰고 손님들 받으시고 안쓴채로 주방에 들어가서 떠드시더라구요..
맛은 있어요 근데 비추입니다",2
도마 중림점,점심시간 회전률 경이로울 정도로 느림.. 회사 근처에서 이런 곳 처음봄ㅋㅋㅋㅋ 자리가 나도 바로바로 안내 안하고 가게가 모두 빌때까지 기다렸다가 다 치우고나면 입장시킴.. 매니저같은 직원이 홀과 주방에서 시종일관 턱스크하고 말해서 비위생적이에요.. 음식도 개늦게나옴,1
도마 중림점,"점심메뉴 좋음
직원도 친절함",3
도마 중림점,음식맛은 좋음 점심 테이블회전은 거의 정지상태 ㅋ,3
도마 중림점,음식 맛있고 깔끔하게 잘 나옵니다^^,4
도마 중림점,매장도 깔끔하고 음식 퀄리티도 우수함 너무 맛있게 먹고 가요,5
도마 중림점,짧은머리 남성 알바?직원? 상당히 불친절. 불쾌감.,1
동강나루터,"한 수저 뜨자마자 술이 생각나는 맛.
참게는 속이 꽉 차있고 메기는 정말 부드럽다.
미나리가 들어간 매운탕은 항상 옳다.",5
동강나루터,흔한 매운탕 맛..,3
동강나루터,기대보다 너무 별로,2
동강나루터,"가성비 최고의 맛집이라 생각합니다.
집에서 1시간 거리지만 한달에 한번은 꼭 들르는 맛집입니다.",5
동강나루터,서울에서 보기 힘든 민물매운탕 맛집. 흙내도 안 나고 맛이 깊음.,5
동강나루터,잘먹고왔습니다,3
동강나루터,"매운탕 맛있어요 !! 근데 저녁에 가면 웨이팅이 길고, 회식하시는 분들이 많아서 약간 시끄러워요.",5
동강나루터,"깊은 맛의 국물, 쫄깃쫄깃한 수제비, 살 오른 메기.
너무 맛있게 먹었습니다..!",5
동강나루터,"시끄럽지만 맛은 매우 훌륭.
직원분들 친절. 가끔 웨이팅.
참게메기매운탕 추천.",5
동강나루터,"을지로만 가다가 서울역 지점은 처음 가봤습니다. 
술마시는 아저씨들이 많아서 항상 시끄러운데 그나마 전 을지로가 더 나은 것 같아요. 
맛은 같은 듯하여 그냥 가까운 곳 가시면 되겠습니다. 

을지로: 2층인데 계단 가파름. 더 넓고 김치 종류 더 많음
서울역: 1층이라 접근성 좋으나 좁아서 더 시끄러움",4
동강나루터,참게메기매운탕은 사랑임... 을지로쪽보다 여기가 더 맛있는건 기분탓인가?,5
동강나루터,"어르신이 좋아할 분위기에요
맛도 좋아요",4
동강나루터,맛있어요~ 한잔하기 좋아요~,5
동강나루터,"자리가 없을 때
기다리지 말고
자리가 있다면
먼저 앉는 놈이
장땡이었다!
대기 번호표라도 나눠주든지.",4
동강나루터,"맛이 있긴한데 가끔 베짱장사? 하는 느낌이 듬..
중 이하는 미나리 수제비 리필안됨",3
동강나루터,친절하심. 메기 비주얼 좀 심각하긴 함ㅋㅋ 살은 부드러움. 같이간 일행은 맛있게 먹음.,5
동강나루터,젊은이도 반하게하는 맛,5
동강나루터,서울에서 보기 힘든 민물매운탕 맛집. 흙내도 안 나고 맛이 깊음.,5
동강나루터,신라면 먹고 탈 안나길 기도하는 사람기준 리뷰입니다. 참게메기매운탕 소자 먹었어여. 아주 맛있게 맵습니다. 땀도 좀 나고 콧물도 좀 나네여. 제가 갔을땐 밥이 다 떨어져서 옆 편의점에서 햇반 사가지고 먹었습니다.,4
동강나루터,"뭐지.. 14년부터 단골인데 맛이 완전히 바꼈어요
밍밍하고 감칠맛도 없고
이유 아시는 분?",1
동강나루터,두반째 방문했는데. 최고입니다. 말이 필요없응.,5
동강나루터,Been,3
동강나루터,"정말 오랜만에 먹는 메기매운탕인데~~
제대로네요. 국물도 메기도 대박. 해장으로도 안성맞춤~
자주 방문할 것 같아요.",4
동강나루터,민물매운탕,5
동강나루터,신라면 먹고 탈 안나길 기도하는 사람기준 리뷰입니다. 참게메기매운탕 소자 먹었어여. 아주 맛있게 맵습니다. 땀도 좀 나고 콧물도 좀 나네여. 제가 갔을땐 밥이 다 떨어져서 옆 편의점에서 햇반 사가지고 먹었습니다.,4
동강나루터,"일이 있어 서울에 온 친구를 보내기 전 우연히 들어온 식당
추어탕을 먹을려다 주변을 보니 죄다 같은 뚝배기라서 
중자하나 주문함
국물 한 숟가락에 소주
수제비나 미나리는 돌아 다니면서 넣어주심
우리한테는 안오셨지만 
추석때도 금주중이라 안 마셨던 소주 다섯병에
추어탕도 추가 함",5
동강나루터,젊은이도 반하게하는 맛,5
동강나루터,"맛이 있긴한데 가끔 베짱장사? 하는 느낌이 듬..
중 이하는 미나리 수제비 리필안됨",3
동강나루터,"참게 실하고 메기 살도 많다. 국물에 민물새우도 가득
이정도 메기매운탕 흔치 않다",4
동강나루터,흔한 매운탕 맛..,3
동강나루터,"가성비 최고의 맛집이라 생각합니다.
집에서 1시간 거리지만 한달에 한번은 꼭 들르는 맛집입니다.",5
동강나루터,잘먹고왔습니다,3
동강나루터,"한 수저 뜨자마자 술이 생각나는 맛.
참게는 속이 꽉 차있고 메기는 정말 부드럽다.
미나리가 들어간 매운탕은 항상 옳다.",5
동강나루터,"매운탕 맛있어요 !! 근데 저녁에 가면 웨이팅이 길고, 회식하시는 분들이 많아서 약간 시끄러워요.",5
동강나루터,친절하심. 메기 비주얼 좀 심각하긴 함ㅋㅋ 살은 부드러움. 같이간 일행은 맛있게 먹음.,5
동강나루터,"시끄럽지만 맛은 매우 훌륭.
직원분들 친절. 가끔 웨이팅.
참게메기매운탕 추천.",5
동강나루터,"을지로만 가다가 서울역 지점은 처음 가봤습니다. 
술마시는 아저씨들이 많아서 항상 시끄러운데 그나마 전 을지로가 더 나은 것 같아요. 
맛은 같은 듯하여 그냥 가까운 곳 가시면 되겠습니다. 

을지로: 2층인데 계단 가파름. 더 넓고 김치 종류 더 많음
서울역: 1층이라 접근성 좋으나 좁아서 더 시끄러움",4
동강나루터,참게메기매운탕은 사랑임... 을지로쪽보다 여기가 더 맛있는건 기분탓인가?,5
동강나루터,"어르신이 좋아할 분위기에요
맛도 좋아요",4
동강나루터,기대보다 너무 별로,2
동강나루터,"맛있고 서비스가 좋아요
사장님도 종업원도 모두 친절하시고
가격도 저렴",5
동강나루터,"정말 맛있어요. 국물, 미나리 리필되어서 너무좋아요",5
동강나루터,"알이 꽉찬 돌게, 야들야들한 메기살, 얼큰한 국물이면 소주 두병 완샷",5
동강나루터,"일이 있어 서울에 온 친구를 보내기 전 우연히 들어온 식당
추어탕을 먹을려다 주변을 보니 죄다 같은 뚝배기라서 
중자하나 주문함
국물 한 숟가락에 소주
수제비나 미나리는 돌아 다니면서 넣어주심
우리한테는 안오셨지만 
추석때도 금주중이라 안 마셨던 소주 다섯병에
추어탕도 추가 함",5
동강나루터,"참게 &amp; 메기 매운탕 일품,  서울역 부근 맛집",4
동강나루터,"메기, 참게, 미나리가 조화로운 맛을 내고 거기에 착한 가격까지",5
동강나루터,"최고!
엄지척!!!",5
동강나루터,민물매운탕 최애집,4
동강나루터,"깊은 맛의 국물, 쫄깃쫄깃한 수제비, 살 오른 메기.
너무 맛있게 먹었습니다..!",5
동강나루터,"오랜만에 맛있는 메기매운탕 먹었네요! 미나리와 수제비먹저 먹고 참게 메기살순으로~배에 여유가 된다면 라면사리콜!
손님이 많아서 서빙아줌마는 별로 친절하지 않음이 아쉽네요",4
동강나루터,정신없지만 맛은 gooooood~~!!,4
동강나루터,매운탕 맛있게 잘 하는 집. 국물이 칼칼하고 건지도 실함,5
동강나루터,맛있어요,5
동강나루터,매운탕 안좋아하는데도 잘먹었어요,3
동강나루터,맛은 갠춘 근데 위생이ㅋㅋ 수저에 밥알 다붙어있고~~~,3
동강나루터,오늘의 해장은 참게메기매운탕 ^^ 참게는 많은데 메기가 없다 ~ 나 갑각류 싫어하는데 ㅠㅠ,3
동강나루터,"공기밥은 따로계산
살짝 매운편
열무김치 굿",4
동강나루터,참게메기매운탕+미나리 +갓김치+백김치+무말랭이고춧잎무침!최고입니다 ~☆.주차?,4
동강나루터,"찐득한 맛

싫어할사람이 없을 곳",4
동강나루터,"대대손손오는 맛집
맛있어서 반주 뚝딱",5
동강나루터,"조미료 맛이 좀 강한거 같기도한데 매운탕이 다 그렇겠죠. 매콤한 국물이 참 맛있습니다. 소주 안주로 최고에요.. 국물, 미나리 리필도 잘해주시고 가격도 합리적인 것 같아요",4
동강나루터,두부 사리 같은거 있으면 좋겠다 직원분들이 조선족 분들이시고 친절한 편은 아니지만 전체적으로 맛있고 괜찮음,4
동강나루터,지금껏 먹어본 메기매운탕 중 단연 최고네요. 정말 맛있네요.,5
동강나루터,메기매운탕이 정말 맛잇어요!!,5
동강나루터,맛있어요~ 한잔하기 좋아요~,5
동강나루터,"자리가 없을 때
기다리지 말고
자리가 있다면
먼저 앉는 놈이
장땡이었다!
대기 번호표라도 나눠주든지.",4
동강나루터,"국물... 최고
생선 살이랑 게살이 먹을 게 없긴 하지만
국물이 일품이므로 강추",5
동강나루터,"찐득한 맛

싫어할사람이 없을 곳",4
동강나루터,"최고!
엄지척!!!",5
동강나루터,민물매운탕 최애집,4
동강나루터,"정말 오랜만에 먹는 메기매운탕인데~~
제대로네요. 국물도 메기도 대박. 해장으로도 안성맞춤~
자주 방문할 것 같아요.",4
동강나루터,"오랜만에 맛있는 메기매운탕 먹었네요! 미나리와 수제비먹저 먹고 참게 메기살순으로~배에 여유가 된다면 라면사리콜!
손님이 많아서 서빙아줌마는 별로 친절하지 않음이 아쉽네요",4
동강나루터,정신없지만 맛은 gooooood~~!!,4
동강나루터,매운탕 맛있게 잘 하는 집. 국물이 칼칼하고 건지도 실함,5
동강나루터,맛있어요,5
동강나루터,"국물... 최고
생선 살이랑 게살이 먹을 게 없긴 하지만
국물이 일품이므로 강추",5
동강나루터,매운탕 안좋아하는데도 잘먹었어요,3
동강나루터,맛은 갠춘 근데 위생이ㅋㅋ 수저에 밥알 다붙어있고~~~,3
동강나루터,오늘의 해장은 참게메기매운탕 ^^ 참게는 많은데 메기가 없다 ~ 나 갑각류 싫어하는데 ㅠㅠ,3
동강나루터,"공기밥은 따로계산
살짝 매운편
열무김치 굿",4
동강나루터,참게메기매운탕+미나리 +갓김치+백김치+무말랭이고춧잎무침!최고입니다 ~☆.주차?,4
동강나루터,Been,3
동강나루터,"대대손손오는 맛집
맛있어서 반주 뚝딱",5
동강나루터,"조미료 맛이 좀 강한거 같기도한데 매운탕이 다 그렇겠죠. 매콤한 국물이 참 맛있습니다. 소주 안주로 최고에요.. 국물, 미나리 리필도 잘해주시고 가격도 합리적인 것 같아요",4
동강나루터,두부 사리 같은거 있으면 좋겠다 직원분들이 조선족 분들이시고 친절한 편은 아니지만 전체적으로 맛있고 괜찮음,4
동강나루터,지금껏 먹어본 메기매운탕 중 단연 최고네요. 정말 맛있네요.,5
동강나루터,두반째 방문했는데. 최고입니다. 말이 필요없응.,5
동강나루터,메기매운탕이 정말 맛잇어요!!,5
동강나루터,"알이 꽉찬 돌게, 야들야들한 메기살, 얼큰한 국물이면 소주 두병 완샷",5
동강나루터,"정말 맛있어요. 국물, 미나리 리필되어서 너무좋아요",5
동강나루터,"맛있고 서비스가 좋아요
사장님도 종업원도 모두 친절하시고
가격도 저렴",5
동강나루터,"메기, 참게, 미나리가 조화로운 맛을 내고 거기에 착한 가격까지",5
동강나루터,"참게 &amp; 메기 매운탕 일품,  서울역 부근 맛집",4
동강나루터,"뭐지.. 14년부터 단골인데 맛이 완전히 바꼈어요
밍밍하고 감칠맛도 없고
이유 아시는 분?",1
동강나루터,민물매운탕,5
동강나루터,"참게 실하고 메기 살도 많다. 국물에 민물새우도 가득
이정도 메기매운탕 흔치 않다",4
두툼,"드라이에이징 삼겹살 목살 

여기 정말 맛있습니다. 특히 반찬으로 나오는 무생채가 킥입니다.",5
두툼,완전맛집. 한번가면 계속생각남,5
두툼,"이곳을 이기는 고깃집 없어요 존맛탱
구워주셔서 좋아요",5
두툼,"다맛있음
웨이팅 너무 심해서 슬픔

유일한 단점은 고기를 구워주는 시스템이라 잘 못굽는 종업원분이 구워주시면 의도하신건 아니겠지만 맛의 퀄리티가 현저히 떨어진 적도 있었음.
굽는 연습 더 하고 테이블 쪽에 인원 배치해주시길!",5
두툼,식탁에 있는 모든게 맛있음,5
두툼,정말 맛있고 정말 시끄럽다,4
두툼,"삼겹살, 고추장찌개 맛집 인정",5
두툼,최악입니다. 가게 갑질이 장난아니네요.,1
두툼,맛있습니다. 그 외엔 가게가 갑이군요.,4
두툼,"삼겹살 껍데기 고추장찌개 맛있어요
웨이팅만 없으면 자주 가고 싶은 맛",5
두툼,"직원인지 사장인지 엽기토끼 닮은 덩치크신분.. 뭔 기분나쁜일이 있으셨나 웨이팅 적고있는데 글씨 이쁘게쓰라고 시비조로 따지듯이 얘기하네요.. 일행모두 기분나빠서 먹지 않고 나왔습니다.
누가봐도 또박또박썼구요, 고기굽는법보다 친절하게 말하는 방법부터 배우셔야 할 거 같습니다.",1
두툼,너무 맛있어요 ㅜ 웨이팅 회전도 빨라요,5
두툼,항정살은 비계가 너무두꺼워서 별로였고 삼겹살이 더 맛있었지만 굳이 웨이팅할정도는 아닙니다...,3
두툼,예약 필수 대기 필수!!,5
두툼,"4명중에 한명 늦게 온다는 이유로 입장이 안된다고 하는데 자리가 많이 비어있었는데도 대기하라고 하는 그런 서비스가 이해가되지않아요. 자리가 5군데 비어있었는데 대기하는 서비스에 불편함을 느껴서 오고싶지않네요.
주차X, 서비스X",1
두툼,존맛,5
두툼,"살면서 먹은 삼겹살중에 젤 맛있음
나만 갈 거야 나만 갈 거야 나만 갈 거야
-
다른 리뷰에서도 말한 것처럼 구워주는 사람 편차 있긴 함",5
두툼,"처음 안 시점부터 두 달간 4번 정도 갔음
구워주는 사람마다 편차있음. 오래 익혀서 고기 마르면 맛 반감됨

숙성, 백탄, 와시비, 명이 된찌 죄다 근본.
고추장찌개도 맛있음.

인원추가 안되는 점은 그렇다 치고 
인원 모두가 다 대기 해야하는 웨이팅 관련에 불만있는 평이 있으면서 이 점에는 개인적으로도 첨엔 의아스러웠는데 갈 때 마다 크게 문제된 적은 없었는 듯. 맛이 커버 가능. 대기자들 문 들낙 않게 웨이팅 프로그램 갖다 쓰면 서로서로 편해질 듯

최근 고기 잘한다는 곳 여럿 돌아다녔는데 서울 탑티어.",5
두툼,"테이블 단위로 예약을 받아야지 일행이 한명 안왔다고 안받아주는 영업방식은 이해가 안되는 행태네요.
어떻게 모든 인원이 한꺼번에 오는지..안먹고 갑니다.번창 하세요",1
두툼,맛나게 구워주셔서 너무 좋았고 고기가 너무 맛있어서 진짜 간만에 과식함... 이미 웨이팅도 길어서 그냥 이제 나 이후로 아무도 몰랐으면 좋겠음 ㅋㅋㅋㅋㅋㅋㅋㅋ ㅠㅠㅠㅠ 하지만 맛때문에 그럴 순 없겠죠.... 너무 맛있어요....,5
두툼,사람이 많아서 시끌시끌. 고기 먹고 싶을때 딱.,5
두툼,"오지마세요. 나만 갈거니까...
사람들 많으면 웨이팅만 길어질 뿐...",5
두툼,제발 가주세요 고기가 입에서 춤을 춥니다,5
두툼,너무 맛있었어요 ㅠㅠ 명이나물도 최고였고 고기도 정말 맛있었어요 직원분들이 구워주셔서 편하게 먹을 수 있어요!!,5
두툼,가려다 후기 개판이라 거른다,1
두툼,"맛은 있으나 알바가 미숙함
첫 주문할때만 동일 메뉴 2인분 해야하는데 알바가 이부분 설명을 제대로 못해서 계속 2인분씩 주문했음",1
두툼,"그대치가 너무 높아서인가 
웨이팅을 할말한곳인가의 의문이 드네요
보통은 숯으로 먹음 목살이 더 맛있어야했는데
삼겹이 더 겐찬더라구요
그리고 고기를 직접 구워주시다보니 몇테이블 같이 구워주시느라 죄다 타고...  찌게는 맛있었어요

웨이팅없이면 몰라도 웨이팅급은 아닌 개인생각",3
두툼,"오우 존맛 
삼겹보단 목살이 죅꿈 더 존맛
한라산도 있음 최고바리",5
두툼,"구워주니 좋고
다양한 고기 싸먹는 반찬류가 맛있으나
그 외 된장,냉면은 그닥..
글구 항정살 비추",4
두툼,"삼겹살보다는 목살
테이블이 편한 편은 아니라서 친한사람들끼리 오기 좋겠다",5
두툼,"삼겹항정 존맛임니다,,
고추장찌개도 맛있음 !
웨이팅은 늘 있는 편.",5
두툼,"집에서 멀지만 첫번째 너무 맛있어서 두번째 방문,,
바빠서 어쩔수 없기도 하겠지만 직원이 여기저기 돌아다니면서 고기 구워주는데 그래서 고기가 너무 못구워져요
처음이랑 차이가 너무 나요. 심지어 퍽퍽한 수준,,,
굽는 직원의 실력문제인지 인력난인지 모르겠지만 
이건 쫌,,,,",2
두툼,"예전부터 자주 다니던 집인데 이번에 갔을 때 너무 별로였어요. 고기도 잘 못 굽고, 응대도 별로였네요. 한동안 안올듯여~",3
두툼,"한번 가긴 했는데 고기 잘 구워주시고 맛도 베스트3 안에 드는듯..

가까우면 진짜 자주 갔다.",5
두툼,맛있어요 구워줘서 좋아요. 살얼음무생채 존맛~~~! 주말이어도 5시 전에 가면 웨이팅없이 무난해여,5
두툼,"수요일 저녁 6:30쯤 도착해서 70분 웨이팅했지만 후회 없는 기다림이었습니다
 테이블링같은걸 운영하시면 더 편리할 것 같아요
제주도 숙성ㄷ 혹은 그 이상 급으로 맛있었습니다
목살이 정말 맛있었어요 삼겹살은 마지막에 먹어서도 있겠지만 살짝 느끼했습니다
다음에 조금 더 이른 시간에 가서 먹고싶어요 재방문 의사 많습니다.",5
두툼,"주변에서 여기보다 맛있는 고깃집은
없.음.",5
두툼,정말 맛있어요... 특히 목살 추천합니다,5
두툼,"역시 명성대로 고기가 두툼하고 맛있어요.
5시 경에 방문해서 운 좋게 바로 입장했지만 따로 원격줄서기나 예약 시스템은 없는 것 같아서 만약 웨이팅이 있다면 불편할 것 같았어요. 좀 더 편리한 시스템이 생긴다면 좋을 것 같아요!",4
두툼,최고.. 찌개 꼭 드세요 삼겹살보단 목살,5
두툼,"웨이팅 1시간 ㅠ ㅠ 
하지만 맛있었다
그만 유명해지셈",5
두툼,"최고의 삼겹살
앞으로 삼겹살은 여기서만 먹을겁니다",5
두툼,"이정도면 뭐 굿 ㅋ
가성비는 아니고 적당한 가격에 맛있음 !",5
두툼,"신맛을 과하게 쓴다 근데 그게 고기에 또 잘 맞는다 그릴링 해주시는 분이 고기를 태웠다
내가 굽는다고 할 걸 그랬나",4
두툼,삼겹 존맛 비빔국수 존맛,5
두툼,"먹어본 목살중에 가장 맛있어요!!
삼겹살도 맛있는데 목살이 짱
한가지 아쉬움 점은 고기 구워주시는분에
따라 고기 맛이 다른거 같아요",5
두툼,"굉장히 맛있다. 일인분에 170그램이라 너무 적은거 아닌가 싶으면서도 막상 먹으면 그 이상으로 많은 듯. 일하시는 분들은 친절한대, 저러다가 쓰러지는 건 아닌가 하고 열일중. 다만, 너무 시끄러워서 대화가 힘들다. 그리고 테이블이 굉장히 좁다. 이 두 단점 빼면 좋다.",4
두툼,웨이팅 긴 거 빼면 최고,5
두툼,"숙성삼겹 1등,, 집앞이어도 먹기 힘들다",5
두툼,단백한 맛 좋아하면 강추,5
두툼,이정도 맛이면 웨이팅 할만하다,5
두툼,초창기에 갔었고 맛있었는데 대기줄이 늘 길어서 못갔었어요. 이번에 한시간 기다려서 갔는데 처음에 먹었을때랑 좀 실망이네요. 그냥 두툼한 고깃집 평균치예요. 그리고 고추장찌개 서비스로 주던거 양늘리고 유료화한건 좋습니다. 근데 맛이 왜이렇게 없어졌어요? 그냥 맹탕에 고추장맛밖에 안나요. 찌개 정말 맛있었는데 얘도 실망이요. 심지어 최악인건 먹고 배탈나서 고생했습니다. 같이 간 일행들도 다 배탈 났고요. 가격만 비싸고 반찬도 몇가지 안돼요. 다시는 안갈듯 하네요.,1
두툼,"맛있는데요, 직원분 응대가 참 아쉽네요. 주위에 추천은 안하겠습니다.",1
두툼,추천받아 갔는데 맛있네요!,5
두툼,"너무 두툼해서 걱정했는데 왠걸. 겉바속촉으로 입에서 부드럽게 녹아요. 항정살이 내가 알던 모양이 아니라 껍데기까지 붙어나왔어요.
가격도 동네보다 안 비싼데 맛은 천지차이입니다.
1명당 2인분씩 먹고 배부른거보니 양도 많은 거 같아요.

저의 넘버원은 삼겸살!!",5
두툼,추가인원 사전 설명도 없이 고기 4인분 시키고 테이블에서 먹다가 추가 인원 한명 발생하니까 내쫓는 업장&hellip; 서비스 정말 최악,1
두툼,"응대 접객 마비수준.
고기도 특별한 수준은 아님",2
두툼,7~8년 전부터 이용했던 곳인데 친절도 그렇고 맛도 평범해진듯...,1
두툼,"반찬이 일단 너무 부실하고 맛이없음
묵은지?물김치는 그냥 생배추맛이고
파절이는 대파 대충 가로로 썰어서
부위마다 맛이 다름
쌈도 없고..
고기 자체는 괜찮고 구워주는건 편하지만
가격 생각하면 더 좋은집 많음
그리고 남자직원들 정말 불친절하고 짜증냄",1
두툼,"고기를 숙성 잘해서 맛있습니다.
고추장찌개도 맛있습니다.
그런데 별 3점을 준 이유는
고기 일부는 삼겹살 아닌 부위를 주더군요.
그리고 쌈도 없고 기타 반찬 거의 없는 고기집입니다.
기타 반찬없이 이 가격? 메리트가 없습니다.",3
두툼,"고기 다른곳에 비해 맛있는 편이고, 고추장찌개가 내용물도 많고 고기랑 너무 잘 어울리는 완벽한 사이드메뉴였음.
직원들도 친절하고 전반적으로 매우 만족스러웠던 식사였음",4
두툼,"다섯번 중 네번은 실패없이 맛있는 고기를 먹을 수 있는 곳. 고기를 구워 주는 직원의 능력(?)에따라 고기 맛이 크게 좌우되는 것은 상당히 아쉽고 불안한 요소이나 그래도 언제나 찾게되는 곳이에요.
목살도 멋있지만 제 입맛엔 삼겹살이 더 맛있습니다",4
두툼,동네주민들 다아는 삼겹맛집~오랜만에먹어도 여전히맛있어요,5
두툼,두툼하다&hellip;. 맛있다&hellip;. 고추장찌개 밥도둑&hellip;. 무생채 차갑다&hellip;.. 가격 차갑다&hellip;.. 알바는 차갑다&hellip;,5
두툼,"중림동의 상징적인 음식점. 숙성육의 맛이 상당히 괜찮은데, 특히 목살이 인상에 깊게 남았습니다.",4
두툼,"숙성 고기중엔 당연 1등이라고 생각 됨.
시원한 무생체는 화룡점정
점심 오픈시간때 가면 줄서지 않고 식사 가능",5
두툼,"불향도 나고 고기도 정량으로 나와서 너무 잘 먹었습니다!!
추천!!
6시반에 갔고 웨이팅 한팀 있었어요",5
두툼,"오픈 시간 전에 가게 앞에서 담배 피는 모습만 없었다면 더 맛있게 먹었을 것 같아요..
그래도 친절히 응대해주시고 고기 맛있게 먹었습니다.
특히 고추장찌개가 너무 맛있었습니다!",5
두툼,두툼!,5
두툼,맛있네요,5
두툼,"목살 두툼한데도 부드럽고 맛있어요. 
명이나물도 안 질기고 멜젓도 적당히 콤콤하고 감칠맛이 나서 맛있어요. 
직원들은 대체로 어려보이던데 다 친절했어요. 
무엇보다 웨이팅이 너무 길지 않아서 좋았습니다~",5
두툼,맛은 있는데 채소가 명이나물 빼고 없는건 좀....돈 주고 시키려고해도 없네요,4
두툼,기다리는 거 너무 지치는데&hellip; 이 맛을 잊을 수 없어서 기다리고 또 기다림 ㅠ. 고기도 다 구워주시고 넘 편해요. 아직까지 여기만큼 만족스러운 고기집 못 찾음.,5
두툼,"삼겹살은 평범한데 목살이 훌륭함
그릴링해주시는 분 뽑기가 있는거같은데 만족했어요",5
두툼,맛은 있습니다 정신은 없습니다,4
두툼,소문에 비해 그닥.. 웨이팅하면서까지 먹을정도는 아님...,4
두툼,소문에 비해서 그닥 맛있는 고기집.,5
두툼,음식이 신선하고 맛있었어요.,4
두툼,"토요일 저녁 1시간정도 웨이팅 했고, 이정도 기다려서 먹을 맛은 아닌 건 확실하고, 첫입은 맛있었으나 정말 매우 느끼해서 많이 먹기 힘들었습니다. (괜히 빨간 무생채 등등을 주는 게 아니네요. 같이 먹지 않으면 먹기가 어려울 정도)
몇년 전 회식으로 가려다가 모든 사람이 오지 않으면 앉을 수 없다고 해서 굉장히 기분이 나빴었는데 여전히 이렇게 오래 웨이팅을 하는데도 캐치테이블같은 걸 쓰지 않는 게 손님 배려를 하지 않는다고 느껴지네요. 차례가 돼서 전화 왔을 때, 가는 데 10분정도 걸린다고 말씀드리니 '원칙은 5분 기다려드린다'며 선심쓰듯이 말씀하시는 것도 기분이 좋지 않았습니다.",2
두툼,밥은 3일된듯하고요 고기도 별로,1
두툼,"맛있어요! 다만 알바생 복불복이 있어서
초짜 알바분이 구워주시면 고기 질겨지고 탑니다.. 목살도 삼겹살같이 부드러워서
삼겹살-&gt;목살 보다는 목살-&gt; 삼겹살 코스로 드시구요 완전히 바싹 익히지 마시고 직원이 고기뺄때 바로 드셔야 맛있어요
찌개류는 가격대비 별로고 반찬도 다양해서 좋아요 단점으로는 너무 시끄러워서 대화는 불가능입니다",5
두툼,고기가 진짜 일품입니다 ㅋㅋ 또가고픔,5
두툼,제일 좋아하는  목살이야,5
두툼,"고기 : 맛있음, 최근 먹은 고기들 중 탑 5안에 들정도
But 웨이팅할 정도는 아니라는 생각
밑반찬 : 나쁘지않음 그렇지만 야채도 없고 느끼한 고기맛을 잡아줄만한 반찬이 없음 
무생채도 달아서 조금 애매하고 백김치나, 명이나물, 파 등등 조금 아쉬움
고추장찌개 : 맛있음 가성비도 좋음

총평 : 맛있지만 가성비가 좋은편은 아니고 웨이팅할 정도도 아님, 가게가 시끄러워서 가면 대화하기 조금 애매함. 그리고 그렇게 친절하지 않아서 다시 방문은 고려할듯",3
두툼,"목살이 제일 맛있었고 항정살은 느끼하고 붙어있는 껍데기가 질김. 고추장찌개 맛있고, 비벼국수는 그닥",3
두툼,맛있당,5
두툼,여기는 무생채 하나만으로도 가치가 있음,5
두툼,특별한 목살,5
두툼,맛있는 고깃집. 웨이팅이 평일에도 심하나 가볼만 하다,5
두툼,일행 다 오기 전까지 못 들어가게 하는 가게는 처음 봄. 이건 그렇다 쳐도 직원이 고기를 잘 못 구움. 고기가 계속 불판 벗어나서 식탁은 기름 범벅됨&hellip;재방문 의사 없음,2
두툼,4명이 가서 차 세우는 한명 있다고 못 앉게 함. 전체가 다 있어야 앉을 수 있다고. 이런 집은 처음. 재방문의사 전혀 없음.,1
두툼,"삼겹살 맛있어요!!!
목살 보다 삼겹살이 훨씬 맛있게 느껴졌는데
삼겹살이 비계가 많다 보니 좀 느끼했지만 맛은 있습니다 ㅎ 냉면은 맛없어요..",5
두툼,"2023.08.27 마지막 방문/
숙성 돼지고기 구이집.
질좋은 국산 돼지에 가벼운 드라이에이징이 더해져 진한 육향과 맛을 즐길 수 있다. 본격적인 드라이에이징을 거친 고기는 그 특유의 향 때문에 호불호가 갈릴 수 있지만 이 집의 경우 호불호 없는 적절한 수준을 잘 잡았다. 삼겹살의 풍미가 특히 매력적이다.//

카카오맵 맛집 추천 지도 - https://www.photoguraphy.com/?p=3997",5
두툼,"육전식당&gt;금돼지&gt;&gt;&gt;&gt;&gt;두툼.
개인적 입맛입니다. 굽기를 못하는건지, 목살에 육즙도없고 그냥 퍽퍽한 고기맛이네요.
일부러 찾아 갈 집은 아닌듯.",3
두툼,"목살 최고!!
단, 웨이팅이 단점 ㅠㅠ",5
두툼,"비계가 많은 삼겹살이라 그런지 육즙이 많은 느낌이예요. 전 호였는데 느끼하다고 느낄 수도 있겠어요! 가게는 천고가 높은것도 아닌데 엄청 시끄럽게 울리는 편이예요! 리뷰보니까 전원이 와야 입장가능하던데 차라리 최초입장객이 최종인원수대로 주문하게 하고 최초입장시간 기준으로 이용시간을 제한으로 두면 뒤늦게 합석해도 기다리는 사람에게도 문제없고 모두에게 좋을텐데 왜 이렇게 타이트하게 하는지? 손님하고 기싸움 하시나 싶네요..설마 이정도 아이디어도 생각 못하신건 아닐테고.. 그리고 누군가 구워주시는데 한분이 커버하시는 테이블이 4~5군데정도라 뒤로갈수록 고기가 타요! 구워준다는 서비스의 익힘 정도를 모르시는건지..!! 직원분은 열심히 일하고 욕먹을 것 같네요!! 그리고 술잔이 깨져서 왔는데 바꿔주시러 깨진걸 들고가서는, 휴지통인지 술병박스인지에 집어던져서 와장창 소리나더라구요?ㅋㅋ 누가 홀에서 저렇게 버리나요? 다들 놀라서 쳐다보는데도 직원들은 재밌는지 서로 웃고 있었어요 ㅎㅎ 왜 굳이 저런행동을 하시는지? 거의 야구공을 바닥에 꽂아버리듯이 던지시는데 그럼 파편때문에 위험하지 않나요? 따지려다가 안했습니다. 다시 안가면 되니까요. 본인들이 스스로 맛집이라고 인정하며 겸손함을 잃으신거 같은데 겉멋이예요 정신차리세요!",4
두툼,"그냥 방문도 아니고
예약해서 방문했습니다.

x명 예약에 과반 이상 도착해서
고기시켜 구우며 먹고있겠다고 하는데
입장조차 거절당했습니다.
1분뒤 한명이 도착하여
한명만 더 오면되었는데
그래도 안된답니다

이런 리뷰 하나가 무슨 영향력이 있겠냐만
정말 어이없는 가게 운영 정책입니다.

이런 콧대만 높은 가게는
초심으로 돌아가길 바라며
감히 1점 드리고 갑니다.",1
두툼,재방문의사 o 맛있었어요 ! 고소함 기름기가 좀 많아요,4
두툼,고기 완전 맛나요 야채가 없어서 아쉽지만 ㅠㅠ 자주 가는 단골집~,4
두툼,"인원 추가 안된다고 난리에 난리&hellip; 점장이 아예 없고 관리를 안하나봐요

-4명인데 인원 다 와야한다고 함.
-한명 늦어서 3명으로 변경 후 다시 대기
-3명이서 4명 테이블 착석 후 고기랑 술 시킴
*이때까지 추가 인원 제한에 대한 안내 없었음

-5-10분 뒤 한명 도칙. 의자는 이미 4개였기에 착석
-수저 세팅 부탁하니 인원 추가 안된다고 나가라 시전함
-인원 추가에 대한 안내는 못받았다고 정중히 말씀드리고 업장 policy 몰라서 죄송하지만 3인이나 4인이나 이미 주문도 했고 테이블 이용에 문제는 없지 않나고 문의
-&ldquo;우리 직원들이 다 안내 해드렸을거에요&rdquo; 라고 알바 4명이 앵무새 같은 말만 하고 결국 나가라고 함

ㅈㄴ 어이 없음 몽탄 계열 고깃집은 다 이딴식으로 베짱 장사 하나봅니다

밖에 나오니 웨이팅 손님도 없었습니다. 주말도 아니고 평일에 ㅋㅋ 베짱장사 화이팅",1
두툼,"숙성 삼겹살 파는 집에 여러 곳이긴 하지만, 저는 여기가 최고로 맛있는 것 같습니다 🫢",5
두툼,여기는 찐입니다.,5
두툼,"손님 많은데 생각보다 친절하고 
퀄러티가 좋다",5
두툼,웨이팅이 힘든 것 빼면 재방문 의사 있습니다,5
두툼,평일보다는 주말에 가면 조금 더 편하게 이용할 수 있습니다.,5
두툼,"을지로 산청숯불가든, 삼각지 몽탄에 가서 불필요한 웨이팅을 하면서 힘을 빼기보다는 중림동 두툼에 가서 웨이팅도 적게 하면서 맛있는 삼겹살에 집중하는 게 좋습니다. 여긴 찐이다.",5
두툼,훌륭.. 웨이팅은 감내..,4
두툼,많은 기대를 하고 갔지만 구워주시는 분의 스킬이 중요하다는것을 깨닫는곳. 고기의 상태는 괜찮은듯하다,3
두툼,왜 기다려서 먹는지 의문... 요즘 삼겹살이 상향평준화되어있는데 크게 특별한 맛이 없음,1
두툼,"삼각지 몽탄, 을지로 산청의 웨이팅이 두려운 분이라면 청정로 두툼으로 가면 됩니다. 이곳은 웨이팅 장난도 없어서 약간의 줄만 서면 바로 맛있는 고기를 먹을 수 있습니다. 주말에 가면 바로 입장도 가능합니다.",5
두툼,"서울 탑급이라고 보긴 어려우나 맛있다
발길을 이끄는 주력은 무생채임",4
두툼,"맛있는데 웨이팅이 너무 길다
고기 맛있음",5
두툼,남편이랑 몇 번가서 친구들 소개해줬는데 다 맛있다네요 😊,5
두툼,그냥 그래요,2
두툼,"서비스가 엄청 좋아요.
젓가락 떨어지는 소리만 나도, 분명 아무도 못 본 것 같은데 어디선가 젓가락 한 쌍을 들고 오시더라는..

전체적으로 맛있습니다. 다만 드라이에이징 된 숙성고기만의 특별함은 잘 모르겠고, 사이드메뉴(된장찌개, 냉면) 등을 강추드려요~",4
두툼,"보노보노 매우 배터짐~
삼겹살이랑 된장찌개 구우우웃",5
두툼,"맛있긴 맛있는데
평일 금요일 기준 1시간30분이나 기다렸네요
바빠서 그런지 직원들도 친절한 느낌은 아니에요

굳이 이정도 기다려서 먹을 정도는 아닌 것 같고
웨이팅 없이 와서 먹을 수 있으면
만족하고 먹을 것 같네요~

아 그런데 직원분이 고기 태워서 말했는데도 또 태우길래 좀 화났어요 (한시간반 기다렸는데,,,)",4
두툼,"고기맛은 확실함
다만 자리가 불편하고 사람이 너무 복닥거림
고기맛만은 최상급",4
두툼,"인생고기집.
고추장찌개도 삼겹살도 목살도 국수도 반찬도 너무 맛있고 친절하세요
기다릴만한 맛집 인정",5
두툼,직원분들이 맛있게 구워주시고 친절하셨어요,5
두툼,인생삼겹살 육즙실화냥,5
두툼,왜 줄서지?,2
두툼,"맛은 있는데 너무 불친절해서 맛있었는지 기억이 안나요
알바니까 그런거겠지 사장이면 안이러겠지
좀 뚱뚱하신분이요",1
두툼,"맛있어서 또 가고싶은데
이 코로나 시국에 종업원 분들 마스크를 안 쓰시더라고요.. 반찬도 손가락에 닿은게 보ㅕㅇ서 좀 아쉬워요",2
두툼,전 맛있는데 친구는 먹으면 배가 아프대요 ㅠㅠ,3
두툼,고기 질이 좋아유,5
두툼,넘나 맛있어요!,5
두툼,서비스 정말 안좋아여 조폭들 사회에 나와 가게 차린줄,2
두툼,펄펙ㅌ,5
두툼,찌개도 맛있고 고기도 맛있고 알바들의 고기굽는 능력도 뛰어남 단지 껍데기 항정이 내스타일보다 기름기가 많아 별 하나뺌,4
두툼,일단 맛있음. 코로나 시대에도 꿋꿋한 맛과 서비스. 손님이 뭔가 놓치고 떠나면 사장님이 챙겨주시러 뛰어나오시기 까지함...;;;; 여긴 찐임,5
두툼,진짜 맛있어요,5
두툼,전체적으로 맛이 꽤 괜찮다.  양이 다소 적은감이 있으나 일단 맛을 보면 가격은 합리적이라는 생각이 들게된다.  직원들이 고기를 비롯 시설 관련하여 자리를 지속적으로 케어하는 모습도 좋았다.  아쉬운 점이라면 위치가 다소 애매하다는 것 정도,4
두툼,"기다릴만한 이유도 없고, 제값 못한다. 고기 구워주는 직원이 고기를 너무 못구워서 푸석푸석... 숙달된 사람 아니면 고기 구워주는 서비스 하지마라 진짜..",2
두툼,목삼겹!,4
두툼,맛있다.  좀 비싸지만 그래도 갈만한곳이다  고기한점에 소주먹기 좋타 단점은 시끄럽다.,4
두툼,정말 맛있슴다 진심강추강추+_+b,5
두툼,삼겹살도 껍데기도 비빔국수도 다 좋았다,5
두툼,삼각지 몽탄에 신경 쓰는 것인가? 여기 신경 좀 쓰셔야할듯. 알바생 친절도가 사람 마다 들쭉날쭉하고 목살 맛도 이전 방문보다 못함. 후식메뉴가 형편 없어도 고기맛 때문에 가끔씩 방문 했는데 앞으로도 이런식이면 다신 갈 일 없을듯,2
두툼,서비스 최악!!!기다리라고 해서 뒤에 마지막팀으로 30분 웨이팅중인데 보는 앞에저 마감시작하고... 있는 자리 줄여놓고서는 더 기다리라 해서  앉지도 못했어요   서비스  정말 최악입니다 진짜...,1
두툼,23:30분까지래서 택시타고 왔더니 22:30분에 왔는데 자기네들 퇴근해야된다고 못들어오게 하네요,1
두툼,"형들이 적당하게 구워주면서 일본어 한국어 잘 구사하며 입담도 자랑하네~
오늘 JTBC 맛있는 녀석들 촬영도 했다는.
일본서 온 조카도 &quot;맛있어요~&quot;를 연발했다.",4
두툼,넘나 맛나,5
두툼,"고기가 참 맛나는 곳, 술 땡기는 인테리어",4
두툼,"손님대하는게 이러면 안됨.
맛은 어떨지 몰라도 이런덴 망해보아야 정신차립니다.
빈정상함.",1
두툼,명이나물 너무 맛있고 고기 육즙 팡팡,5
두툼,"이런유두리없는가게를보았나
대기한시간넘게했는데도불구하고
오래기다리게해드려죄송합니다라는말보다
한명이덜왔다고대기뒤로밀리고
삼십분더기다리다들어가려고하는데
한명더안왔다고더기다리라고하는말이이해가안되네요
개짜증나서오는한명오지말라고..기분좋게밥먹으려다일행끼리싸우게되고
두명먼저들어갔다가한명오면먹으면큰일나나요
왜안되냐니까불이식는다고
불이사람보다중요한건지이해는안되고
잘되는집일수록더조심하고더배려해야되는데
하루이틀장사하실거도아니고
한두번간거도아니고작년겨울까지는이러지않았던거같은데
오래줄서도맛보다친절해서먹었고
오늘도그래서갔는데
결국에빡쳐서한시간반만에들어갔다세팅하는거보고짜증나서그냥나와옆에우진갈비가서십만원어치갈비먹음
우진갈비친절하고더맛있음..
이제여긴비추 돈벌고잘되서변하는집들많이봐왔지만여긴그정도는아닌데갑질하는거같아서
더짜증나네요 두툼초심으로돌아가라
방송탔다고갑질하는거아니다
웨이팅하는사람들보고감사하고미안해할줄아는
그런집이되었으면합니다.줄서는게당연하다고생각하지마시고요
네이버리뷰는그냥리뷰작성을못하게해놔서여따라도남겨요.
나말고도말들이많았나봐용ㅎ
진짜후기쓰게만드는집이네..ㅎ",1
두툼,진짜 쩔어요 꼭 가세요 강추,5
두툼,"왈왈왈왈왈
모든반찬마싯고고기좋돨",5
두툼,맛있돈디~,5
두툼,인생맛집,5
두툼,진짜 존맛 목살 삼겹살..... 직원분들도 바쁘신데 친절하시구 고기도 잘 구워주시구,5
두툼,고기는 맛있으나 웨이팅이 길어 별 하나 뺌,4
두툼,"어수선한 서비스가 고기 맛을 상쇄하는 곳~! 느려터지고 주문도 제대로 못받을거면 최소한 싸가지라도 있으셔야죠ㅠ
웨이팅과 무례함에도 끄떡없는 넓은 아량을 가진 분께 추천드려요~",1
두툼,"맛은 있으나 일하는 종업원들이 기본적으로 불친절. 반찬 뜨러 갔다가 셀프 아니라고 면박줌. 보통은 &quot;제가 갖다드릴게요&quot; 라고 하지않나.
직원들 교육 좀 시키시길.",3
두툼,"웨이팅이 너무 심하지만,,
맛있어서 기다릴 수 밖에 없어욥 ㅠㅠ",5
두툼,웨이팅이 힘들지만 맛 지림... 찌개먹어야함,5
두툼,삼겹살 너무 맛있어요. 기다린 보람이 있네요.,5
두툼,"삼겹살 맛있게 잘 먹었습니다. 두툼하고 육즙이 살아있네요. 그리고 된장찌개도 괜찮았어요. 직원분들도 친절하시고 센스있게 필요한 것들을 잘 챙겨주셔요. 다만 고기를 직접 구워주시는데, 고기가 두툼하다보니 안 쪽이 살짝 덜 익은게 있었어요. 그런거는 좀 더 익혀 먹었습니다.",4
두툼,삽겹살도 밑반찬도 좋아요. 다만 껍데기 항정살은.....고기구워주는건 정말 좋아요^^,3
두툼,삼겹살 먹고 껍데기항정으로 마무리~ 굿굿이여,5
두툼,대기 넘 심함 ㅠ,3
두툼,"맛도 좋고 친절한데,
2번째 방문에서
비계가 80%인 삼겹살 먹고 별 2개 뺍니다...
주의 바랍니다.
다음에 또 그러면 사장님께 얘기해보렵니다...",3
두툼,"최애 고깃집,, 껍데기항정 너무 맛있어요 ㅠㅠㅠ 삼겹살보단 목살 추천!! 된찌랑 비냉도 꼭 시켜야해요",5
두툼,맛있어서 술이 잘 들어감..ㅎ,5
두툼,"고기맛있어서 몇번갔는데
오늘사람없는 오픈시간에 왔는데
혼자오면 일행이 다올때까지 안내를 해줄수없답니다
근데 뒤에 사람은 일행으로 합류하길래 뭐냐니까
세명중에 한명은 괜찮다네요
ㅋㅋㅋㅋㅋㅋㅋㅋㅋ기분이썩나쁘군요

고기시키면서 사이드메뉴 같이시킬라니까 불이 들어온다음에
시킬수있대요 ㅋㅋㅋㅋㅋㅋㅋㅋㅋ
규칙이많군요ㅋㅋㅋ 

--------------------

맛있습니다
맛있어요 두번가세요
진짜맛있어요
고기맛있어요
삼겹살 최고ㅠㅠ
된찌도맛있어요",3
두툼,맛있어요ㅠㅠ 대기 길어질까봐 금요일 저녁에 6시쯤 도착해서 바로 착석해서 먹었고 정말 맛났습니다ㅠㅠ 고추장찌개 꼭 같이드세요 삼겹살 한입 고추장찌개한입씩 먹으면 아이게 행복이구나 해요,5
두툼,역시~ 도톰하니 더 맛있는 것 같아요~ 좋아요~,5
두툼,"첫 주문은 동일한 고기종류 2인분부터 주문 가능해요

개인적인 입맛으론 여기는 삼겹보다 목살이 더 맛있었어요

사진은 삼겹살 사진만 ㅎ

코로나 관리에 엄하셔서 먹는거 쉬는데 마스크 안끼면 쫓아오십니당",4
두툼,"웨이팅 많아서 가봤는데 그냥 그래요
멜젓이라도 맛있어야 하는데.. 기대이하 
구워주는거 그거 하나 만족..
항정은 그냥 기름덩어리 
고기가 두껍긴 해요",1
두툼,"동네 살아서 유명해지기 전부터 좋아하던 집인데...
최근에 가니까 많이 변했네요
일단 서비스가 너무... 조폭인지 말 걸기도 무섭고
고기가 잘 안잘린다고 배기통에 붙여 대고 잘라주는 건 뭔지... 보고 있으니까, 소독했으니 문제 없다고 하는 것도... 불편.. 보통 그냥 잘르든지 불판 위에서 자르는거 같은데 :(
전부터 점점 불친절 하다고 느끼긴 했지만 동네에 갈 만한데가 없어서 지인 오면 자주 추천해서 데려갔는데...  이번에 지인 데려갈데 너무 미안하고 고기도 별로였어요.. 옛날만큼 신경 안쓰는 듯
이제는 다른 사람한테 추천 못하겠네요 :(",1
두툼,"고기도 다 구워주시고, 직원분들이 다 친절해요
고깃집이지만 회전율이 좋아 기다릴만 해요
된장찌개, 냉면까지 다 엄청 맛있어요.",5
두툼,안 친절함. 고기맛은 괜춘. 두툼한 고기 먹으러 갔을때 기대하는 딱 그 정도의 차림이 나옴. 갈 데 없으면 또 갈수도,3
두툼,"웨이팅이 너무 길어서 조금 힘들었지만, 고기맛과 찌개맛으로 다 풀리네요. 진짜 맛있습니다. 서빙하는분도 넘 친절하고.",5
두툼,진짜 두툼함,5
두툼,"뭐 맛있긴한데... 글쎄...
내부 좁고, 웨이팅해야하고, 그렇다고 가성비 좋지도 않고...",3
두툼,"젊은 분들이 운영해서인지 서비스가 어수선한면이 있었습니다. 

1. 대기 올려놓았는데 전화가 안옴.
2. 고추장찌개 주문이 누락된듯. 한참을 고기를 먹어도 고추장찌개가 안나옴. 이상하다 싶어 물어보려던 차에 &quot;고추장찌개 시키셨었죠?&quot;하고 서버가 다시 챙김.
3. 앞접시 2개 달랬는데 1개 옴.
4. 고기 추가했는데 안가져다 줘서 추가한다고 다시 말함.

이런 암담한 서비스에도, 숙성된 목살 맛이 너무 부드럽고 멜젓 또한 비리지않고 좋았습니다. 고추장찌개는 칼칼한 맛보다는 된장이 섞인듯 구수한 맛이 고기와 함께 푸근했습니다. 물냉면은 평범합니다. 대기도 많고 서비스도 당황스럽지만, 젊은 분들이 돈 벌어보겠다고 열심히 하다 생기는 실수 정도로 넘어가려합니다. 아마도 고기가 어지간히 맛있었나봅니다.",4
두툼,들어가자마자 쫄바지입은 살찐남자가 안내 개띠껍게해서 바로 나옴. ♩♬♪♪해도 팔리니까 서비스 그따위로 하겠지,1
땡땡거리 형제옥,"이 근처에 볼일있으면 좀더 걸어서라도 꼭 이집만 갑니다
옛날 국밥집 분위기.... !
오래된것 같은 건물. 사장님부부 친절하시구요
첨 먹을땐 극히 평범한거 같은데 희한하게 나중에 이집만 생각나요 그래서 오래된 단골이 많은듯요
설렁탕 도가니탕 우거지해장국 전부 먹어봤는데 다 맛있어요 항상 갈때마다 오늘은 뭐 시킬지 고민됨",5
땡땡거리 형제옥,김치가 너무맛있어요,4
땡땡거리 형제옥,전날 회식 하시고 해장하기 좋은 맛집입니다.,5
땡땡거리 형제옥,"친절하신 사장님과 소박하지만 맛있는 설렁탕 맛집.

설렁탕 특 - 친절하신 사장님과 아들분께서 운영하시는 걸로 보이는 로컬 맛집입니다.

음식은 소면도 많이 있고 고기양도 적절하게 많아서 만족스러웠고 기본 간은 조금 약해서 추가로 더해 먹었습니다. 냄새도 안나고 로컬 맛집의 분위기가 나서 정감이 느껴지는 곳입니다.",4
땡땡거리 형제옥,수육 가성비 갑,4
땡땡거리 형제옥,저렴한 가격에 푸짐한 양이 최고에요,5
땡땡거리 형제옥,사장님도 친절하시고 맛있어요,5
땡땡거리 형제옥,오전 10시 조금 넘은 시점에 식사 가능 여부가 불투명 했던 시점에 식당에 들어가 여쭤보니 밥을 푸고 계시던 사장님께서 가능하다고 하셔서 설렁탕 한그릇 먹고 왔습니다,4
땡땡거리 형제옥,"Since 1957.10.10.  노포의 힘 !!!
구수하고 담백한 소뼈해장국은 음주에 지친 속을 편하게 해준다. 가격도 너무 착하고 주인장도 친절하다.",4
땡땡거리 형제옥,도가니탕 맛집,5
땡땡거리 형제옥,"형제옥은 사랑입니다!!!
감동의 맛!!!",5
땡땡거리 형제옥,좋은 재료로 정성스럽게 끓여 낸 깊은 맛이었습니다..! 재료에서 나오는 감칠맛이 일품인데 가격은 또 굉장히 착해요 ㅠㅠ 성업하세요!,5
땡땡거리 형제옥,"도가니탕 맛있게 먹는 법
1. 앞접시 받기
2. 접시에 먹을만큼 덜고, 간장소스를 비벼먹는다
3. 환상적",5
땡땡거리 형제옥,도가니탕에 파를 듬뿍 넣고.,4
땡땡거리 형제옥,검색으로 방문. 소박하나 음식에 진심인 듯. 길건너 유명 설렁탕엔 누린내가 디글디글.,5
땡땡거리 형제옥,"평생먹은 설렁탕 원탑!
고기가 너무맛잇음 국물도 깔끔",5
땡땡거리 형제옥,맛있어요 친절하셔서 더 좋아요,5
땡땡거리 형제옥,나에게는 착한 식당,4
땡땡거리 형제옥,수육 굿,5
땡땡거리 형제옥,위생 상태가 썩 좋아 보이진 않았어요ㅎㅎ 맛은 나쁘지 않았어요!,3
르셰프블루,👍👍🫶🫶🤌,5
르셰프블루,"점심 코스에서 치킨보다는 돼지고기, 크렘브륄레보다는 휘낭시에 위에 크림 올라간 게 더 맛있습니다. 잔 와인 맛있어요. 근데 당연한 말이지만 큰 기대 하고 가시면 안 될 듯",4
르셰프블루,맛있었고 기억에 많이 남아 있을 정도로 좋았어요. 밖이 좀 보였으면 더 좋았겠지만.,5
르셰프블루,👍👍🫶🫶🤌,5
르셰프블루,가성비가 훌륭한 프랑스 식당이에요. 가게가 좀 협소해서 피크시간에 좀 정신없지만 음식이 맛있어서 자주 가고 싶어요 :),5
르셰프블루,맛있습니다 저는 농어요리를 종이에 싸서 나온거하고 빵에 감자와 생선을 넣은 요리가 신기했습니다 1인당 가격이 부담되긴 하지만 즐거운 메뉴들이었습니다,5
르셰프블루,매우 만족했습니다. 양고기 구이가 너무 좋았어요. 또 가고 싶어요,5
르셰프블루,이렇게 맛있는 음식을 심지어 이 가격에? 정말 보석같은 곳이에요~ 런치세트 돼지고기요리 넘 맛있고 크렘브륄레 열 개 먹고 싶네요,5
르셰프블루,와 진짜 맛있네요. 이렇게 맛있는데도 오랫만인듯. 물까지 맛있어서 다마셨어요. chef님 친절하시고 분위기도 좋네요.,5
르셰프블루,"Incredible taste with great atmosphere. Highly recommended for couple and small family who want to enjoy a relaxing dinner. Plus, owners are very friendly and warm-hearted.",5
르셰프블루,"사장님 너무 친절하시고 최근 먹었던 스테이크 중 가장 맛있는 스테이크, 가니쉬를 맛볼 수 있어 행복했습니다 케익 가지고 가서 파티 했는데 식사 시간 동안 케이크 보관은 물론 접시도 준비해주시려고 말씀해주시고 행복한 기억 많이 만들고 갑니다",5
르셰프블루,훌륭합니다 분위기 서비스 음식까지 100점이에요 나만 알고 싶지만 사업 번창하시길 바라며 리뷰 올립니다. 잘 먹었습니다~~,5
르셰프블루,우와 맛있다~ 정돈 아니였어요.,2
르셰프블루,"언제 누구와 가도 기분좋은 맛있는 식사를 기대할 수 있는 곳, 그래서 제가 아주 애정하는 르셰프 블루랍니다~♡♡
코로나 땜에 오랜만에 찾았는데 가게를 근처로 이전을 했더라고요. 신선한 식재료를 이용한 정성이 깃든 정갈한 음식들, 거기에 여사장님의 친절한 설명을 곁들인 써빙을 받노라면 기분까지 좋아지죠!
매일의 런치메뉴가 달라서 더 기대되는거 같아요~^^
제가 간 날 메뉴는 빠삐요뜨와 스테이크, 스프는 양파스프에 후식은 커피와 함께 한 크림브륄레였어요.
식사에 레드와인 한잔 함께 하니 음식의 풍미를 더해주었어요. 와인도 강추합니다!   슾에 곁들인 빵까지도 맛있더라고요ㅎㅎ
평소 배불리 먹어야 만족하시는 분들 특히 남성 분들은 양이 적다 생각하실 수 있는데 여느 레스토랑과 양은 비슷하니 참고하시면 좋을거 같아요!
자주 가고 싶은데 거리가 멀어서 정말 아쉬워요!!",5
르셰프블루,충정로에 있을때 가서 런치메뉴로 먹었던 요리에요. 스프도 디저트도 정말 고급스럽고 맛났어요. 메인은 돈까스같은 고기튀김이었는데(이름이 너무 어려워서 ㅎㅎ)  말그대로 겉은 바삭하고 속은 부드럽고. 호텔요리가 아니고 프랑스 일반가정식이라고하더라구요. 특별한 날 특별한 분위기에서 맛있게 먹었습니다.  저희집 아이들은 아직도 가끔 르쉐프 디저트이야기해요^--^   친절한주방장님 그대로인지 이전한곳도 한번 가봐야겠어요,5
르셰프블루,주방장 건강검진이라도 요리 하나 안주는 클라스에 지려버림;; 사전공지도 없음. 프랑스 오래살아서 감 잃었나봄. 가격도 창렬. 평범한 음식:;; ㅍ,1
르셰프블루,평범한 음식 비싼 가격,2
르셰프블루,"충정로에 있던 시절부터 종종 찾았던 프랑스 가정식집, 르셰프블루
중림동쪽으로 이전후 두 번 방문했습니다. 자주 가고 싶지만 코로나로 뜸했네요. 프랑스대사관 셰프인 로랭의 식당이라 신뢰가 갑니다. 특히 제철 식재료로 구성하는 매일의 요리라 갈때마다 기대가 되곤 합니다.예전보다 런치 구성도 좀 다양해졌고, 디너도 한팀만 받던 것을 조정했더라구요. 1,2,층 사용하니 그것도 좋아보이구요. 가게 근처에 서울로가 있어서 식사전후로 산책하기도 좋아요. 아주 오래된 서울의 거리를 거니는 즐거움은 덤입니다.",5
르셰프블루,맛있는 식당입니다,5
르셰프블루,전식이랑 후식이 본식보다 맛있었다...,3
르셰프블루,"French Course by 
Chef Laurent Dallet from FE

RSVP Only",4
르셰프블루,"친구 추천으로 처음 가본 프랑스 식당이에요. 전체적으로 식당 분위기가 차분하고 깔끔했어요. 제가 먹은건 런치코스였는데  음식 나오는 속도가 빠르거나 느리지 않게 시간 조절이 잘 되어가며  디저트까지 완벽히 세팅해 주어서 그 점이 인상 깊었습니다.  보통은 좀 기다리는 경우가 많거든요.  셰프님이 홀을 수시로 살피면서 따뜻한 상태로 음식이 나가게끔 배려해주신거 같은 기분이 들었어요. 덕분에 천천히 먹으며 편하게 대화도 나눌 수 있었네요.  
 
음식도 기대 이상으로 맛있었어요.  전식-스테이크-디저트. 
이렇게 나오는데 선택한 코스에 따라 추가되는 메뉴가 있더라구요. 한접시 나올때마다 플레이팅도 맛도 정성이 가득 느껴졌고 특히 스테이크는 함께 나온 소스와 너무 맛있게 먹었어요. 옆 테이블에서 먹던 샐러드도 너무 먹고 싶었는데 제가 주문한  코스엔 없어서 아쉬웠다는...  메뉴는 계속 바뀐다고 하니 샐러드랑 다른 메뉴도 먹으러 다시 가보려구요.  암튼  대접받는 기분이 드는 품격있는 점심식사였습니다.  ^ㅡ^",5
르셰프블루,"스테이크 : 먹기에 좋은 두깨와 구워진 정도를 가지고 있습니다 보통 집에서 구워 먹으면 접시에 피가 한가득 인데 피가 안나와서 역시 전문가는 다르구나 생각합니다

달팽이 : 먹을때 마다 별맛은 모르겠습니다 제 입맛이 문제인거 같습니다 취향에 맞지는 않으나 역시 분위기죠



가끔 들리는 곳 입니다 현재로서는 가성비가 매우 좋은 레스토랑 같습니다 맛있고 정갈한 느낌이 드는 곳 입니다 손님 맞이하는 가정식 음식 과 분위기라 할 수 있습니다 

쉐프가 여유로워 보이고 농담도 하고 그러셨는데 이날은 바쁜 시간 이고 사모님에게 도망을 못가셔서 그런지 정말 열심히 일만 하시더군요 일하기 싫어 하시는 스타일로 판별 했는데 힘내세요 쉐프 ㅠㅠ",4
르셰프블루,맛있는 음식을 먹을수있어서 좋았음,5
르셰프블루,매우 만족했습니다. 양고기 구이가 너무 좋았어요. 또 가고 싶어요,5
르셰프블루,가성비가 훌륭한 프랑스 식당이에요. 가게가 좀 협소해서 피크시간에 좀 정신없지만 음식이 맛있어서 자주 가고 싶어요 :),5
르셰프블루,맛있습니다 저는 농어요리를 종이에 싸서 나온거하고 빵에 감자와 생선을 넣은 요리가 신기했습니다 1인당 가격이 부담되긴 하지만 즐거운 메뉴들이었습니다,5
르셰프블루,"점심 코스에서 치킨보다는 돼지고기, 크렘브륄레보다는 휘낭시에 위에 크림 올라간 게 더 맛있습니다. 잔 와인 맛있어요. 근데 당연한 말이지만 큰 기대 하고 가시면 안 될 듯",4
르셰프블루,"사장님 너무 친절하시고 최근 먹었던 스테이크 중 가장 맛있는 스테이크, 가니쉬를 맛볼 수 있어 행복했습니다 케익 가지고 가서 파티 했는데 식사 시간 동안 케이크 보관은 물론 접시도 준비해주시려고 말씀해주시고 행복한 기억 많이 만들고 갑니다",5
르셰프블루,"스테이크 : 먹기에 좋은 두깨와 구워진 정도를 가지고 있습니다 보통 집에서 구워 먹으면 접시에 피가 한가득 인데 피가 안나와서 역시 전문가는 다르구나 생각합니다

달팽이 : 먹을때 마다 별맛은 모르겠습니다 제 입맛이 문제인거 같습니다 취향에 맞지는 않으나 역시 분위기죠



가끔 들리는 곳 입니다 현재로서는 가성비가 매우 좋은 레스토랑 같습니다 맛있고 정갈한 느낌이 드는 곳 입니다 손님 맞이하는 가정식 음식 과 분위기라 할 수 있습니다 

쉐프가 여유로워 보이고 농담도 하고 그러셨는데 이날은 바쁜 시간 이고 사모님에게 도망을 못가셔서 그런지 정말 열심히 일만 하시더군요 일하기 싫어 하시는 스타일로 판별 했는데 힘내세요 쉐프 ㅠㅠ",4
르셰프블루,맛있는 음식을 먹을수있어서 좋았음,5
르셰프블루,"French Course by 
Chef Laurent Dallet from FE

RSVP Only",4
르셰프블루,전식이랑 후식이 본식보다 맛있었다...,3
르셰프블루,맛있는 식당입니다,5
르셰프블루,"사장님 및 셰프님 스태프 모두 정말 친절하시고 서비스도 훌륭합니다.
진정한 프랑스의 맛을 느낄 수 있어요.
프랑스 대사관 총괄 셰프님의 코스요리를 
합리적인 가격으로 맛볼 수 있어서 좋아요 ♡",5
르셰프블루,"충정로에 있던 시절부터 종종 찾았던 프랑스 가정식집, 르셰프블루
중림동쪽으로 이전후 두 번 방문했습니다. 자주 가고 싶지만 코로나로 뜸했네요. 프랑스대사관 셰프인 로랭의 식당이라 신뢰가 갑니다. 특히 제철 식재료로 구성하는 매일의 요리라 갈때마다 기대가 되곤 합니다.예전보다 런치 구성도 좀 다양해졌고, 디너도 한팀만 받던 것을 조정했더라구요. 1,2,층 사용하니 그것도 좋아보이구요. 가게 근처에 서울로가 있어서 식사전후로 산책하기도 좋아요. 아주 오래된 서울의 거리를 거니는 즐거움은 덤입니다.",5
르셰프블루,평범한 음식 비싼 가격,2
르셰프블루,주방장 건강검진이라도 요리 하나 안주는 클라스에 지려버림;; 사전공지도 없음. 프랑스 오래살아서 감 잃었나봄. 가격도 창렬. 평범한 음식:;; ㅍ,1
르셰프블루,충정로에 있을때 가서 런치메뉴로 먹었던 요리에요. 스프도 디저트도 정말 고급스럽고 맛났어요. 메인은 돈까스같은 고기튀김이었는데(이름이 너무 어려워서 ㅎㅎ)  말그대로 겉은 바삭하고 속은 부드럽고. 호텔요리가 아니고 프랑스 일반가정식이라고하더라구요. 특별한 날 특별한 분위기에서 맛있게 먹었습니다.  저희집 아이들은 아직도 가끔 르쉐프 디저트이야기해요^--^   친절한주방장님 그대로인지 이전한곳도 한번 가봐야겠어요,5
르셰프블루,"언제 누구와 가도 기분좋은 맛있는 식사를 기대할 수 있는 곳, 그래서 제가 아주 애정하는 르셰프 블루랍니다~♡♡
코로나 땜에 오랜만에 찾았는데 가게를 근처로 이전을 했더라고요. 신선한 식재료를 이용한 정성이 깃든 정갈한 음식들, 거기에 여사장님의 친절한 설명을 곁들인 써빙을 받노라면 기분까지 좋아지죠!
매일의 런치메뉴가 달라서 더 기대되는거 같아요~^^
제가 간 날 메뉴는 빠삐요뜨와 스테이크, 스프는 양파스프에 후식은 커피와 함께 한 크림브륄레였어요.
식사에 레드와인 한잔 함께 하니 음식의 풍미를 더해주었어요. 와인도 강추합니다!   슾에 곁들인 빵까지도 맛있더라고요ㅎㅎ
평소 배불리 먹어야 만족하시는 분들 특히 남성 분들은 양이 적다 생각하실 수 있는데 여느 레스토랑과 양은 비슷하니 참고하시면 좋을거 같아요!
자주 가고 싶은데 거리가 멀어서 정말 아쉬워요!!",5
르셰프블루,우와 맛있다~ 정돈 아니였어요.,2
르셰프블루,"친구 추천으로 처음 가본 프랑스 식당이에요. 전체적으로 식당 분위기가 차분하고 깔끔했어요. 제가 먹은건 런치코스였는데  음식 나오는 속도가 빠르거나 느리지 않게 시간 조절이 잘 되어가며  디저트까지 완벽히 세팅해 주어서 그 점이 인상 깊었습니다.  보통은 좀 기다리는 경우가 많거든요.  셰프님이 홀을 수시로 살피면서 따뜻한 상태로 음식이 나가게끔 배려해주신거 같은 기분이 들었어요. 덕분에 천천히 먹으며 편하게 대화도 나눌 수 있었네요.  
 
음식도 기대 이상으로 맛있었어요.  전식-스테이크-디저트. 
이렇게 나오는데 선택한 코스에 따라 추가되는 메뉴가 있더라구요. 한접시 나올때마다 플레이팅도 맛도 정성이 가득 느껴졌고 특히 스테이크는 함께 나온 소스와 너무 맛있게 먹었어요. 옆 테이블에서 먹던 샐러드도 너무 먹고 싶었는데 제가 주문한  코스엔 없어서 아쉬웠다는...  메뉴는 계속 바뀐다고 하니 샐러드랑 다른 메뉴도 먹으러 다시 가보려구요.  암튼  대접받는 기분이 드는 품격있는 점심식사였습니다.  ^ㅡ^",5
르셰프블루,훌륭합니다 분위기 서비스 음식까지 100점이에요 나만 알고 싶지만 사업 번창하시길 바라며 리뷰 올립니다. 잘 먹었습니다~~,5
르셰프블루,"Incredible taste with great atmosphere. Highly recommended for couple and small family who want to enjoy a relaxing dinner. Plus, owners are very friendly and warm-hearted.",5
르셰프블루,와 진짜 맛있네요. 이렇게 맛있는데도 오랫만인듯. 물까지 맛있어서 다마셨어요. chef님 친절하시고 분위기도 좋네요.,5
르셰프블루,이렇게 맛있는 음식을 심지어 이 가격에? 정말 보석같은 곳이에요~ 런치세트 돼지고기요리 넘 맛있고 크렘브륄레 열 개 먹고 싶네요,5
르셰프블루,맛있었고 기억에 많이 남아 있을 정도로 좋았어요. 밖이 좀 보였으면 더 좋았겠지만.,5
르셰프블루,"사장님 및 셰프님 스태프 모두 정말 친절하시고 서비스도 훌륭합니다.
진정한 프랑스의 맛을 느낄 수 있어요.
프랑스 대사관 총괄 셰프님의 코스요리를 
합리적인 가격으로 맛볼 수 있어서 좋아요 ♡",5
만리재비스트로,"1. 음식이 모두 매우 짭니다. 다 먹고나서 혀에 소금이 얹어져 있는 느낌이었어요.
2. 음식에서 이물질이 나왔어요. 꼬불꼬불한 털이 나왔는데.. 머리카락이나 눈썹은 아닌 것 같았어요. 다른 분들이 위생에 신경을 안쓰는 것 같다고 하셨는데 정말 그런가봐요.
사과도 제대로 못받았어요.
3. 파스타에서 밀가루 냄새가 나네요. 집에서 삶아도 저것보다 낫겠다는 생각이 들 정도였어요.
4. 그리고 문어에서 냉장고 냄새 났어요.
문어 남기고 오기는 처음이네요.

맛있었다고 추천 받아서 간 곳인데 주인이 바뀐건지 최근 몇년간 먹은 식당 중 최악이었어요.",1
만리재비스트로,"와 진짜 맛있게 잘먹었어요
음식도 맛있고 직원분도 친절했어요",5
만리재비스트로,"맥주는 맛있는데 그외에는 다 별로..
파스타도 너무 짜고 느끼하고.. 음식들이 전체적으로 다 별로인것같습니다.
가게 분위기도 너무 어수선해서 들어갔다가 밥만 후딱먹고 도망나왔어요",1
만리재비스트로,"루꼴라피자, 라쟈냐, 풍기리조또, 포테이토뇨끼 시켰는데 하나같이 다 맛있어요.....! 특히 라쟈냐랑 뇨끼 소스는 너무 맛있어서 싹싹 긁어먹었을 정도🤤 뇨끼는 포테이토뇨끼(노란색 치즈소스)였습니다!",4
만리재비스트로,새우 리코타 샐러드 볼로네제 아란치니 파스타,4
만리재비스트로,양이 적어요. 제가 많이 안먹는 편인데도 적었어요. 잘먹는 분들이면 배에 반밖에 안찰것같아요. 봉골레 엔초비 파스타 짜요. 면도 덜익었네요. 조개국물맛이 안나요. 그냥 조개얹은 멸치파스타임. 같이 시킨 다른 파스타도 그냥 그랬어요. 이것도 양 적어요. 음료는 맛있네요. 뭔가 있어보이게 이것저것 올리긴 했으나 빛좋은 개살구입니다. 분위기빨로 승부보시는듯.,2
만리재비스트로,"볼로네즈 아란치니 맛있고

야외 테이블 자리가 최고다.",4
만리재비스트로,"만리재 서울로를 산책하면서, 기네스 종류가 세가지가 된다는 점 그리고 분위기가 좋아 홀린듯 입장랬던 가게입니다
전반적으로 좋았지만 동행했던 지인들과 입을모았던 아쉬운 점이 있습니다. 가게의 이국적인 컨셉과는 전혀 다른 노래가 분위기를 흐리더라구요,, 가게가 정말 좋았기에 사장님께 건의드리고자 후기 남깁니다
노래 장르를 가게에 더 어울리게 바꿔주세요..!",4
만리재비스트로,"제가 서울에서 가장 좋아하는 양식집입니다. 포테이토 뇨끼는 정말 색다른 맛이고, 여기 피자는 진짜 쫀독하니 계속 생각나는 특별한 맛입니다. 여러번 방문해봤는데 이번에 시킨 풍기피자! 토핑도 푸짐하고 담백하니 너무 맛있습니다. 처음 방문하신다면 포테이토 뇨끼와 풍기피자 추천드립니당",5
만리재비스트로,앉는 자리가 너무 비좁고 테이블은 작은데 복작복작해서 더움; 가격에 비해 portion이 너무 작고 치즈도 노맛..,3
만리재비스트로,"음식도 훌륭하고 분위기도 좋다.

영국 펍에 온 듯한 느낌.

한가지, 민소매 차림의 건들건들한 남자 직원은 가게를 위해 안나오는게 좋을 듯 하다.",4
만리재비스트로,"맛 그냥 쏘쏘?ㅋㅋㅋㅋ 웨이팅할만큼의 맛은 아니에요
화장실 진짜 좁아서 변기랑 무릎 앞 사이공간이 1도 없어요. 음료수도 미지근하고, breaktime 직후에 갔는데 식기세팅도 안되어있어, 냅킨도 없어~ 뭐 되어있는게 없더라고요. breaktime 이 다음 장사준비하는 시간이 아니라 걍 진짜 쉬는 시간인가봐요.",3
만리재비스트로,"분위기 좋아요.
맛도 괜찮았습니다.
옆 테이블 피자 비주얼이 대단해서 다음엔 피자 ㅓㄱ어보려구요",4
만리재비스트로,"와~ 5시간 웨이팅! 인기!만!점!
7:09에 웨이팅 등록했는데 12:09까지 단 한테이블도 안빠지는 맛집! ;;;;;",1
만리재비스트로,통창 밖의 풍경이 아주 아름다워서 평이한 음식 맛을 커버하고 혀를 흐리게 합니다.,3
만리재비스트로,"생맥주 관리 최악
하이네캔에서 시큼한맛 남",2
만리재비스트로,3.6 무난해요,3
만리재비스트로,음식이 전반적으로 맛있고 분위기도 조금 어수선하지만 좋아요! 야외좌석도 날씨만 젛다면 앉고싶네요 ㅎㅎ,5
만리재비스트로,여자들이 좋아하는 분위기 값,2
만리재비스트로,여긴 나폴리,4
만리재비스트로,분위기 미챴고 파스타 짱맛집 하이볼도 마셨는데 맛있어유,5
만리재비스트로,"점심 회식 장소로는 괜찮아보였어요. 하지만 홀 중앙 테이블은 원통형이어서 쩍벌을 해야 식사가 가능하다는 불편함이 있어요. 스테이크 카르보나라, 뇨끼 아마트리치아나 먹었습니다. 카르보나라보다는 크림소스 스파게티였어요. 크림소스가 눅진하지만 스테이크 외 재료가 많지 않아서 식전빵이라도 있었으면 좋겠다 싶었어요. 뇨끼 맛은 별로였어요. 전반적으로 국적 불문의 요리같았는데 메뉴당 기본가격 2만원 이상의 식당이라기에는 재료의 질도 맛도 많이 부족합니다.",1
만리재비스트로,"분위기는 좋았는데
음식 맛은 기억이 잘 안남
동네사람들이나
근처 직장인들 점심으로는 정말 좋을듯",3
만리재비스트로,진짜 맛있다 특히 피자가 예술이다 스테이크도 부드럽고 맛있었다 재방문의사100%,5
만리재비스트로,"음식은 기본적으로 별로입니다.
기대 많이 했는데...

그냥 분위기하고 낮술 하실분에게는 좋은곳이네요.",3
만리재비스트로,여긴 회식 갔다가 2차로 여러번 왔는데 피자가 찐으로 맛있음 트러플감자튀김인가 그것도 괜찮고 흑맥주...괜찮음... 사진 찾기 귀찮아서...못올리겠다...,5
만리재비스트로,뇨끼 꼭 드세요 감자뇨끼가 ㄹㅇ 존맛탱 근데 가성비는 좋다고 못함,4
만리재비스트로,왜 유명한지 진짜 정말 의문인 곳. 밑의 댓글과 동일하게 화장실 앞 너무 냄새납니다. 냄새가 테이블 쪽으로 새어나와 음식을 즐기는데 문제가 있다면 적절한 조치를 취해야하는게 아닐까요? 하루이틀 된 문제가 아닌 것같은데 그냥 위생에 관심이 없으신 듯 합니다. 위생은 고사하고 음식도 맛이 없어요... 위치적 메리트 외에는 딱히 장점이 없습니다. 직원도 불친절해요. 들어가는 순간부터 나오는 순간까지 기분이 한순간도 좋지 못했습니다.,1
만리재비스트로,레스토랑을 기대하지는 마세요. 이탈리안 비스트로로 딱 좋은 식당입니다. 비스트로에서 이정도 맛과 가격이면 최고라 생각합니다. 식사시간에 근처를 지나면 항상 들르게 될 것 같네요.,5
만리재비스트로,"지방 사는 지인들 서울역에 도착했을때 데리고 갔는데 맛있다고 좋아했었어요. 리뷰에서 추천 메뉴 골라서 뇨끼랑 바질리조또, 로제파스타 주문했는데 뇨끼가 진짜 맛있어요 ㅋㅋ 다음에 가면 뇨끼만 두 접시 시킬듯 합니다 ㅎ
아, 오픈 맞춰 갔는데 예약 물어보더라고요. 예약 없이 이용했는데 예약 하는 것 추천합니다. 금방 자리차더라고요",4
만리재비스트로,"6가지 주문했어요. 
메뉴에 best라고 되어 있는 추천 메뉴 중심으로 시켜보았습니다. 버섯과 새우크림 류의 피자 2개, 토마토 파스타, 오징어먹물리조또, 감자뇨끼, 해산물샐러드. 무난한 맛입니다. 나쁘지 않은 맛인데 그렇다고 와! 맛나다라는 느낌도 아닌 평균맛입니다. 가격대는 2만원 내외로 보시면 됩니다. 
개인적으로는 새우해물샐러드와 뇨끼 괜찮았어요. 리조또 종류에 토마토해산물 맛을 추가해주면 좋겠다는... 모든 게 너무 크림과 치즈맛 위주라서 먹고 나서 느끼했어요. 파스타에 토마토 있었는데 이거는 또 파스타면이 너무 칼국수 같아서. 
물병이 유리로 되어 있고 깨끗해서 칭찬하고 싶어요.",4
만리재비스트로,우연히 들어간 곳. 음식 하나도 실패없이 너무 맛있게 먹다나왔어요. 분위기도 좋고 친절하셨습니다. 다음에 또 또 가고싶은집 :),5
만리재비스트로,"움...뇨끼랑 피자 맛은 나쁘지 않음! 맥주도 맛있음
다만 쓰레기통 근처 좌석은 날벌레가 출몰한다는 점, 선곡이.... 이런 레스토랑 치고는 이질적인 느낌.. 종합하면, 다음에는 비슷한 가격대면 좀 더 멀리가더라도 다른 곳 갈 것 같다 끝",3
만리재비스트로,"요리할 줄 모르는 사람들이 겉멋으로 운영하는 느낌.
파스타 해산물 언더쿡. 배 아플까봐 겁남.
면이랑 소스 따로 놀고 있음.
양도 코딱지. 컵라면 작은컵 정도 양 + 편의점 냉동 피자 크기 =38,000원
먹고 2차로 저녁 또 먹고 싶으면 추천합니다 ^^
군인이라 복귀 전 마지막 식사인데 기분이 찝찝하고 기분 나쁘네요 ㅋㅋ
진짜진짜 리뷰 평점만 보지 말고 최근 리뷰 보시길",1
만리재비스트로,"ㅎㅎ 이런 곳을 가다니,
특히 화장실 앞자리 조심하시고,
음식 맛에는 큰 기대하지마세요.",1
만리재비스트로,불ㅜㅜ친절ㅜㅜ해요ㅜ 가격대도 낮지 않은데 상응하는? 서비스?는?아닌ㅜ것같아요ㅜ ㅜㅜ  ㅜ ㅜ 화장실 앞에 자리에서 화장실 다 들여다 보여ㅜ요 ㅜㅜ 화장실 냄새?나?요 ㅜ 식사하?는데? 지린내? 나서 먹기 힘ㅜㅜ들었어요,1
만리재비스트로,미리 예약하고 가면 좋은 자리 분위기 좋게 이용할 수 있어요! 맛이야 말할 것도 없지용🍕👍🏻,5
만리재비스트로,"1. 입장하자마자 내내 나는 화장실 냄새
2. 불편한 식탁(오크통이라서 쩍벌해야함)
3. 분위기와 안 맞는 뜬금 2010년대 Kpop(저도 m에 가까운 mz입니다)
4. 특이점 없는 뇨끼(장점도 단점도 없음)
5. 괜찮은 피자(여느 양식집에서 접해도 괜찮게 느낄 만한)
6. 진짜 안 괜찮은 파스타(트러플오일 파스타 시켰는데 트러플풍기 크림파스타 줌/리뷰에 써있는 말대로 감칠맛 1도 없음/간이 된 건 토마토와 버섯 뿐/친구가 야심차게 해준 크림 파스타 맛 남)
술친자라 음식 먹기 전부터 다양한 맥주 파는 데서 호감이 갔음에도 재방문 의사 없습니다.",2
만리재비스트로,"맛에만 초점을 맞추자면 정말 동의하기 힘든 맛이었습니다.
세트 메뉴를 주문했는데, 샐러드는 패스하고, 버섯+스테이크+크림소스 파스타였는데 이것부터 문제였네요.
이탈리안의 경우 감칠맛이 중요합니다. 그래서 이탈리안은 간이 기본적으로 셉니다. 그리고 그래야 한다고 믿고요.

그런데 이 파스타의 경우 간이 너무 약합니다. 크림소스에서 간이 약하다? 맛의 중심을 무엇으로 잡겠습니까? 몇조각 들어간 버섯? 그것도 향이 강한 포르치노도 아닌, 느타리 버섯으로? 불가능하지요. 이런 경우 대개 조개나 치킨 육수로 맛의 바디를 형성하고 간을 세게 넣어서 버섯과 스테이크 맛을 붙혀줘야 해요.

피자는 괜찮았습니다. 아주 괜찮았습니다. 피자는 괜찮은 이유? 간단합니다. 치즈 자체에 간이 되어 있고 도우 발효 때에도 필수적으로 소금간이 들어갑니다. 

다시 문제의 파스타로 돌아가서... 여기서 지향하는게 무엇이지?하는 물음이 들었습니다. 일종의 건강한 맛인가? 아무튼 좀 기대했는데 매우 실망스러운 파스타였습니다.",3
만리재비스트로,"벌레가 있다고 하니 접시만 바꿔주신건지 아님 위에 버섯은 재활용 한건지는 모르겠으나 버섯들이 벌레 나온거에 있던 버섯과 동일함
버섯을 뽀개서 가리려고 하셨으나 저는 인간이라 퍼즐을 맞춰볼 수 있는 정도의 지능을 갖고 있다네요",1
만리재비스트로,화장실 앞자리 안내받아서 앉았는데...냄새가 납니다...화장실 냄새가 끊임없이 나서 별로였어요...사실 음식도 그렇게 맛있지는 않았어요. 그나마 피자가 먹을만 했습니다.가실거면 걍 피자 드세요,2
만리재비스트로,"전화로 예약 다했는데 전화 안한거 같다해서 전화내역 보여주어도 이미 어쩔수 없다는 답변만 받고.. (미안하다는 말 일절 없음) 일찍가서 그나마 좁은 자리라도 앉았기에 망정이지 아니면 난감할뻔 했네요ㅎ 예약하시는 분들
두번 세번 확인하세요^^ 
( 맛은 평범+ 가성비 아님/ 서울역에 있다는게 제일 메리트)",2
만리재비스트로,이 근처 식당 찾아보다 평이 많아서 갔는데 가격대비 음식 맛은 쏘쏘입니다 집에서 해먹어도 나올 수 있을 것 같은 맛..! (요리를 좀 한다 기준) 크게 재료 간의 조화를 찾아볼 수 없어 아쉬웠습니다 그리고 점심을 넘은 애매한 시각에 갔는데 시끌시끌 동네 술집 느낌..ㅠ.ㅠ,3
만리재비스트로,맛있었어요 뇨끼랑 라자냐,5
만리재비스트로,"날좋을땐 사람이 많아서 어수선함
3-40대 남성직원분이 그렇게 친절하진 않으세요
맛도 무난",3
만리재비스트로,피자랑 파스타 시켰는데 파스타 소스는 물처럼 흘렀어요 그냥 면 삶아서 소스에 버무리고 그냥 내놓은 것 같은&hellip; 면과 소스가 따로놀았구요 소스만 먹어도 아무맛 안나게 싱거웠어요 피자는 너무 짜서 파스타 소스 얹어먹으니 간이 딱 맞았습니다ㅎㅎ 가격은 둘째치고 얻어먹어도 맛있다는 말은 안나올듯 피자랑 파스타 남기면서 아깝다는 생각이 안든건 처음이었어요 직원분들 친절하긴 했는데 너무 떠드시고 어수선해서 그냥 배만 채우고 남긴채로 나왔습니다,1
만리재비스트로,"주말에도 예약해서 갈 수 있어서 편하고 직원분들이 친절해요

주문하고 나오는 메뉴마다 맛있었어요",5
만리재비스트로,모든 메뉴가 가격대는 좀 있는편인데 양이 너무 적고 재료도 뭐가 없어요&hellip;ㅠ 피자는 식으니까 짜고&hellip; 리조또는 숟가락으로 한번 떴는데 그릇 바닥 긁음&hellip; 공간이 엄청 좁지는 않은데 아무래도 한잔 하시러 오는 손님들이 많아 대화하기 좋은 곳은 아닙니다 만리재길 분위기 느끼는거 원툴인듯,2
만리재비스트로,"0점은 못주네요? 여기 식사하려다가 밖에 강아지 묶인거보고 다른집 갔습니다.
딱봐도 보더콜리 활동량은 못채우겠고, 손님들이 터그놀이해서 활동량 채워줬음면 하시는거같은데⋯. 
이거 동물학대입니다. 중형-대형견을 길에 묶어두는 거 다른사람에게 위협이 될 수도있구요;;
정신차리셨음 좋겠네요",1
만리재비스트로,"참으로 황당한 곳 1등 

만리재 비스트로가 유명해서 예약하려고 했는데 안 된다고 하더라구요. 별관이 예약 가능하대서 크게 다를 게 없겠지 싶었죠.

근데 웬걸.

이런 걸 별관이라고 한다고요?
메뉴 달라 맛 달라 서비스 달라 굉장히 황당 그 자체.

맛도 서비스도 엉망진창이었던 곳.

(1) 전화 기록 있는데 예약도 안 되어 있었구요.
(2) 음식이랑 음료 ㅎ 주문하고 40분 즈음에나 전부다 나왔죠? 다른 메뉴 취소하고 싶을 지경 이었는데 이미 들어갔다고 하셨던 거 ㅎㅎ 
(3) 이 모든 상황이 테이블이 전부 차 있는 상황도 아니었던 ㅎ
(4) 아 맛도.. 좀 이렇게 팔아도 된다고 생각하시는지 의문 ㅎ

분점이어도 어이없을 판에 별관 ㅋㅋㅋ

일부러 예약한 사람 민망할 지경의 상황을 본인들만 모르나 싶었네요. 

메뉴판부터 시작해 음료, 나이프 하나 챙길 줄 모르고 우당탕탕 허둥지둥.

서투른 걸 떠나서 예의도 없는 서비스에 기함했습니다.

인정하긴 싫어서 한 번을 죄송하다 말씀 안 하셨죠?

웨이팅이 많아 다른 분점을 만들고 싶으면 비슷한 퀄리티 유지해야지 이게 뭐죠. 사기당한 기분마저 들어요.

부디 굳이 만리재 비스트로 가실 분들은 ㅋㅋ 별관에선 본점(ㅋ) 기대 마시길 ㅎ 바랍니다~~

덕분에 만리대 비스트로 브랜드 자체에도 의아함이 매우 추가된 경험이었네요!",1
만리재비스트로,피자와 파스타가 기억에 남습니다.,5
만리재비스트로,무난해요,3
만리재비스트로,별점 4점대인 음식점이라서 기대했는데 솔직히 그냥 그래요.. 존맛탱 이정돈 아니고 먹을만하다 정도 입니다,3
만리재비스트로,피자 넘나 맛있어요ㅎㅎ,5
만리재비스트로,파스타 맛있어요 ㅠㅠ,5
만리재비스트로,"찐 맛집까지는 아닙니다만 사장님 친절함, 음식의 담백한 맛, 분위기, 끊김 없이 나오는 음식이 괜찮습니다. 스테이크는 철판에 나오면 좋겠다는 생각이 듭니다. 다 식더라구요!",4
만리재비스트로,직원분들이 친절하시고 음식도 맛있어요!,5
만리재비스트로,"자리가 너무너무 불편해요........
두군데 앉아봤는데 둘다 넘 불편함 ㅠㅠ
럼주통 같은 테이블에서는 다리를 어떻게 두어야하나여",3
만리재비스트로,맛있네요 재방문 의사 있습니다 가격이 좀 나가긴 하지만 양도 많고 질도 좋아요,4
만리재비스트로,정석의 이탈리안 그라나 빠다노 아낌없이 갈아 넣어주심,5
만리재비스트로,뇨끼 피자 파스타 등 음식 전부 다 맛있었어요ㅎㅎ,5
만리재비스트로,"양은 좀 적고 파스타는 맛있는데 피자는 무슨 흙내남. 루꼴라에서 나는건지 로즈마리향이 강한건지 암튼 애들은 맛이 이상하다고 거의 못 안 먹음.
연인들 데이트장소는 괜찮겠지만 아이들 데리고 가족식사는 좌석도 불편하고 그닥임",3
만리재비스트로,정말 오랜만에 만족스러운 식사를 했습니다! 맛있는거 먹으면 정말 돈을 가치있게 쓴다는 기분이 드는데 오늘 딱 그런 기분이었어요☺️ 30분 웨이팅할 가치가 있었습니다 번창하세요:),5
만리재비스트로,"듣도보도 못한 파스타...
엄-청 늦게나오는데 맛두 별루...
정체를 알수 없는 리조또.. 
진위가 궁금한 뇨끼..

만리재에 당했다",1
만리재비스트로,버섯리조또가 제일 맛있었고 그 다음 가지 파스타 ㅊㅊ 드립니다.. 자리가 좀 불편하고 가성비는 별로 좋지 않아요 ! 양식 좋아하시는 분들 도장깨기로 한 번 방문해보세요‼️,3
만리재비스트로,피자랑 기네스 함 시켜보시면 ㄹㅇ 감탄 ㄱㄴ,5
만리재비스트로,피자진짜 프레시하고맛있어요,5
만리재비스트로,"뇨끼. 버섯리조또 맛없음
양 작음
테라스 분위기는 만족",1
만리재비스트로,"분위기는 좋았으나
음식이 너무 한가지씩 오분 십분 간격으로 나오는데 가족 아니였음 참 애매했을듯
더구나 마지막 음식은 그 전 음식 나오고 이십분 지나서 나오고 스테이크였는데
심지어 맛도 별로였음
그 사이에 우리 보다 늦게 온 사람들 다 먹고 감
화장실이 좀 에러",2
만리재비스트로,음식 맛은 그냥 귀엽네요. 매장에 무슨 아이돌 노래 나오던데... 분위기에도 음식에도 다 안어울리고 너무 별로에요 :(,3
만리재비스트로,맛밤을 봉지째로 주시다니.. 하니볼은 종류가 많고 맛나요,3
만리재비스트로,"만리재길이 가진 분위기 즐기러 가는 곳인듯합니다.
음식은... 그냥 평범합니다. 뇨끼는 진짜 별로 였습니다",3
만리재비스트로,굿,5
만리재비스트로,평일 점심시간에 갔는데 사람이 좀 많더군요. 분위기 정말 좋고 피자랑 파스타 점심 세트메뉴도 너무 맛있었습니다.,5
만리재비스트로,솔직히 리조또랑 뚝배기 파스타도 별로예여... 평점이 과한 듯 합니다 ㅠㅠ 다행히 웨이팅이라는 걸 하지않아서 그나마 다행입니다....,1
만리재비스트로,"예약 확인 과정에서 문제가 있었음. 

가지 피자, 감자 뇨끼, 고구마 피자, 바질 페스토 리조또, 미트볼 스파게티 주문. 감자 뇨끼가 굉장히 맛있었지만 많이 먹으면 질릴 맛이니 무난한 메뉴랑 같이 시키면 좋을 것 같다. 고구마피자는 생각보다 달지 않아 좋음. 가지피자 굿. 베이컨?의 짭짤한 맛이 있음. 바질 페스토 리조또도 맛있고 미트볼도 맛있으나 무난해서 다른 메뉴에 묻힘. 뇨끼&gt;바질&gt;가지&gt;미트볼 순으로 마음에 든다.",4
만리재비스트로,"유럽 어느골목에 온듯한 분위기며
피자,스파게티,모두 맛있었어요
직원들도 친절했어요
오늘 강북삼성병원에서 개념상실직원때메 상처입었는데 치유되었네요~^^
좋은분위기에서 맛난 시간이었습니다~",5
만리재비스트로,뇨끼 맛있어요bb,5
만리재비스트로,Good service and good food.,5
만리재비스트로,엄&mdash;- 청 맛있는건 아닌데 친절하고 분위기 있어요. 퇴근 후 맥주 한잔 마시는거 추천. 피자는 도우가 두껍네요. 해물 뚝배기 파스타가 칼칼하고 맛있었어요. 주차는 어려운 듯,3
만리재비스트로,Very authentic Pizza Margherita and Bruschetta. Highly recommended!,5
만리재비스트로,음식은 괜찮았습니다. 다만 초파리랑 모기 벌레들이 계속 주변에 날아다니고ㅠ 결국 음식과 음료에 들어갔어요ㅠ 생각보다 너무많았습니다.,3
만리재비스트로,분이기 좋고 맛도 좋았습니다.,5
만리재비스트로,크리스마스에 예약하고 갔는데 맛있게 잘 먹었어요~ 스피커 바로 아래 앉았는데 노래가 좀 시끄러웠습니다 예약석으로 입구에 가까운 자리를 비워두셔서 좀 아쉬웠는데 사장님이 자리 바꿔주셔서 괜찮았어요 사장님이 친절하십니다!,4
만리재비스트로,미리 예약하고 가시는걸 추천. 피자 파스타 다 맛있었어요!,5
만리재비스트로,만리동 최고의 맛집,5
만리재비스트로,입맛 까다운친구도 맛있다고 한 10번넘게 말하면서 먹더라고요ㅋㅋ제가 찾아서 데려간거라 뿌듯했습니다^^줄기상추로 만든 피클도 최고였어요!,5
만리재비스트로,맛있습니다. 여기 자주방문해요@@ 추천메뉴로 해산물에 로제크림에 까만면발 파스타 입니당,5
만리재비스트로,"파스타랑 리조또는 진짜 맛있었어요. 피자는 그냥그래요 
2점 드린이유는 애매한시간대라 저희밖에 없었는데 .. 불친절함을 느꼈어요. 알바생이셨나 .. 아무튼 친구 추천으로 간건데, 다시 가진 않을 것 같아요",2
만리재비스트로,"가끔 앞을 지나갈 때마다 사람이 많길래 맛집인가 궁금해서 찾아보니 후기도 좋은 것 같아 방문했어요. 그런데 너무 기대를 했나요&hellip;.
음식은 금방 나왔는데 맛은 많이 실망했어요..
정말 이도저도 아닌, 뭔가 전체적으로 기성품을 조리해서 먹는 느낌..?

특히 아란치니는 냉동된 것을 전자렌지에 돌린것 같은 맛이 났고, 소스도 차가워서 당황했네요..
음식을 남기는 것을 싫어해서 왠만하면 다 먹으려다가 기분 나쁘게 배만 채우고 왔네요.. ㅠㅠ

음악 소리는 너무 크고, 저녁시간에 손님 테이블 위에서 재료 손질하시고.. 정신없었어요.

너무 아쉬운 식사였습니다.
재방문은 안할 것 같아요&hellip;. 흑..",1
만리재비스트로,맛있는데 양이 푸짐하진 않아요. 그래도 맛있으니까 많이 시켜서 먹으면 좋을 것 같아요~~,3
만리재비스트로,"2인 런치세트 주문했습니다. 피자가 좀 작고, 먹물파스타인데 신기하게 여기는 면이 검네요.",3
만리재비스트로,"엔틱하고 좋은 분위기입니다
3번정도 방문했었는데
항상 좋은기억 남기고 갑니다

근데 라자냐 맛이 좀 바뀐건가
처음와서 먹었을때랑 느낌이 다르더라고요
맛이좀&hellip; 밍밍하면서 밀가루 먹는느낌

그외에 피자 파스타 리조또 친구들은
맛있게먹었습니다",4
만리재비스트로,"정통파 좋아하는 분들은 싫을 수 있음

와인은 쏘쏘",4
만리재비스트로,피자는 그저그럼. 알리오올리오가 맛있었음. 점심에 사람이 많은데 서빙 1명이라 서빙이 힘든지 좋은 서비스를 못바람,4
만리재비스트로,마르게리따 피자 굿,4
만리재비스트로,맛있음,4
만리재비스트로,"정말 맛있었습니다
파스타 피자 어느하나 빠지는것없이 완벽에 가까운 맛이였습니다

특히 피자는 도우와 토마토 소스 토핑이 아주 잘 어울립니다",5
만리재비스트로,버섯리조또 맛있다,4
만리재비스트로,"양이 적고, 다소 짠 편인거 같지만
맛있고 분위기도 좋음",4
만리재비스트로,"맛있고 분위기도 매우 좋았어요! 
파스타와 스테이크샐러드+맥주조합 최고!",5
메이탄 종로점,직원 불친절. 코로나 시국에 요리 간장종지 3-4명당 하나줌. 간장식초등 소스병 식탁에 놓지않는 것이 요즘 고급(?)중식당 trend라 하여 황당!,2
메이탄 종로점,"맛은 있음
볶음해물짜장 짬뽕
탕수육 쏘쏘
주문 2번 누락과 직원 불친절",2
메이탄 종로점,무난합니다. 네이버예약돼요,4
메이탄 종로점,"짬뽕 맛있고
직원분 친절",5
메이탄 종로점,"무난한 맛, 괜찮은 서비스. 사람 많아요~",4
메이탄 종로점,해물짬뽕 1만원 재방문의사있습니다 국물이짭짤한데 해물이 간이안되잇고 면도 부드러워서 같이먹기 딱좋았습니다,4
메이탄 종로점,가족모임,5
메이탄 종로점,"매니저라는 단발머리 직원 아주머님.. &ldquo;주문&rdquo; 이라면서 턱으로 앉은 사람 가르키면서 단답으로 주문 받고 마지막엔 구지 본인이 계산받으면서 빌즈 던지고 계산하더리고요 .. 
사람 가려가면서 친절하던데 ;; 다른 직원분들은 친절했어요. 그래도 마지막 계산까지 기분 더러운곳 
주변사는 지인분께 소개받고왔는데 분위기 좋고 뭐해도 매니저라는분 기분나쁘다 얘기했습니다

밑에 댓글 보니깐 고급 중식당 운운 하시던데
아무리 후진데 가도 그런 후진 서비스는 안할거 같아서 그저 웃기네요 ㅋㅋㅋㅋ 고급 중식당 하려면 본인이 그에 걸맞는 서비스를 하세요~",1
메이탄 종로점,불친절하네요,1
메이탄 종로점,친절하고 맛있었어요^^ 소스가 많은데도 튀김류가 전혀 눅눅하지않고 바삭했습니다. 면류도 불맛 베이스라 취향이었고 디저트 딸기샤베트로 상큼하게 마무리했습니다,5
메이탄 종로점,"처음엔 맛있는 집이었음.
초기 매니저 아줌마도 활기차고 좋은 분였음.
근데 매니저 바뀌고 나서 그런건진 모르겠으나
맛이 변했음.
특히 짜장면이 맛이 없어졌음.
넉넉히 들어가던 돼지고기가 매우 적어졌음.
집 앞인데도 다른데로 가게 됨",2
메이탄 종로점,최악.. 에어컨 안 나오면 예약을 받지를 말아야지.. 뻘뻘 땀흘리면서 밥 먹었네요 ;; 가격대도 저렴한 곳도 아닌데 회사원들 상대로 장사하면서 한여름 35도에 에어컨 없는 게 말이 되나요?,1
메이탄 종로점,서비스도 좋고 무엇보다 맛있어서 재방문 3번째,5
메이탄 종로점,배민으로 양장피(소)랑 유린기(소) 시켰는데 양이 너무 적어서 깜짝 놀랐어요... 맛은 별점 4.5였지만 가격 대비 양 때문에 3점 줍니다ㅜㅜ,3
메이탄 종로점,팔진탕 맛집,5
메이탄 종로점,"가격대는 좀 있으나 식전 샐러드와 스프도 맛있고 후식도 깔끔했어요 그냥 기본 식사 시켜도 주시더라구요
종업원분들 친절하셨고 벨 누르면 바로 오셨어요
짜장이랑 탕수육 먹었는데 간이 세지 않고 딱 적당했습니다. 탕수육은 와 엄청 맛있다!! 정도는 아니었지만 평균 이상이라고 말 할 수 있겠네요.
짜장면도 간 적당하고 맛있었습니다
식당도 깔끔하고 종종 올것 같아요
참고로 배달도 하긴 하는데 면류는 안되서 매장방문 했네요",4
메이탄 종로점,"재료는 신선하고 좋았어요
간이 좀 약한 편이라 건강에 좋은 중국음식 먹는 느낌이었네요",3
메이탄 종로점,"맛있고 친절하고 주차되고 너무 좋아요
고맙습니다.",5
메이탄 종로점,여기 좋아요 가격도 적당하고 맛도 괜찮은 편이고 무엇보다 서비스가 매우 좋아여. 다들 친절하고 식전 샐러드에 식후 샤벳 같은것도 주고 물도 차 우린거라서 매우 좋아요.,5
메이탄 종로점,에미야 볶음밥이 짜다.,3
메이탄 종로점,"전화응대도 불친절하고
네이버예약도 안되고
회식으로 갔었는데 별로였어요
차라리 건너편 하나은행 지하 복성각이 낫겠네요",1
메이탄 종로점,좋아요 요리도 무난하고 식사도 괜찮습니다 가족모임 종종 여기서 해요 특히 여기는 매니저님이 일을 너무 잘하시는듯 ^^ 몹시 프로페셔널 하십니다~,5
메이탄 종로점,"최고 입니다.    별 다섯개  줄만한 맛집 입니다.  
강추예요. ^^",5
메이탄 종로점,맛이 있긴한데 맛에 비해 가격이 조금 비싼것 같습니다. 기분 좋게 먹고 나오긴 했습니다.,4
메이탄 종로점,"비추합니다.
4월 2일 낮에 런치코스를 주문하여 직원들과 식사를 했는데 음식 맛도 그럭저럭이지만 음식이 너무
늦게 나와 11시 30분에 식사를 시작했는데 13시에야 마칠수 있었습니다.",2
메이탄 종로점,가게 청결하고 매우 친절하십니다! 요리들은 세련되었는데 식사는 상당히 보통이에요...,4
메이탄 종로점,직원분들은 친절하시나 맛은 별로에요 유린기 누룽지탕 시켰는데 맛은 그저그랬어용 특히 유린기는 거의 먹은 것 중에 최악ㅠ,2
메이탄 종로점,"혹시?
역시!
딱 한 번 가고 그후 발끊음.",2
메이탄 종로점,오늘 먹은 요리는 괜찮았는데 기본 식사가 별로네요. 예전에는 괜찮았던 것 같은데 점점..,2
메이탄 종로점,몰랐네요. 직접 카운터가서 주문해야하는곳인가 봅니다. 벨을 왜 뒀는지.,1
메이탄 종로점,"맛있는 음식, 최고의 서비스!
잘 먹고 갑니다~ 또 올께요^^",5
메이탄 종로점,"서비스도 좋고 짬뽕 국물 너무 맛있네요,
샐러드 본식 후식으로 딸기셔벗까지 정말 좋았어요
다음에 또 방문할게요",5
메이탄 종로점,맛있어요:) 먹느라 다른건 사진못찍었네요ㅠㅠ,5
메이탄 종로점,"짬뽕도 맛있고 특히 튀긴고기볶음이 맛있어요!
음식이 전체적으로 맛있고 간도 쎄지 않아요
간단한 에피타이저와 후식도 나옵니다
주차도 가능해요",5
메이탄 종로점,"매주 가는데, 왜 정말 갈때마다 벌레가 둥둥 떠다니는거죠?? 도대체 왜?? 꽤 맛있고 친절하고 동네에서 엄청 유명한 집이에요. 근데 위생관리 정말... 주방 다 보이는데 무슨 자신감인지 주방내부가 청결하다는 생각이 전혀 안들어요. 정말 좋아하던 집인데 진짜 먹을때마다 몇번이나 벌레 떠다녀서 다신 안갈려구요. 벌레나오면 매번 음식 새로 주면 땡인가요? 배는 이미 부른데? 다른 서비스도 없고 음식값은 다 받고.. 집에와서 생각나서 다 토했네요",1
메이탄 종로점,"예전에 짬뽕이랑 요리류가 괜찮았던 기억이 았어서 근처에 간 김에 방문
근데 짜장이 물음표가 떠오르는 맛이 었음...
맛 없다는 아닌데... 뭔가 애매한...",3
메이탄 종로점,팔진탕 맛집,5
메이탄 종로점,맛있어요:) 먹느라 다른건 사진못찍었네요ㅠㅠ,5
메이탄 종로점,"재료는 신선하고 좋았어요
간이 좀 약한 편이라 건강에 좋은 중국음식 먹는 느낌이었네요",3
메이탄 종로점,"서비스도 좋고 짬뽕 국물 너무 맛있네요,
샐러드 본식 후식으로 딸기셔벗까지 정말 좋았어요
다음에 또 방문할게요",5
메이탄 종로점,"맛있는 음식, 최고의 서비스!
잘 먹고 갑니다~ 또 올께요^^",5
메이탄 종로점,"가격대는 좀 있으나 식전 샐러드와 스프도 맛있고 후식도 깔끔했어요 그냥 기본 식사 시켜도 주시더라구요
종업원분들 친절하셨고 벨 누르면 바로 오셨어요
짜장이랑 탕수육 먹었는데 간이 세지 않고 딱 적당했습니다. 탕수육은 와 엄청 맛있다!! 정도는 아니었지만 평균 이상이라고 말 할 수 있겠네요.
짜장면도 간 적당하고 맛있었습니다
식당도 깔끔하고 종종 올것 같아요
참고로 배달도 하긴 하는데 면류는 안되서 매장방문 했네요",4
메이탄 종로점,몰랐네요. 직접 카운터가서 주문해야하는곳인가 봅니다. 벨을 왜 뒀는지.,1
메이탄 종로점,오늘 먹은 요리는 괜찮았는데 기본 식사가 별로네요. 예전에는 괜찮았던 것 같은데 점점..,2
메이탄 종로점,불친절하네요,1
메이탄 종로점,"혹시?
역시!
딱 한 번 가고 그후 발끊음.",2
메이탄 종로점,가게 청결하고 매우 친절하십니다! 요리들은 세련되었는데 식사는 상당히 보통이에요...,4
메이탄 종로점,"비추합니다.
4월 2일 낮에 런치코스를 주문하여 직원들과 식사를 했는데 음식 맛도 그럭저럭이지만 음식이 너무
늦게 나와 11시 30분에 식사를 시작했는데 13시에야 마칠수 있었습니다.",2
메이탄 종로점,"짬뽕도 맛있고 특히 튀긴고기볶음이 맛있어요!
음식이 전체적으로 맛있고 간도 쎄지 않아요
간단한 에피타이저와 후식도 나옵니다
주차도 가능해요",5
메이탄 종로점,"음식이 너무 맛있어요. 특히 약간 매운데 해물도 들어간 볶음짜장이 너무 좋네요. 직원분들이 친절하시고, 아기와 어린이에게도 친절하십니다.",5
메이탄 종로점,맛이 있긴한데 맛에 비해 가격이 조금 비싼것 같습니다. 기분 좋게 먹고 나오긴 했습니다.,4
메이탄 종로점,"최고 입니다.    별 다섯개  줄만한 맛집 입니다.  
강추예요. ^^",5
메이탄 종로점,좋아요 요리도 무난하고 식사도 괜찮습니다 가족모임 종종 여기서 해요 특히 여기는 매니저님이 일을 너무 잘하시는듯 ^^ 몹시 프로페셔널 하십니다~,5
메이탄 종로점,"전화응대도 불친절하고
네이버예약도 안되고
회식으로 갔었는데 별로였어요
차라리 건너편 하나은행 지하 복성각이 낫겠네요",1
메이탄 종로점,직원분들은 친절하시나 맛은 별로에요 유린기 누룽지탕 시켰는데 맛은 그저그랬어용 특히 유린기는 거의 먹은 것 중에 최악ㅠ,2
메이탄 종로점,직원 불친절. 코로나 시국에 요리 간장종지 3-4명당 하나줌. 간장식초등 소스병 식탁에 놓지않는 것이 요즘 고급(?)중식당 trend라 하여 황당!,2
메이탄 종로점,"맛은 있음
볶음해물짜장 짬뽕
탕수육 쏘쏘
주문 2번 누락과 직원 불친절",2
메이탄 종로점,무난합니다. 네이버예약돼요,4
메이탄 종로점,"자주 갔었는데 마지막 방문이 되겠네요.
식재료 관리 안된듯해서 고기잡내, 해산물은 비리고 전체적으로 단무지말고 모두 별로 였네요.",2
메이탄 종로점,"짬뽕 국몰맛이 정말~ 진하고 깊어요
식당분위기도 좋았고, 면발의 탱탱함, 국물의깊이 3박자가 모두 좋아서 행복한 식사였릅니다~",4
메이탄 종로점,비싼거만 빼면 다 좋습니다 !!,5
메이탄 종로점,"짜장 짬뽕 탕슉 맛있게 먹었어요
내부 청결하고 물도 맛있고 직원들 친절하고 좋으세요",5
메이탄 종로점,추천합니다.,5
메이탄 종로점,"예전에 짬뽕이랑 요리류가 괜찮았던 기억이 았어서 근처에 간 김에 방문
근데 짜장이 물음표가 떠오르는 맛이 었음...
맛 없다는 아닌데... 뭔가 애매한...",3
메이탄 종로점,"음식이 너무 맛있어요. 특히 약간 매운데 해물도 들어간 볶음짜장이 너무 좋네요. 직원분들이 친절하시고, 아기와 어린이에게도 친절하십니다.",5
메이탄 종로점,"코스 요리 먹었었는데
뭐 하나 맛있는게 하나도 없네요
쨔샤이 까지도",1
메이탄 종로점,"맛있고 친절하고 주차되고 너무 좋아요
고맙습니다.",5
메이탄 종로점,서비스도 좋고 무엇보다 맛있어서 재방문 3번째,5
메이탄 종로점,최악.. 에어컨 안 나오면 예약을 받지를 말아야지.. 뻘뻘 땀흘리면서 밥 먹었네요 ;; 가격대도 저렴한 곳도 아닌데 회사원들 상대로 장사하면서 한여름 35도에 에어컨 없는 게 말이 되나요?,1
메이탄 종로점,"처음엔 맛있는 집이었음.
초기 매니저 아줌마도 활기차고 좋은 분였음.
근데 매니저 바뀌고 나서 그런건진 모르겠으나
맛이 변했음.
특히 짜장면이 맛이 없어졌음.
넉넉히 들어가던 돼지고기가 매우 적어졌음.
집 앞인데도 다른데로 가게 됨",2
메이탄 종로점,친절하고 맛있었어요^^ 소스가 많은데도 튀김류가 전혀 눅눅하지않고 바삭했습니다. 면류도 불맛 베이스라 취향이었고 디저트 딸기샤베트로 상큼하게 마무리했습니다,5
메이탄 종로점,가족모임,5
메이탄 종로점,"매니저라는 단발머리 직원 아주머님.. &ldquo;주문&rdquo; 이라면서 턱으로 앉은 사람 가르키면서 단답으로 주문 받고 마지막엔 구지 본인이 계산받으면서 빌즈 던지고 계산하더리고요 .. 
사람 가려가면서 친절하던데 ;; 다른 직원분들은 친절했어요. 그래도 마지막 계산까지 기분 더러운곳 
주변사는 지인분께 소개받고왔는데 분위기 좋고 뭐해도 매니저라는분 기분나쁘다 얘기했습니다

밑에 댓글 보니깐 고급 중식당 운운 하시던데
아무리 후진데 가도 그런 후진 서비스는 안할거 같아서 그저 웃기네요 ㅋㅋㅋㅋ 고급 중식당 하려면 본인이 그에 걸맞는 서비스를 하세요~",1
메이탄 종로점,배민으로 양장피(소)랑 유린기(소) 시켰는데 양이 너무 적어서 깜짝 놀랐어요... 맛은 별점 4.5였지만 가격 대비 양 때문에 3점 줍니다ㅜㅜ,3
메이탄 종로점,해물짬뽕 1만원 재방문의사있습니다 국물이짭짤한데 해물이 간이안되잇고 면도 부드러워서 같이먹기 딱좋았습니다,4
메이탄 종로점,"무난한 맛, 괜찮은 서비스. 사람 많아요~",4
메이탄 종로점,"짬뽕 맛있고
직원분 친절",5
메이탄 종로점,에미야 볶음밥이 짜다.,3
메이탄 종로점,여기 좋아요 가격도 적당하고 맛도 괜찮은 편이고 무엇보다 서비스가 매우 좋아여. 다들 친절하고 식전 샐러드에 식후 샤벳 같은것도 주고 물도 차 우린거라서 매우 좋아요.,5
메이탄 종로점,"코스 요리 먹었었는데
뭐 하나 맛있는게 하나도 없네요
쨔샤이 까지도",1
메이탄 종로점,추천합니다.,5
메이탄 종로점,"짜장 짬뽕 탕슉 맛있게 먹었어요
내부 청결하고 물도 맛있고 직원들 친절하고 좋으세요",5
메이탄 종로점,비싼거만 빼면 다 좋습니다 !!,5
메이탄 종로점,"짬뽕 국몰맛이 정말~ 진하고 깊어요
식당분위기도 좋았고, 면발의 탱탱함, 국물의깊이 3박자가 모두 좋아서 행복한 식사였릅니다~",4
메이탄 종로점,"자주 갔었는데 마지막 방문이 되겠네요.
식재료 관리 안된듯해서 고기잡내, 해산물은 비리고 전체적으로 단무지말고 모두 별로 였네요.",2
메이탄 종로점,"매주 가는데, 왜 정말 갈때마다 벌레가 둥둥 떠다니는거죠?? 도대체 왜?? 꽤 맛있고 친절하고 동네에서 엄청 유명한 집이에요. 근데 위생관리 정말... 주방 다 보이는데 무슨 자신감인지 주방내부가 청결하다는 생각이 전혀 안들어요. 정말 좋아하던 집인데 진짜 먹을때마다 몇번이나 벌레 떠다녀서 다신 안갈려구요. 벌레나오면 매번 음식 새로 주면 땡인가요? 배는 이미 부른데? 다른 서비스도 없고 음식값은 다 받고.. 집에와서 생각나서 다 토했네요",1
명인강메밀푸른초장,"비빔막국수 대존맛탱
진짜충정로최고의 비빔국수
양념이 예술임",5
명인강메밀푸른초장,"안산 트레킹 후
단체모임 장소로 굿~♡",4
명인강메밀푸른초장,"비빔막국수 먹었는데 양념이 뻔한맛이 아니어서 맛있었어요 면도 차갑게 해서 내주는거 완전 만족. 막국수 하나에 11,000원 가격이 너무 부담스러워서 별 하나 빼요",4
명인강메밀푸른초장,막국수가 너무 맛있고 친절하십니다,5
명인강메밀푸른초장,비빔은 양파맛이 너무 많이나요ㅠㅠ 제입맛엔 안맞네요ㅠ,2
명인강메밀푸른초장,"브레이크 타임에 방문했는데도 테이블에 앉아서 기다릴 수 있도록 배려해주시는 친절함이 감사했습니다. 

비빔메밀을 먹었는데 양념장이 정말 맛있었고, 메일면의 쫄깃함도 환상이었습니다. 브레이크 타임 기다렸다고 추가면발 서비스로 주시는 덤까지 감사했습니다.",5
명인강메밀푸른초장,"음식은 맛있으나 위생이&hellip;안좋아요
메밀국수 겨자소스 입구부분 매우 더럽습니다
바닥에 병뚜껑 굴러다니고요 물컵? 물그릇? 더럽습니다 신경쓰셔야 할 것 같아요",1
명인강메밀푸른초장,주문전에 보시길 바래요. 세명이서 가시는 거면 한방오리백숙 반마리 충분해요. 몇마리요? 반마리요! 미리 전화예약하고 가셔야 바로 먹어요~~~~,3
명인강메밀푸른초장,여름철에 막국수+냉육수 추가 에 메밀전병이면 끝-,5
명인강메밀푸른초장,"비빔메밀이메인. 맛있는건인정
점심시간에가면 로테이션이빠르긴하나 20분이상대기는기본. 
그런데문제는 착석후 주문하고서도 20분은 기다려야음식이나온다는거.
이렇게 웨이팅있고 인기있는식당이면 점심엔 배달을 안받던가, 직원을 늘려야하는데
배달음식만 줄줄이나가지 정작 찾아온 손님은 방치됨;",3
명인강메밀푸른초장,딴거 말고 이거 드세요,4
명인강메밀푸른초장,"전반적으로 음식이 달지만 이집에서만 맛볼 수 있는 맛이 있다.
특히 메밀전병은 정말 특이하면서도 맛있었다.",4
명인강메밀푸른초장,JMT 주인 아주머니도 친절하시고 손맛도 넘 뛰어나십니다!,5
명인강메밀푸른초장,막국수에서 이물질이 나와서 기분 잡쳤습니다. 주방에서 식자재 관리를 제대로 안 하는 것 같네요.,1
명인강메밀푸른초장,모임에서 종종 점심에 메밀막국수 메밀전 먹으러  갔었어요 맛있어요. 생각나는 맛집,4
명인강메밀푸른초장,"메밀집은  메밀을  먹는게 좋은것  같아요
점심에  예약하고  갔는데도  준비도  안되어  있고 
오리백숙을  먹으러  갔는데 찬도  그렇고  ~~
굳이  백숙을  먹으러 갈려면  저녁에  가서  제대로 
드시길  바랍니다 
그냥 동네  밥집에서  백숙 먹는  기분이네요",1
명인강메밀푸른초장,맛있는데 가격이 너무 올라서 아쉬워요ㅠㅠ,5
명인강메밀푸른초장,메밀막국수 맛있음.,3
명인강메밀푸른초장,"너무 비쌉니다. 막국수가 9000원
매년 1,000원씩 가격이 올라가네요.",2
명인강메밀푸른초장,한방오리백숙 &amp; 녹두죽도 좋지만 시큰하게 잘 익은 김치가 정말 예술이다.,4
명인강메밀푸른초장,양념 주물럭 먹었는데 맛있었습니다! 사장님도 너무 친절하셨어요. 서비스 부침개도 주시고 너무 잘 먹고 갑니다. 다만 일행 중 일부는 간이 좀 쎄서 짜다는 의견도 있었네요.,4
명인강메밀푸른초장,맛있으나 가격대있음,4
명인강메밀푸른초장,"쟁반
막국수 개마싯슴",5
명인강메밀푸른초장,메밀전병 예술,5
명인강메밀푸른초장,메밀전병을 꼭 시켜야 한다.,5
명인강메밀푸른초장,전병이 맛있어서 재방문 합니다,5
명인강메밀푸른초장,국수 무난하고 전병 맛잇는데 익숙한 양념맛이 아쉬움,4
명인강메밀푸른초장,"물메밀이랑 비빔메밀은 그냥 평범하고 여기저기서 팔것같은 맛인데

와.. 메밀전병이 진짜 ㅅㅌㅊ임
안에 뭐임???

bts 봉준호 손흥민 메밀전병 let's go

얻어먹어서 다른거 가격은 잘 모르겠는데 메밀전병만 기억함

메밀전병 만원",5
명인강메밀푸른초장,"오리백숙.  오리 맛이 구수하고, 다양한 종류의 밑반찬, 김치 모두 신선하고, 누룽지 죽 또한 다양한 재료를 사용하여 건강한 맛이 일품.",5
베리키친,"조용하고 분위기는 좋으나
가성비 별로. 치즈파스타 노맛",2
베리키친,"와~ 서비스가 완전 장난입니다.

크로나 땜에 불상해서 갔는데... 진짜 불상하네요",1
베리키친,○○○맛없어,1
베리키친,가격이 맛과 양에 비례하지 않으나 분위기는 그럴듯하니｡,3
베리키친,마싯어요!시칠리아랑 수육 둘 다 존맛,5
베리키친,ㅂㄹ,2
베리키친,"맛, 분위기, 친절도 다 만족했어요. 메뉴 중 김치찜이 시그니처던데, 레드와인이랑 먹기에 개인적으로 좋았고, 당연 맥주랑도 잘 어울릴 듯요. 직원분도 엄청 친절하게 응대해 주셨어요. bb",5
베리키친,"외국의 펍같은 인테리어와 음악 속에서 꼬모(버섯파스타), 만리동(토마토김치찜), 윤기나는 공기밥까지 다 맛있게 먹었습니다. 재방문의사 있지만 가격대가 있는 편이여서 별하나 뺐습니다.",4
베리키친,친절하시구 분위기 맛찝,5
베리키친,"감성 식당
 타이페이  삼겹살 조림 처음 한입은 맛있고 두번째 부터 많이 짜고 장조림맛이 많이 나요  햇반있으면 먹고 싶은맛
치즈 파스타  집에서 신경써서 만든 느낌
리조또 맛없음

가격은 분위기값이 6000원씩 들어있는거 같음 분위기 아니면 평범한 맛",2
베리키친,"인테리어는 너무 이뻤지만 음식 가성비가 좋지 않았다. 그냥 밥한끼 먹은 느낌....명란리조또, 타이페이, 감바스 먹었는데 맛이없지는 않았지만 맛이 있지도 않았다",3
베리키친,"식당주인인 오준식 디자이너를 존경하기에 식당이 생기기 전부터 관심을 가지고 지켜보던 곳. 
여전히 가장 좋아하는 곳이고 자주 찾고 있음. 
특유의 분위기가 너무 근사함. 
단 근래에 찾았을 때엔 음식에 대한 만족도가 높진 않았음. 
가격이 싼 편도 아니라 괜히 먹었다는 생각까지...
특별하고 개성있는 느낌은 매우 좋아하지만,
바지락 볶음밥?은 정말 별로였음.",4
베리키친,"메뉴이름이 세계 각국 도시이름인 곳
처음에는 짜다고 느꼈지만 치즈의 향과 풍미가 아주 진한 치즈파스타
동파육과 비슷한 거 같고 달고 짭쪼름한 간장소스를 끼얹은 삼겹살찜
평준화가 된 맛의 감바스
음료는 맥주 아니면 그냥 생수 마시기를...
직원분 엄청 친절함",4
베리키친,메뉴들이 다 맛있어요!!,5
베리키친,런치메뉴중 쌀국수 국물맛이 너무 라면국물 같았어요.. 이 메뉴는 피하시길.. 이거 외에는 맛있었습니다.,5
베리키친,"인터리어, 분위기, 맛 모두 좋아요~~",4
베리키친,Nice Food &amp; Ambience,4
베리키친,도미회 메뉴가 정말 마음에 들었고 단호박 퓨레를 사용해서 와플 모양으로 만든 뇨끼도 너무 맛있었습니다. 뇨끼는 심지어 한 번 더 주문했습니다!!,5
베리키친,"1. 맛은 나쁘지 않다. 하지만 소스맛이 상대적으로 강하게 난다. 고급스럽다고 하긴 어렵다. 어떤 부분은 한식과 이태리가 섞인 느낌.

2. 가격은 싸진 않다. 음식은 과하게 비싸다 정도는 아니지만 술은 아니다. 클라우드 베이가 10만원 넘게 책정 되어 있는 거 보고 와인 시킬 생각은 버렸다.

3. 분위기는 예전엔 뭔가 힙한 느낌을 줬을지 모르지만 지금은 횡한 느낌을 준다. 고급스러운 매장은 결코 아닌데, 화이트 와인 리스트에서 클라우드베이가 첫 장 제일 밑에 있는 수준. 

4. 직원들은 썩 친절하지는 않다. 남녀 직원 둘이 일하던데 내가 사장이면 잘랐다. 

5. 결론. 어쩌다 지인이 가자고 해서 갔지만 다시 갈 일은 없는 식당.",2
베리키친,분위기 인테리어 정말 좋아요 근데 가격에 비해서 양과 맛이.........하나도 못따라옴,3
베리키친,"바르셀로나 감바스
쟌슨빌 소세지

괜찮은 양식 레스토랑",4
베리키친,"용산~서울역 근처에서 모임이나 데이트할 때 가기 좋은 식당이었어요. 넘 맛있고 양식 먹을지, 한식 먹을지 고민할 때 여기서 시금치 리조또에 김치찜 먹으면 맥주 한 병 뚝딱이었어요.. 맛있는 거 좋아하는 돼지라서 파스타 추가로 시켜서 와인까지 먹었는데 넘 즐거운 시간이 되었습니다 ㅋㅋ 다 먹고 주변 산책하기도 괜찮네요",5
베리키친,맛있고 분위기 좋아요,5
베리키친,음식도 맛있고 분위기도 좋았지만 블로그에서 본대로 여직원분이 불친절함.,3
베리키친,진짜 불친절,1
베리키친,"가성비가 낮고
시끄럽다",3
베리키친,"음식 준비가 덜 돼서 죄송하다고 맥주를 서비스로 주셨어요 맛도 있고 저희가 미안할 정도로 친절하셨습니다
잘 먹고 가요!!",5
베리키친,아기자기하고 따수운 분위기에서 좋은 와인과 맛난 음식! 낮에도 열면 넘 좋을텐뎅,5
베리키친,"평일 점심 방문. 근처 직장인분들로 인해 11시반에서 12시반은 피하시는거 추천.12시에 갔다가 정신없었어요.
식사,나오기까지 시간이 좀 걸렸지만 직원분이 친절하게 미리 양해구해서 기분 나쁘진 않았어요. 그리고 음식이 만족스러워서 잘 먹고왔습니다. 고등어 비리지 않았고(비린거 예민한편) 토마토 김치찜 맛났어요.",4
베리키친,맛이 없어요..단 두분이 일하셔서 서비스도 별로고요..,1
베리키친,"인스타감성감성 하면서도, 분위기 좋은 술집을 찾는다면 추천하는 곳! 저희는 화요를 먹었는데, 와인 종류도 다양하게 준비되어 있어요.

음식들 양이 많지는 않지만, 전반적으로 맛있었고요! 3명이서 1차로 네 개 먹었는데 적당히 배불렀어요. 서울로 근처에 괜찮은 술집들도 많고, 산책하기도 좋아서 데이트 하기에도 좋을 것 같아요.",3
베리키친,"인생레스토랑.
방문만 벌써 10번째 넘는 곳.
항상 다른 세계에 온 듯한 기분.",5
베리키친,"글쎄요. 맛이 없는 건 아니에요. 분명 맛있어요.
근데 이 돈 주고는..., 싶은 정도의 맛이에요.
아마도 여자친구랑 가는거 아니면 갈 일이 없을 것 같아요.
다만 사장님과 알바생들 친절 합니다. 오가닉한 인테리어도 독특하구요.",3
베리키친,테이블들이 많이 붙어있고 투명 칸막이로만 나뉘어 있어서 이야기하기에 좋지는 않음.,3
베리키친,테라스에서 와인마심. 무난함.,4
베리키친,고등어오일파스타 비리지않고 맛있어요,4
베리키친,"오랜 직장 동료들과 모임을 했는데, 양이 너무 적고 가격이 비싸서
음식이 맛있는 것은 와닿지가 않더군요.
약간 단 둘이 기분 내야 할 때 왔었어야 했던 것 같습니다.",3
베리키친,"메뉴 이름에따라 각자의 개성이 확실하게 보임
분위기 좋으나 공간의 특성상 회식이 많으면 살짝 시끄러움
술 한잔하기 좋은 곳",4
베리키친,크리스마스 당일에 급하게 찾아서 우연히 오게 된 곳인데 분위기 좋고 음식들도 예쁘고 맛도 있어서 또 들르고 싶은 곳이에요 !! 직원분들도 친절하셨어요 🎄,5
베리키친,자리 안내도 제대로 안해주고 단발머리 여자 직원 굉장히 불친절해요. 무신경하면서도 반응이 시큰둥~ 굉장히 불친절한 스타일이에요. 표정부터가 썩어있어서 처음부터 기분이 나빴어요. 차라리 로봇이 응대하는게 나을 정도였네요 응대하기 싫으면 그냥 테이블마다 탭 갖다놓으세요,2
베리키친,분위기 좋고 맛있고 친절하고 더 바랄게 있을까요? 또 갈 거예요!,5
베리키친,"모임하기 좋은 장소예요~
주문한 모든 음식이 맛있었고, 특히 시금치 리조또가 기억에 남아요!",5
베리키친,"분위기에 취한다는 말이 이해되는 곳!
4년전에 와보고 반해버림 ㅎㅎ
최근 모임장소로 내가 추천해서 또 방문.
내가 먹어본 음식들은 다 맛있었다.
특히 만리동(김치찜)이 최고!
이런 분위기에서 먹으면 더 맛있는 느낌!
개인적으로 이 분위기에 이맛에 이가격대면 괜찮다고 본다.",5
베리키친,항상 사람이 많네요. 메뉴가 독특하고 맛있는 편인데 양이 많지는 않아요.,4
베리키친,늘 사람이 많아요. 밤에 오면 유럽,4
베리키친,오래된 건물에서 느껴지는 특별함 외에 음식은 평범했습니다,3
베리키친,"사장님 넘나 친절하시구 오일파스타 대존맛임!!!!
서비스도 너무 좋아서 강추욥!!!!",5
베리키친,구운배추샐러드 굿,4
베리키친,"음식이 10~15분에 한 개씩 나옴
술 마시고 분위기 즐기러 가는 거면 괜찮은데 음식은 가성비 최악.손님은 많음
김치찜 감바스는 맛있음
가지 리조또는 밥이 보리임
오일, 치즈 파스타는 별로",1
베리키친,"초반에 베리스트릿키친(?) 일때 자주 갔었는데 이름이 조금 바뀐것 같네요. 아닌가? 기억이 가물가물 하네요.. 오랜만에 방문해도 여전히 맛있고 좋은 장소였습니다^^ 특히 추천 와인이 너무 좋아서 한병으로 끝낼 수가 없었습니다 ㅎㅎ
같이 가신 분들이 모두 좋아하셨어요!",5
베리키친,직원 여자분 너무 친절하시고 음식도 넘맛있고 분위기도 너무좋아요,5
베리키친,맛있고 비쌈,4
베리키친,친구들이랑 다녀왔는데 비싸지만 그만큼 맛있었어요 일부로 예약하고 갔는데 자리를 너무 구석으로 몰아서 불편했어요 자리가 없던 것도 아니였어요 직원분은 일하신지 얼마안되신거같아요 맛 빼고는 그냥 다 무난했어요,4
베리키친,맛도리,5
복성각 서대문점,맛집,5
복성각 서대문점,"무난한 중식당. 내부가 생각보다 넓고 룸도 있어 웨이팅은 없었습니다.
음식도 점심시간대였던 것 치고는 빠르게 나왔구요.
테이블이 잘 안 닦였는지 약간 끈적였던 부분이 아쉬웠지만 음식들은 전반적으로 나쁘지 않았습니다.",4
복성각 서대문점,그렇게 뛰어난 맛이라 하기 힘듬. 중국식 냉면(3) 짬뽕(3) 샤오마이(2) 뽁음밥(3.5),3
복성각 서대문점,어제 가족과 동생가족과  점심코스3번째 시켜는데 첫번째 요리에서 머리카락이 나오고 단무지에 머리카락도 있고하니 밥맛이 떨어지고 하니 자주갔지만 다시는 정결하지않아서 가지 않기로 했습니다,1
복성각 서대문점,그냥 짜장 곱 먹었는데  가격 9천원 대비 비추,1
복성각 서대문점,"여기 갈때마다 기분 나쁘긴 했는데 어제 부러 안가기로 함

일하는 분들이 한국 사람 아닌듯

일단 반찬이나 밥그릇이나 던지듯이 내려 놓음

탁탁 소리날정도 같이 간 일행들 다 황당해했음

한국말 잘 못알아들음

중국인들이 한국인들 경멸하는 눈빛으로 손님을 대함

이동네  식당이 별로 없어서 배짱 장사하는지는 알겠는데 종업원들 교육좀 제대로 시켰으면 좋겠네요

어제부러 우리쪽 지인들은 다신 안가기로 함",1
복성각 서대문점,코스b 비추입니다,1
복성각 서대문점,주말에 근처에 문 연곳이 없어 선택지가 없을때 갈곳,3
복성각 서대문점,"자장면짬뽕은 무난했는데, 깐풍기는 진짜 별로였어요... 사천 소스인가 쩐내나고 먹기 힘든 요리였습니다 ㅠㅠ",3
복성각 서대문점,딤섬류는 추천이예요 근데 짜장면이 너무 불어서....근래에 먹은거중에 제일 충격적..,2
복성각 서대문점,최고,5
복성각 서대문점,"3월 방문
기본 메뉴는 다 괜찮은 편
기본 메뉴에서 벗어난 음식, 예를 들면 해물누룽지, 같은 경우 이래도 되나 싶을 정도로 비리고 맛이 매우 없음.

4월 방문 후기
음 ㅋㅋㅋㄱ 해물을 얼렸다가 녹혀서 쓰는 것 같음. 그게 아니고서는 이렇게 비린 맛이 나올 수 없을 듯.",2
복성각 서대문점,음식이 다 맛 있습니다. 딤섬도 있어서 좋아요. 이과두주를 아주 좋아하는데 팔지 않는 중국 음식점이 더 많은데 여긴 이과두주도 있어서 더 좋습니다.,5
복성각 서대문점,"맛은 있는데, 주문하고 메뉴 나오기까지 너무 오래 걸려요.
비슷한 시간에 같은 메뉴를 주문해도 다른 테이블이 다 먹을 때까지 기다리큰 복불복에 당첨될 수 있어요. 식사 다하고 일어날 때까지 주문한 요리가 안나와서 포기하고 취소한 적도 있네요.",3
복성각 서대문점,"짜장,짬뽕 , 간짜장  그저그렇고 요리도 양이 적네요",2
복성각 서대문점,일단 서울에서 먹어본 마파두부 중에 여기가 1위입니다. 더 돌아보고 다른데가 여기만 못하다 싶으면 5점으로 올리러 다시 돌아오겠습니다.,4
복성각 서대문점,삼선짬뽕 추천합니다,4
복성각 서대문점,여기 마늘탕수육 미쳤음ㅜㅜ,5
복성각 서대문점,"점심시간엔 가지마세요. 자장면 같은 기본메뉴는 미리 만들어 두는 것 같아요. 
오피스지역 점심시간에 바쁜건 이해합니다만..  아무리 그래도 이건 아니죠. 간짜장이 1분만에 나오는게 의아하긴 했지만 주방장 손이 겁나 빠르려니 했는데.. 면은 다 뿔어터져서 들러붙어서 비벼지지도 않고 간자장 소스도 딱 봐도 방금 볶아서 탱글탱글한 느낌 1도 없고 흐물텅흐물텅;; 면요리를, 그것도 중국집의 기본메뉴를 이렇게 홀대하는 집은 갈 가치가 없다고 봄.
그래도 다들 평이 좋은걸보니 저녁에 가서 요리 시켜먹기엔 나쁘지 않나봄.",1
복성각 서대문점,"다른 중국집에 비해 가격도 착하고, 해산물 엄청 실하고 퀄리티 좋아요. 
앞으로 근처 중식 먹으면 여기만 갈거 같아요. 
이렇게 혜자로운 중국집 오랜만.",5
복성각 서대문점,맛있어요^^ 즐거운 회식,5
복성각 서대문점,"대파 소고기탕면? 맛있네요 인정,",5
복성각 서대문점,꿔바로우는 소스맛이 영 이상했지만 짜장면은 상당히 맛있음.,3
복성각 서대문점,모임이나 회사 회식에 최적합화된 장소 이면서 기본적인 맛이 보장되는 중식당 입니다 서대문역 주위에서는 룸등의 규모 및 맛으로는 단연 최고이고 다른 일반 중식당과 달리 딤섬과 만두가 서비스되고 맛도 중상이라 자주 방문합니다,4
복성각 서대문점,마파두부밥은 여기보다 더 맛있는 집은 못봤다,5
복성각 서대문점,맛과 분위기 그럭저럭 괜찮은데 여자 알바생이 반찬 접시 던지는 게 입맛 확 떨어지게 하네요,3
복성각 서대문점,딤섬 괜찮음,4
복성각 서대문점,음식이 정갈합니다!!,5
복성각 서대문점,"음... 짬뽕 맛집이 아니었네요...
기본짬뽕이 맛있어야 하는데...
그냥 평범한 짬뽕...

아.. 참고로 주차비 지원은 50,000원이상
먹어야 한답니다...",1
복성각 서대문점,"근처  적십자병원 입원할 일이 있어 왔다 너무 이른 시간에 와서 기다리라고 해서 점심겸 들린 식당 복성각..서대문점...

허술한 동네 중국집 이겠거니 하고 찾아갔다 깔끔한 레스토랑  분위기라 깜짝 놀람...

혼자 간지라 여러음식은 못시키고 간짜장을 시킴.. 주문후 10분도 안되어 음식이 나왔고 점심시간이 그런지 자리마다 기본찬은 셋팅되어 있음

단무지 양파 짜사이 3종에 차는 향긋한 쟈스민차라 기름진 음식에 아주 잘 어울림..

금방 나온 간짜장은 물기 하나 없이 볶은 양파만 들어 있는 짜장으로 전형적인 스타일..

면은 이집 특유의 납작면으로 씹는 식감이 일품이고 잘 퍼지지 않는 특징이 있다고 하네여. 역시 먹어보니 식감이 쫄깃하니 좋습니다. 

이집은 짜장은 물론 다양한 중식음식과 특히 딤섬이 유명한 집이라고 합니다.

간만에  맛있게 먹은 짜장맛집 이자 다음번에는 식구들과 세트메뉴 라도 시켜먹고 싶은 맛집 으로 강추 합니다.",4
복성각 서대문점,"굴짬뽕밥(14.): 굴국밥같은 시원함은 아니지만 푸짐하고 먹을만함.
대창덮밥(15.): 엄청 푸짐하며 적당한 감칠맛이 있음. 맛있음.
납작짜장(9.): 감칠맛있는 짜장. 입안을 적당히 휘감는 짜장맛. 맛있음.

전반적으로 푸짐하고 맛있음. 점심시간에 11:30부터 대기있음.",4
복성각 서대문점,주문 밀린것 같아 확인좀 해달라니까 면은 늦게 나온다고 확인도 안하고 가시더니 몇분뒤에 다른분이 오셔서 누락됏다고 하네요.,1
복성각 서대문점,납작짜장이 JONNA 맛있는 집,5
복성각 서대문점,마파두부 굿굿,3
복성각 서대문점,평일 점심에는 정신없지만 맛있어서 먹으러 가요! 볶음짜장은 좀 빨리 퍼지네요,5
복성각 서대문점,삼선짬뽕!,5
복성각 서대문점,"깔끔하고
맛있는 집입니다.",4
복성각 서대문점,삼선짬뽕!,4
복성각 서대문점,"추천하고픈 중국요리집. 친구들과 언제 한번 모임을 하려고 함. 추천 음식은 코스요리도 좋고 단품으로는 잡탕밥, 삼선볶음밥, 삼선간짜장... 두루두루 괜찮은집",5
복성각 서대문점,자주갑니다.,5
복성각 서대문점,"졸업식 끝나고 가지 마라. 후회한다.
짜장면도 불었고, 직원들태도는 불성실함",2
복성각 서대문점,서대문역 바로 앞 지하 상가에 위치한 중국집. 매콤새콤한 육수에 아삭하고 바삭한 토핑이 입맛 확 돋게 하는 유린기 냉면 강추. 딤섬은 속이 꽉 찬 대신 피가 불어 아쉽고 신기하게도 간짜장보다 짜장이 맛있는 집. 탕수육은 무난하나 군만두가 맛있고 대체적으로 가성비 좋음.,3
복성각 서대문점,납작 짜장과 마늘 탕수육으로 잘 알려져 있습니다.,5
복성각 서대문점,"버섯이 너무 많았고, 맛은 평범. 국물이 많이 걸죽한 편. 먹다보니 질려서 많이 남김. 룸이 많아서 저녁 코스요리로 저녁 회식을 하기엔 좋아보인다",3
복성각 서대문점,짜장면과 딤섬이 맛있음,4
복성각 서대문점,면이 쫄깃하고 영화보기 전 나쁘지 않은 선택.,2
복성각 서대문점,"코스별 요리맛은 최고입니다/ 한가지 아쉬운점은 
계산후 서비스 돌변 이예요 벨 눌러도 계속 안오십니다",5
복성각 서대문점,"유린기 냉면, 파리머리(마늘쫑)덮밥, 고기튀김 전부 다 맛있었습니다.",5
복성각 서대문점,"여름에 냉면먹으러 방문해야 하는 곳
바쁜 점심시간에 사람이 몰려서 일찍 가야함. 친절함은 바라지 않는게 좋음.
메뉴가 잘못 나오는 일이 많음. 주문 확인 및 마지막 으로 계산서 확인을 잘 해야함",3
복성각 서대문점,개인적으로 짜장보단 짬뽕밥에 영업당했어요. 해물도 적당하고 국물이 진하고 좋았네요~,4
복성각 서대문점,맛집,5
복성각 서대문점,저렴하고 맛있음,3
복성각 서대문점,딤섬 괜찮음,4
복성각 서대문점,"무난한 중식당. 내부가 생각보다 넓고 룸도 있어 웨이팅은 없었습니다.
음식도 점심시간대였던 것 치고는 빠르게 나왔구요.
테이블이 잘 안 닦였는지 약간 끈적였던 부분이 아쉬웠지만 음식들은 전반적으로 나쁘지 않았습니다.",4
복성각 서대문점,그렇게 뛰어난 맛이라 하기 힘듬. 중국식 냉면(3) 짬뽕(3) 샤오마이(2) 뽁음밥(3.5),3
복성각 서대문점,어제 가족과 동생가족과  점심코스3번째 시켜는데 첫번째 요리에서 머리카락이 나오고 단무지에 머리카락도 있고하니 밥맛이 떨어지고 하니 자주갔지만 다시는 정결하지않아서 가지 않기로 했습니다,1
복성각 서대문점,그냥 짜장 곱 먹었는데  가격 9천원 대비 비추,1
복성각 서대문점,"여기 갈때마다 기분 나쁘긴 했는데 어제 부러 안가기로 함

일하는 분들이 한국 사람 아닌듯

일단 반찬이나 밥그릇이나 던지듯이 내려 놓음

탁탁 소리날정도 같이 간 일행들 다 황당해했음

한국말 잘 못알아들음

중국인들이 한국인들 경멸하는 눈빛으로 손님을 대함

이동네  식당이 별로 없어서 배짱 장사하는지는 알겠는데 종업원들 교육좀 제대로 시켰으면 좋겠네요

어제부러 우리쪽 지인들은 다신 안가기로 함",1
복성각 서대문점,코스b 비추입니다,1
복성각 서대문점,주말에 근처에 문 연곳이 없어 선택지가 없을때 갈곳,3
복성각 서대문점,"자장면짬뽕은 무난했는데, 깐풍기는 진짜 별로였어요... 사천 소스인가 쩐내나고 먹기 힘든 요리였습니다 ㅠㅠ",3
복성각 서대문점,딤섬류는 추천이예요 근데 짜장면이 너무 불어서....근래에 먹은거중에 제일 충격적..,2
복성각 서대문점,"3월 방문
기본 메뉴는 다 괜찮은 편
기본 메뉴에서 벗어난 음식, 예를 들면 해물누룽지, 같은 경우 이래도 되나 싶을 정도로 비리고 맛이 매우 없음.

4월 방문 후기
음 ㅋㅋㅋㄱ 해물을 얼렸다가 녹혀서 쓰는 것 같음. 그게 아니고서는 이렇게 비린 맛이 나올 수 없을 듯.",2
복성각 서대문점,최고,5
복성각 서대문점,꿔바로우는 소스맛이 영 이상했지만 짜장면은 상당히 맛있음.,3
복성각 서대문점,"맛은 있는데, 주문하고 메뉴 나오기까지 너무 오래 걸려요.
비슷한 시간에 같은 메뉴를 주문해도 다른 테이블이 다 먹을 때까지 기다리큰 복불복에 당첨될 수 있어요. 식사 다하고 일어날 때까지 주문한 요리가 안나와서 포기하고 취소한 적도 있네요.",3
복성각 서대문점,"짜장,짬뽕 , 간짜장  그저그렇고 요리도 양이 적네요",2
복성각 서대문점,일단 서울에서 먹어본 마파두부 중에 여기가 1위입니다. 더 돌아보고 다른데가 여기만 못하다 싶으면 5점으로 올리러 다시 돌아오겠습니다.,4
복성각 서대문점,삼선짬뽕 추천합니다,4
복성각 서대문점,여기 마늘탕수육 미쳤음ㅜㅜ,5
복성각 서대문점,"점심시간엔 가지마세요. 자장면 같은 기본메뉴는 미리 만들어 두는 것 같아요. 
오피스지역 점심시간에 바쁜건 이해합니다만..  아무리 그래도 이건 아니죠. 간짜장이 1분만에 나오는게 의아하긴 했지만 주방장 손이 겁나 빠르려니 했는데.. 면은 다 뿔어터져서 들러붙어서 비벼지지도 않고 간자장 소스도 딱 봐도 방금 볶아서 탱글탱글한 느낌 1도 없고 흐물텅흐물텅;; 면요리를, 그것도 중국집의 기본메뉴를 이렇게 홀대하는 집은 갈 가치가 없다고 봄.
그래도 다들 평이 좋은걸보니 저녁에 가서 요리 시켜먹기엔 나쁘지 않나봄.",1
복성각 서대문점,"다른 중국집에 비해 가격도 착하고, 해산물 엄청 실하고 퀄리티 좋아요. 
앞으로 근처 중식 먹으면 여기만 갈거 같아요. 
이렇게 혜자로운 중국집 오랜만.",5
복성각 서대문점,맛있어요^^ 즐거운 회식,5
복성각 서대문점,"대파 소고기탕면? 맛있네요 인정,",5
복성각 서대문점,개인적으로 짜장보단 짬뽕밥에 영업당했어요. 해물도 적당하고 국물이 진하고 좋았네요~,4
복성각 서대문점,음식이 다 맛 있습니다. 딤섬도 있어서 좋아요. 이과두주를 아주 좋아하는데 팔지 않는 중국 음식점이 더 많은데 여긴 이과두주도 있어서 더 좋습니다.,5
복성각 서대문점,저렴하고 맛있음,3
복성각 서대문점,모임이나 회사 회식에 최적합화된 장소 이면서 기본적인 맛이 보장되는 중식당 입니다 서대문역 주위에서는 룸등의 규모 및 맛으로는 단연 최고이고 다른 일반 중식당과 달리 딤섬과 만두가 서비스되고 맛도 중상이라 자주 방문합니다,4
복성각 서대문점,맛과 분위기 그럭저럭 괜찮은데 여자 알바생이 반찬 접시 던지는 게 입맛 확 떨어지게 하네요,3
복성각 서대문점,볶음밥. 매콤새우짜장면. 찐만두 진짜 맛있어서 자주 방문해요. 다만 딤섬은 제 스타일은 아니었어요ㅠ,4
복성각 서대문점,음식이 정갈합니다!!,5
복성각 서대문점,"음... 짬뽕 맛집이 아니었네요...
기본짬뽕이 맛있어야 하는데...
그냥 평범한 짬뽕...

아.. 참고로 주차비 지원은 50,000원이상
먹어야 한답니다...",1
복성각 서대문점,"근처  적십자병원 입원할 일이 있어 왔다 너무 이른 시간에 와서 기다리라고 해서 점심겸 들린 식당 복성각..서대문점...

허술한 동네 중국집 이겠거니 하고 찾아갔다 깔끔한 레스토랑  분위기라 깜짝 놀람...

혼자 간지라 여러음식은 못시키고 간짜장을 시킴.. 주문후 10분도 안되어 음식이 나왔고 점심시간이 그런지 자리마다 기본찬은 셋팅되어 있음

단무지 양파 짜사이 3종에 차는 향긋한 쟈스민차라 기름진 음식에 아주 잘 어울림..

금방 나온 간짜장은 물기 하나 없이 볶은 양파만 들어 있는 짜장으로 전형적인 스타일..

면은 이집 특유의 납작면으로 씹는 식감이 일품이고 잘 퍼지지 않는 특징이 있다고 하네여. 역시 먹어보니 식감이 쫄깃하니 좋습니다. 

이집은 짜장은 물론 다양한 중식음식과 특히 딤섬이 유명한 집이라고 합니다.

간만에  맛있게 먹은 짜장맛집 이자 다음번에는 식구들과 세트메뉴 라도 시켜먹고 싶은 맛집 으로 강추 합니다.",4
복성각 서대문점,"굴짬뽕밥(14.): 굴국밥같은 시원함은 아니지만 푸짐하고 먹을만함.
대창덮밥(15.): 엄청 푸짐하며 적당한 감칠맛이 있음. 맛있음.
납작짜장(9.): 감칠맛있는 짜장. 입안을 적당히 휘감는 짜장맛. 맛있음.

전반적으로 푸짐하고 맛있음. 점심시간에 11:30부터 대기있음.",4
복성각 서대문점,주문 밀린것 같아 확인좀 해달라니까 면은 늦게 나온다고 확인도 안하고 가시더니 몇분뒤에 다른분이 오셔서 누락됏다고 하네요.,1
복성각 서대문점,납작짜장이 JONNA 맛있는 집,5
복성각 서대문점,마파두부 굿굿,3
복성각 서대문점,평일 점심에는 정신없지만 맛있어서 먹으러 가요! 볶음짜장은 좀 빨리 퍼지네요,5
복성각 서대문점,삼선짬뽕!,5
복성각 서대문점,마파두부밥은 여기보다 더 맛있는 집은 못봤다,5
복성각 서대문점,"깔끔하고
맛있는 집입니다.",4
복성각 서대문점,"추천하고픈 중국요리집. 친구들과 언제 한번 모임을 하려고 함. 추천 음식은 코스요리도 좋고 단품으로는 잡탕밥, 삼선볶음밥, 삼선간짜장... 두루두루 괜찮은집",5
복성각 서대문점,자주갑니다.,5
복성각 서대문점,"졸업식 끝나고 가지 마라. 후회한다.
짜장면도 불었고, 직원들태도는 불성실함",2
복성각 서대문점,서대문역 바로 앞 지하 상가에 위치한 중국집. 매콤새콤한 육수에 아삭하고 바삭한 토핑이 입맛 확 돋게 하는 유린기 냉면 강추. 딤섬은 속이 꽉 찬 대신 피가 불어 아쉽고 신기하게도 간짜장보다 짜장이 맛있는 집. 탕수육은 무난하나 군만두가 맛있고 대체적으로 가성비 좋음.,3
복성각 서대문점,납작 짜장과 마늘 탕수육으로 잘 알려져 있습니다.,5
복성각 서대문점,"버섯이 너무 많았고, 맛은 평범. 국물이 많이 걸죽한 편. 먹다보니 질려서 많이 남김. 룸이 많아서 저녁 코스요리로 저녁 회식을 하기엔 좋아보인다",3
복성각 서대문점,면이 쫄깃하고 영화보기 전 나쁘지 않은 선택.,2
복성각 서대문점,"코스별 요리맛은 최고입니다/ 한가지 아쉬운점은 
계산후 서비스 돌변 이예요 벨 눌러도 계속 안오십니다",5
복성각 서대문점,"유린기 냉면, 파리머리(마늘쫑)덮밥, 고기튀김 전부 다 맛있었습니다.",5
복성각 서대문점,"여름에 냉면먹으러 방문해야 하는 곳
바쁜 점심시간에 사람이 몰려서 일찍 가야함. 친절함은 바라지 않는게 좋음.
메뉴가 잘못 나오는 일이 많음. 주문 확인 및 마지막 으로 계산서 확인을 잘 해야함",3
복성각 서대문점,삼선짬뽕!,4
복성각 서대문점,짜장면과 딤섬이 맛있음,4
복성각 서대문점,볶음밥. 매콤새우짜장면. 찐만두 진짜 맛있어서 자주 방문해요. 다만 딤섬은 제 스타일은 아니었어요ㅠ,4
봉래축산,고기는 쏘쏘합니다. 그치만 너무 시끄러워서 재방문은 어려울거같아요,3
봉래축산,"버릴게 없는 봉래모둠세트 🥩
위치도 좋고 모임하기 딱 좋은 공간!
주변에 이만한 가성비 없습니다... 다들 봉래가세요",5
봉래축산,"고기 맛있다!!!
도시락은 가격도 맛도 아쉬움",5
봉래축산,"맛있고 불도 정말 좋습니다
사장님이 투박하지만 친절하심",5
봉래축산,"미국산 소고기치곤 퀄리티가 좋아요..
소양념갈비 추천..
막창은 비추",4
봉래축산,맛은 있는데 너무 더워요 여름엔 가지마세요,3
봉래축산,"1.갈비살 드센
2.가성비조음
3.콜키지프리",5
봉래축산,질좋은 재료와 맛도 좋고 친절한서비스 대만족입니다,5
봉래축산,"꽤 괜찮다. 냉면, 육회비빔밥은 별로였으나 재방문의사 있음",4
봉래축산,"서울역 뒤 만리동의 만리재로에 있는 서울역디오빌 옆 골목에 위치한 숯불구이 전문점입니다.
옛날에 공장으로 사용하던 건물의 지하1층에 가게가 위치한 레트로풍의 고깃집입니다.
테이블 간격도 넓어서 꽤 쾌적한 편입니다.
가성비도 좋고 고기도 맛있는데 특히,  소양념갈비가 많이 달지도 않고 맛있었습니다.
주문할 때 버섯도 추가 주문하는 게 좋습니다.
동치미를 비롯해 반찬들이랑 나오는 게 많아서 상이 비좁을 정도입니다.
그래서 원형 탁자는 다소 불편하기는 합니다.
저녁시간에는 6시 반 정도면 만석이 되는 것 같았습니다.",4
봉래축산,미국산이지만 적당히 맛있고 친절합니다. 주차장이 없어보이더라고요.,4
봉래축산,가성비있게 즐길수 있는곳,4
봉래축산,"맛있고 가성비 있는것에비해
구워먹기가 좀 불펀",3
봉래축산,"가격대비 맛있어서 몇 번 간 곳!
열무비냉 동치미도 맛있어요.",4
봉래축산,소주 및 맥주 5000원,1
봉래축산,회식장소로 100%추천합니다! 저 여기 예약하고 전무님한테 이쁨 듬뿍받음요... 콜키지도 프리임!!,5
봉래축산,팀 회식으로 갔는데 따로 재방문하고싶을 정도로 괜찮았어요. 된장찌개에 차돌박이 들어간거 보고 감탄!👍 짜지도 않고 아주 맛났습니다,5
봉래축산,"고기 좋아하는 친구들이랑 푸파하고 왔습니다.
양념갈비라 계속 들어가네요. 분위기 자체도 적당히 시끄럽고 재밌어서 좋았습니다.
직원분들도 바쁜와중에도 놓치지 않고 요구사항 들어주신거 너무 좋았습니다",5
봉래축산,"쏘쏘해요 돼지갈비 메뉴는 없어져서 소갈비 먹었고, 계산 실수 있으셔서 돈 더 낼 뻔했어요",4
봉래축산,회식하기 진짜 너무 좋아요! 가성비+맛 둘다 좋고 넓어서 단체로 예약하기 딱이에요!,5
봉래축산,"콜키지 한병 무료
갈비살 가성비가 훌륭함
일반 소고기는 쏘쏘? 굿?",4
봉래축산,"총평: B

맛: 4
양: 2
친절: 3
주차: 불가
돈값: 애매

+ 고기질은 양호함. 숯도 괜찮음. 가게 분위기도 젊은 감성임. 
- 양이 적은 편. 밑반찬도 가짓수가 너무 적음. 식사 메뉴도 한정적임. 나쁘지는 않는데 확 끌리지도 않아서 굳이 찾아갈 이유는 없을듯함.",4
봉래축산,참숯불에 쇠고기.. 더이상의 무엇이 있을까요..,5
봉래축산,그정도..는 아닌거 같은데.. 그냥 평범한 양념갈빗살 맛. 양이 절대로 많지는 않은 편. 분위기는 힙하고 친절하나 인스타나 네이버에서 봤던 그런 찐맛집이라기엔 부족함이 많은 듯. 재방문은 글쎄..,3
봉래축산,"콜키지2병무료에서 이미 좋음. 가격대도 저렴한편, 개인적으로 모둠보다 갈비살이 더 맛있엇음",5
봉래축산,뭔가 아쉬운 곳...,2
봉래축산,"시킨 거 거의 다 먹고 마지막 남은 돼지갈비 사진 찍었어요.
소갈빗살, 된장찌개, 열무비빔냉면, 콘치즈, 막창, 치즈폭탄계란찜, 돼지갈비~ 주문한 거 하나도 빠짐 없이 다 맛있었어요 👍🏻
고기가 다 연하고 은은한 단맛이 기본적으로 나는데 제 입맛에 딱이었어요.
군대 간 큰 아들 휴가나오면 꼭 데리고 오고 싶어요.
손님들도 많고 한참 굉장히 바쁜 시간대에 왔는데그 와중에도 직원분들 다 친절하셨어요 👍🏻",5
봉래축산,"로얄생갈빗살 
목살스테이크 
열무냉면 

고기 질도 좋고 반찬 포함 모든 메뉴가 다 맛있어서 놀랐음.",5
봉래축산,가성비가 좋은 고깃집입니다.,3
봉래축산,직원분들이 매우 친절하시고 가성비도 좋은 식당이에요! 그만큼 사람도 많음..!,5
봉래축산,생갈비 시켰는데 양념용 고기인지 질기고 근막도 많아요. 양념갈비집이라 그런지 생고기는 별로네요. 테이블 넓고 반찬도 많고 가게는 깔끔하네요. 반찬이나 사이드메뉴 맛은 좋았어요.,3
봉래축산,가성비 굿굿 ~~,5
부원면옥,"면발이 옥천냉면 스타일입니다 평냉느낌보단
특색있는 냉면맛이라 보면 될거같습니다
가격대는 저렴했으나 조금 올라서 크게 저렴하진 않습니다 직원들의 접대와 위생이 전반적으로 만족스럽지 못해 3점",3
부원면옥,"( 평양냉면 )
면에 전분 함량이 좀 높음
육수에 육향은 잘 느껴지는 편은 아님
면에 전분 함량이 많은 관계로 전분에 달착지근한 뒷맛이 있다
개취 여긴 함흠처럼 다데기, 겨자, 식초 다 넣는 것도 괜찮을 듯
여튼, 가격 등 나름 매력 있어 찾고 있음

( 기타 )
냉면에 계란은 반개보다 많이 작은 슬라이스
계란은 반정도는 주시지 가격도 올랐는데
무채/오이는 식초, 당분, 염분을 거의 사용하지 않은 원초적인 맛",3
부원면옥,"물냉면 빈대떡 먹음.
냉면의 육수는 육향이 진하지는 않으나 간간하니 기분 좋은 맛이었다. 면발은 전분이 많이 들어갔는지 메밀향은 났지만 쫄면처럼 탄력이 강했다. 
육수 맛있어서 리필했지만, 냉면안의 고기는 퍽퍽해서 한조각만 먹었다.
무엇보다 냉면에 오이를 절여서 넣었는데, 이게 맛있었다. 
빈대떡은 아는맛이고, 제육무침에 소주한잔하러 또 가봐야겠다.",3
부원면옥,"보시면 냉면은 호불호 갈리긴해도 무침은 반박불가입니다. 가게의 명성이나 맛으로 볼 때 찾아가 볼만한 집입니다.

냉면도 이집저집 먹다가보면 가끔 땡기는 맛이긴해요",4
부원면옥,"부원면옥은 우리가 아는 평양냉면과는 확실히 다르다. 메밀이 적고 전분이 많이 들어가 쫄깃하고 미끄러운 단단한 식감의 면은 양평의 옥천냉면보다 얇지만 꼬들한 느낌이 비슷하다. 육수는 다른 유명 냉면집들 보다 육향이 부족한 느낌이고 맛도 평범하다.
이런 냉면도 있구나 하고 한번은 먹어볼만 한데, 줄을 서면서 까지 먹지는 않을 맛이다. 그리고 항상 바쁜 곳이니 친절은 바라지 않는게 정신건강에 매우 이롭다.",3
부원면옥,내 입맛엔 여러 평냉중 가장 대중적이고 가성비 맛집~,4
부원면옥,"25.03월 두번째 방문
냉면은 여전히 맛있고 제육무침이 대박이다
양도 많고 고기가 투박한데 질기지 앦고 쫄깃하고 또 고소함
전날 과음으로 머리가 깨질 것 같았지만 소주가 생각나더라

아 계속 생각난다,,, 오늘도 먹고 싶어요
먹어본 평양냉면 중 간이 가장 강했어요. 근데 진짜 맛있었네,, 생각만해도 군침돈다
혼자 가서 무침을 못먹었어요 , 일요일도 열어주세요!",5
부원면옥,투박한 맛. 진짜 노포. 그런데 싫지 않음.,4
부원면옥,"특이하게 줄 서다 보면 바로 옆에서 바쁘게 빈대떡을 굽는 것을 볼 수 있다. 
쫄면 같은 면발에 전체적으로 달다. 살짝 텁텁한 비냉보다는 물냉이 괜찮고 빈대떡은 갓 나와서 그런지 바삭하고 맛있음.",2
부원면옥,"시장 스타일 옛날 평냉
타지에서 찾아와서 한 번 먹은 사람은
맛평가하기 어려운 곳임",5
부원면옥,냉면,3
부원면옥,강한 염도의 국물과 찰기가 있는 평냉 냉면보다 간장에 다데기를 크게 풀어 곁들이는 빈대떡이 맛있음,3
부원면옥,손님들이 많아져서 복잡한데 맛은 괜찮,5
부원면옥,"평양냉면 이라고 하면 안돼요 그냥 냉면입니다
역시싸고 맛있는건 없네요 싼게비지떡",1
부원면옥,"혼자갔는데 냉면만 먹고 나올라하는데
갑자기 아무말도없이 빈대떡 작은걸 주길래
작은건 서비스로 나오나 싶었는데
시키지도않은 빈대떡 나중에 결제했습니다.
거의 이정도면 눈뜨고 코 베이겠네요
혼자 냉면먹고 2만원돈 결제한 건 또 처음이네요
맛은 정말 객관적으로 잘모르겠으니 그냥 가서 먹어보세요
왜 줄서서 먹는지 잘 이해가 안감
빈대떡 강매 + 평탄한 맛",1
부원면옥,"이게 어떻게 심심한 맛이지?
평냉은 육수 마시고 뒷맛이 짠맛이 올라오는데 그 짠맛이 뭔지 모를 정체불명의맛. 닭과 돼지고기 육수라는데 모르겠음 냄새나고 ㅇㅇ이렇게 맛없게 먹은것도 오랜만이라 기분좋았음 경험치 쌓여서 ㅋㅋㅋㅋㅋ 인터넷엔 평 좋던데? 나름 팬이 많은 집인가 보다. 
빈대떡은 고소한 기름냄새가 많이 나는게 맛있었음 한장에 4천원.
2015/7/21",1
부원면옥,"육수 첫맛에 느껴지는 살짝 단맛의 정체를 모르겠지만 나름 깔끔한 맛....가성비로는 최고
빈대떡도 맛있다.
비빔은 쏘쏘",3
부원면옥,"싼게 비지떡
빈대떡은 맛있음",2
부원면옥,제육무침 빈대떡 평양냉면,3
부원면옥,평양냉면이지만 강한 간,3
부원면옥,"노포지만 깔끔하고 주력 평냉 맛있습니다.
술 안주도 가성비 좋고 솜씨 좋음 맛집",4
부원면옥,"평냉 좋아하는데 요즘 평냉 가격이 미쳤잖아요? 근데 여기는 합리적인 가격에 맛도 유명 평냉집보다 맛있어요!!!
빈대떡은 필수입니다",5
부원면옥,"저는 자주 오고싶어요.
일반 슴슴한 평냉과 다르게 맛이 느껴지지만 이 집만의 특색이라 생각해요.
제육무침은 이집의 별미.. 안시키면 안되겠네요",4
부원면옥,"김대명이 간 거 보고 가봤어요. 잘 먹었는데 또 가고싶다 정도까지는 아니었어요. 깔끔한 느낌의
평냉은 아니에요. 닭무침은 투박한 다대기 맛. 냉면 한그릇에 막걸리 한 잔 하는 동네 할아버지들의 아지트 느낌.",3
부원면옥,내 참새방앗간 요즘 양이 줄어서 둘이 냉면 하나 닭무침 하나로 소주 세 병임 녹두전도 맛있음 줄 잔뜩 서있을 때 소주 마시기 조금 눈치 보여서(아무도 눈치 안 줌 주의)애매한 시간에 주로 가는 곳,5
부원면옥,비빔양념 색다름. 가격대비 양호. 그러나 돈 조금 더 내고 무채반찬이나 계란 더 많이 주는게 낫지 않나싶음. 다른 평냉에 비해 간이 셈.,3
부원면옥,"국민학교때 엄마 손잡고 시장돌아다니다 먹어본 곳... 이었음.
유투브에서 하도 유명하길래 갈치조림 먹으러가다
함 먹어보자 하고 들렀는데.. 입구서 부터 낯설지 않은..
오랜 기억속 그곳인걸 알아챈건 그리 오래 걸리지 않았음.
맛도 기억안나고 어땠는 지도 모르지만. 지금 먹어보니 이때까지 꾸준히 하는 이유가 있었음..
국물이 끝내줘요!",5
부원면옥,냉면이 나왔을때 면이 정갈하지 않게 나와 당황했지만 조화롭게  맛있었어요.,5
부원면옥,굳이 줄 서서 먹기엔 너무 돈이 아까움,1
부원면옥,"딱봐도 느낌이 맛집임.
안먹어봐도 별다섯일 느낌
이층이고 좀 침침한 느낌
테이블은 열두개인듯

평양냉면이 내 입맛에 어렵지 않을까 
염려하면서 한 젓가락들면...

가성비나 분위기보다 역시 평양냉면은 
슴슴한 맛이지 싶다.",5
부원면옥,"맛이 예전같지 않음;;
아쉬운 맛집 하나 잃음",1
부원면옥,"여기는 일반적인 슴슴평냉이랑 궤가 좀 다름. 많이 달고 면도 밀함량이 꽤 돼서 쫄면느낌이 좀 있는 면임. 감안하고 가면 충분히 먹을 만한데, 줄이 너무 길 때 그걸 기다리고 먹을 정도는 아님",4
부원면옥,"일단 가격에서 놀람
내 개인적으로 냉면은 필동보다 여기가 좋은거 같다.
그리고 빈대떡 꼭 같이 먹엉~~
그롬에도 4점을 준건...와씨!!!이정도는 아니라서..
그래도 준수이상",4
부원면옥,"많이 아쉽네요, 그 옜날 부원면옥은 없습니다,
부침개 ... 녹두가 비싸죠? 밀가루 냄새뿐  ... 숙주도 다짐고기도 없는 빈자떡.
비빔냉면 ...  아 너무합니다, 
쫄깃함도 전혀 없는, 난 국수인 줄.
면수도, 육수도 빵점. 돼지고기 고명 그렇게 올릴거면 차라리 넣지 마세요.
그렇게 삶나요? 부모님이 그렇게 가르치시 든가요?
이제 안갈 듯 합니다.
하나하나씩 옛맛은 주인이 바뀌 듯 사라지네요.",1
부원면옥,"평양물냉면 좋아요 
건강한 맛",4
부원면옥,"일단 평냉인거 모르고 끌려와서 지금 매우화남
맛있는 냉면 먹으러왔다가 이게 뭔 날벼락
개인적으로 평냉집 모두 망해야한다고 생각함
가격도 더럽게비쌈

옆사람들은 이걸 맛있게 먹고있다는게 놀라웠음

다만 전 닭무침은 먹을만했음",1
부원면옥,"비빔곱빼기, 제육무침, 빈대떡 주문했습니다.
직원분들 친절하시고 음식도 빨리 나왔어요. 
겨자, 양념다데기, 식초 넣어서 먹으라는 제육무침은 두툼한 고기에 냉면비빔장 같은 다데기 맛에 매력적이었어요
빈대떡도 고소했고 비빔냉면도 맛있게 잘 먹었습니다",5
부원면옥,"휘황찬란한 명성에 비해 맛이 특별한진 잘 모르겠음
줄서서 먹을정도는 절대 아니고
종업원이 친절하진 않음 ㅎㅎ
물냉보단 비냉 추천",2
부원면옥,빈대떡이랑 닭무침은 꼭 먹어야함,4
부원면옥,"물곱에 떡하나!!
몸속 알콜과 독속를 뽑아내는 느낌
평냉 입문자들은 필수코스",5
부원면옥,와 대명이따라 왔더니 닭무침 빈대떡 후... 미쳐도랏음 진짜 넘 맛있어요 넘 아수운건 일월 흄과 일찍 문닫는다는점...,5
부원면옥,"기대에 좀 못 미치는 맛이지만 다른 평냉에 비해 가격이 합리(?)적이라 생각..
오히려 닭무침과 빈대떡이 먹어보고 싶다.",3
부원면옥,먹으면서 왜 사람들이 많이 올까? 1도 찾지못했음ㅋ 그냥냉면맛없음 다른건 안먹어봄 친절한것도 아님,1
부원면옥,이게 평냉이 맞나? 면발 자체가 진짜 맛없음,1
부원면옥,빈그릇이 인증 그자체,5
부원면옥,여기는 평양냉면이라 부르면 안되는거 아닌가?,1
부원면옥,평냉러버로서 색다른 매력이 있는 평냉이라 생각했어요🤭 닭무침과 곁들이면 생각보다 괜찮었고 비빔도 맛있다고 하네요?! 다만 고기가 부드럽진 않아서 뭐지 싶긴 했지만 재방문 의사 있습니다😆 혼자 오시면 빈대떡 추가 추천! 셋이 오시면 빈대떡에 닭무침 추가 추천!,5
부원면옥,"너무맛있어서 눈돌아가는줄알았습니다
물냉면 육수도 진하고 무지맛있었고
빈대떡도 고슬고슬한 식감에 담백하고 간도 딱맞았어요
제육무침은 고기도부드럽고촉촉하지만 새콤달콤한 양념이 맛도리입니다 거기에아삭한 오이와양파가 찰떡이였어요
매장에 숟가락없어서 아쉬웠구요
또먹고싶어요 너무맛있게먹어서 계속생각납니다
먹어본 냉면집중 제일맛있었어요",5
부원면옥,보급형 평냉집이라고 불리우지만 면에 메밀은 거의 들어있지않거나 소량 들어간것으로 추측될정도로 맛과 향이 느껴지지않음 그러나 제육무침과 초계무침은 단언컨데 국내원탑 아니 글로벌 원탑이라고 생각함 가성비는 물론이고 고기양도 엄청 나서 소주 안주로 미침,4
부원면옥,"건물주여서 가격저렴
색다른 평양냉면
여름 한달에 두번은 감
녹두전도 좋음",4
부원면옥,성재픽 냉면육수 너무맛있다. 위생과 분위기는 별로,4
부원면옥,"불친절한 서비스, 값은 상대적으로 저렴하나 가성비로 치면 좋지 않은 맛.",1
부원면옥,"1,3,5번째 일요일 휴무",1
부원면옥,"돼지고기 올라간 냉면 맛나요
전 바삭 너무 맛있어서 두개먹늠요",4
부원면옥,평냉 육수에서 감초의 단맛과 쓴맛이 강하게 느껴져 당황했지만(개인적으로 감초 싫어함..)식탁에 있는 식초를 넣으니 맛이 밸런스를 잡음. 빈대떡이 궁금하니 근처 올 일 있을 때 먹어볼 예정. (감초때문에 놀라서 평점 3.5 정도 주고싶었으나 없으므로 반올림 ;) ),4
부원면옥,"집에 누워서 잘때 가끔 생각남
평냉으로 분류 안하고 부원면옥은 그냥 부원면옥임
이번주에 또 먹으러 가야지",5
부원면옥,입구를 찾을 때는 헤맸으나 들어오니 따스한 공간이 숨어있었어요. 평냉이라기 보다는 뭔가.. 다른 계열의 냉면이었어요! 달콤담백한 맛이 자꾸 아른거리네요. 또 직원 분들이 친절하세요. 아! 온면도 굉장히 맛있습니다.,5
부원면옥,가성비 좋고 맛있는 냉면. 한장 4000원인 곁들임 빈대떡도 추천. 전반적인 스텝의 응대도 친절하다. 닭무침은 별미. 남대문 갈일 있으면 종종 가서 혼밥하는 곳이다.,5
부원면옥,평양 냉면이라 칭할 수 없는 곳. 국물도 짜고 면발은 전분 그 자체. 한껏 기대하고 이십분나 걸어갔는데 택시 타고 갔으면 택시비 아까울뻔.,1
부원면옥,3~4명이 닭무침+물냉,3
부원면옥,"평냉중 제일 무난하면서 은근히 맛있는 집. 가격도 제일 착하고 닭무침, 빈대떡도 강력추천합니다.",4
부원면옥,물냉+빈대떡=필승,5
부원면옥,ㄱㅊ,5
부원면옥,"달고 생강향이 나는 국물입니다. 면발은 쫄깃한 편. 
이곳도 이제 비냉은 만원을 넘었군요^^);;",4
부원면옥,"가성비 찐에 맛도 굿인
남대문시장 내 찐 노포 냉면 맛집~♡",4
부원면옥,"오래된 노포에 사람에 치이다 보면 그렇겠거니 생각하는데..
주방 앞에 나이 좀 있는 남자분..서비스마인드는 배우셔야 할듯
본인이 가는귀가 먹었으면 주문을 받지 말던가
기분이 안좋으면 손님맞이하지 말고 댁에 가쇼

들어가자마자 비냉 물냉 빈대떡 주문 해서 냉면 둘은 나왔는데 다 먹을때까지 빈대떡이 안나왔다고 하니..
&quot;못들었어..&quot;하고 직원끼리 대화로 끝이네요.

손님한테 말을 해야지..직원끼리 그러고선 끝입니까? 어이도 없고 해서 주문취소하고 냉면만 먹고 나왔는데.. 입으로 들어가는 만족이 50프로면 직원들 서비스먹는게 50프로가 음식장사 아닌가요? 실수는 다 할 수 있는데 뭐 어쩌라고 식의 마인드는 이해가 안가네요

네이버에도 똑같이 실수한 댓글이 있는 것 보니 한두번 이런 짓하는게 아닌 모양 ㅉㅉ",1
부원면옥,찐이다,5
부원면옥,가족과 행복한 시간,5
부원면옥,"상당히 과대 평가된, 하드코어 스타일의 평양냉면. 기름을 제대로 걷어내지 않은 육수와 전분 함량이  많은 면발 그리고 제 멋대로 썰어서 올린 고명 등 내 마음 속에 간직한 평양냉면의 품격을 망가뜨린 곳으로, 싼게 비지떡이고 남대문시장 추억팔이의 전형이다. 오만불손한 여사장은 설상가상이다. 절대 비추.",1
부원면옥,종업원은 불친절 맛은 별로 특히 빈대떡은 돼지 기름 냄새 때문에 먹기 역겨움,1
부원면옥,다른 평냉집 대비 간이 좀 더 세서 평냉 안먹던 사람도 무리없이 먹을수 있을 정도임.,3
부원면옥,"옛날  생각해서 
택시비 들여서 갔더니만
맛도없고. 다시는 안간다",1
부원면옥,"나는 너무 맛있었고 아저씨도 너무 친절하셨는데....
평냉 돌아다니면서 먹는데 이집에는 오이지 넣어서 향이 굉장히 매력적이었음.
오늘 또 가고 싶은뎁...ㅎㅎ",5
부원면옥,사람 입맛이 제각각이라지만 냉면 육수에 쫄면 같은 면은 정말 아니다.닭무침도 맛없고.음식 남긴 건 처음.,1
부원면옥,평양냉면 아니고 걍 부원면옥st. 냉면 위 편육에 양념장 올려 먹으니 맛있었습니다,5
부원면옥,"가파른 계단을 올라가 식당을 들어가기도 전에 빈대떡 부치는 총각부터 만나는 당혹감.
요즘같은 시기에 다닥다닥...복작복작.
벽에 훈장처럼 붙어있는 여러 유명인의 싸인들 사이로 떡하니
&quot;냉면가격 1만6천원까지 받는다&quot;는 신문기사...
8천5백원 냉면이니 감사하며 머리조아려 먹으라는 오만함이 눈에 보이고 손에 잡히는 듯 해서 기분이 좋을 수 없다.
그럼에도 냉면 육수나 면 상태가 이 가격에서는 만족할 수 있는 상태.
빈대떡도 식감이나 맛이 나무랄 데 없이 매우 좋음.
묻거나 따지지 말고 싼 가격에 맛난 냉면을 먹고싶을 때는 여길 가라 권하고 싶다.
원래 냉면은 겨울음식이라 하니 눈 내릴 때 찾아가면 한갓지게 한 젓가락 할 수 있으려나.",4
부원면옥,"다른집보다 저렴하다고 내세우지만 돼지육수라는 점을 생각하면 뭐... 물론 맛은 잘 잡았음. 돼지라도 양평에 옥천처럼 거슬리는 냄새도 없고 면과 조화도 잘 됨. 고기고명도 냉면집 중에 제일 맛있음. 다만 바쁠 시간 가면 먹고 배아프다는....
배아픔이 반복되면 실수라고 보기는 좀... 조리하는 분이 중간중간에 핸드폰 본다. 냉면은 데우지도 않고 면부터 고명까지 전부 손으로 조리하기에...",3
부원면옥,"평냉에 대한 기대가 큰 입문자나 편견이 있는 분들에게는 추천하지 않습니다. 평양냉면을 좋아하고 좀 다른 맛을 찾는 분께 추천합니다. 돼지고기도 맛있고 면의 메밀향도 좋습니다. 또 육수도 깔끔하고 좋습니다. 가격대비 휼륭한 냉면입니다. 
자주는 아니지만 여름이면 꼭 생각나는 집입니다.",5
부원면옥,"저평가된 평양냉면집.
오래되고 작고 내부 인테리어같은거 없고 서비스도 보통. 
하지만 수십년동안 남대문 상인들의 지지를 받아온 것으로 끝장이다. 노포가 왜 노포인지 생각해보면 답나온다. 1번 먹고  쓴  네티즌들의 아래 평가들은 동의가 안된다 . (평양냉면을 처음  먹어보고 쓴 후기들도 꽤 보임)
꾸준히  먹어봐야 맛을 알수있는 평양냉면을 스타트하기에 딱 좋은곳이다. 이곳이 베스트는 아니라도, 15000 짜리 냉면집들은 너무하지 않은가?
우리집은1년에  2번은 간다. 별점  4.3",4
부원면옥,쏘쏘 어르신들이 좋아함,3
부원면옥,"맛있다기보단 매력있어서 자꾸 생각나는 맛. 소주 어울림
빈대떡은 꼭 시키세요.",4
부원면옥,"서비스가 뭔지 모르는 집
곱배기 시켰는데 주방에서 보통을 내어놓고 홀직원이 곱배기라고 하면서 짜증내니까 일반 냉면에 면만 더 얹어 곱배기라고 가져다 주고 면이랑 육수랑 비율이 안맞으니 육수 좀 더 달랬더니 곱배기 시킨거 아니냐며 그냥 육수 달라면 더 주거든요! 라며 육수 가져다 줌 아니 그냥 가져다 주면 안되나? 당신들이 실수 하소 투덜거리는거 다 봤는데? 앞으로는 안가요 안가!",1
부원면옥,"제 점수는요... 4.5!
지적할곳이 없는 맛입니다. 
단, 양념통 뚜껑을 잘 덮어 놓았으면 하는 바람이 있습니다.",4
부원면옥,"노포임은 확실하나 과거의 영광, 면에 신경쓴 노력이 보이나 국물은 그에 미치지 못한다. 상대적으로 저렴한 가격이나 맛도 그 가격에 맞게 나온다. 그나마 싸고 맛있는 빈대떡이 선방했다.",3
부원면옥,다른 평양냉면과 달리 이곳은 닭과 돼지고기로 국물을 내기 때문에 꼭 닭무침를 먹어야 함. 시장안에 상인들이 시원하게 먹기 좋은 냉면. 가격대비 양도 많음. 정말 더울 때 시원하게 먹기 좋음. 오래된 가게가 그자리에 그대로 있는 건 이유가 있겠지만 난 그 이유를 찾지 못함.,3
부원면옥,평양냉면을 저렴한 가격에 맛볼 수 있는 곳이라지만.... 이게 평양냉면인지는 잘 모르겠네요.,1
부원면옥,평냉치곤 달달한 편이긴 하지만 흔한 단맛이 아닌 이 집만의 개성인거 같아서 좋음,4
부원면옥,"가성비 평양냉면 이란 말이 딱 일 듯.
맛도 양도 가성비를 논해야 할 정도의 맛과 멋이다.
굳이 찾아가고 그르지마잉",3
부원면옥,담백한 맛,5
부원면옥,가성비 평양 냉면이라는 말이 맞아 보인다. 단돈 4천원인 빈대떡이 특히 맘에 든다.,3
부원면옥,냉면은 꼭 닭무침이랑 먹어야됨,5
부원면옥,평양냉면이라는데 면은 너무 질기고 육수는 육수가 아니라 그냥 면수고 너무 맛없고 별로인 평양냉면이네요,1
부원면옥,"여긴 사장님도 주방장도 다들 뭔가 화가난 상태 

전라도에서 설탕 넣은 콩국수를 말다 올라온 주방장이 아닐까 싶은 처음 맛보는 달다구리한 냉면육수 

위생은 멍멍이에게나 줘버린 듯",1
부원면옥,달아서 그냥 그랬어요,3
부원면옥,가성비 갑인 오류동 평양냉면 급을 기대했으나 우선 면이 어울리지 않음. 빈대떡은 잘구우신듯.,3
부원면옥,"다른분들이 평가해 주신것 처럼 단맛이 느껴지지만 감칠맛에 가까운 단맛이 입안을 감싸는 정도입니다. 
단맛이 좀 더 대중적으로 느껴지는데 가격은 그렇지 못해 아쉽습니다. 

평냉도 맛있고 빈대떡도 괜찮습니다.",3
부원면옥,"다른집보다 저렴하다고 내세우지만 돼지육수라는 점을 생각하면 뭐... 물론 맛은 잘 잡았음. 돼지라도 양평에 옥천처럼 거슬리는 냄새도 없고 면과 조화도 잘 됨. 고기고명도 냉면집 중에 제일 맛있음. 다만 바쁠 시간 가면 먹고 배아프다는....
배아픔이 반복되면 실수라고 보기는 좀... 조리하는 분이 중간중간에 핸드폰 본다. 냉면은 데우지도 않고 면부터 고명까지 전부 손으로 조리하기에...",3
부원면옥,최고,5
부원면옥,"알반적인 노포  맛? 기대하지 말고 가면 될 듯하네요.   빈대떡 4,000원? 그냥 맛 과  양이 딱2,000원 정도 네요",3
부원면옥,슴슴합니다. 평양에서 먹는맛이 정말 이런맛일까?궁금합니다.ㅋㅋ,3
부원면옥,"그냥 비싼 분식집 맛 냉면
빈대떡은 겁나 비쌈 크기가 거의 유치원 아이가 먹을 만한 ㅋㅋ",1
부원면옥,우와 너무 별로에요 &hellip; 맛잇는거라곤 빈대떡인데 빈대떡도 엄청 작고 &hellip; 불친절 하고 가게 위생도 그렇게 깨끗해 보이지도 않고 .. 오래 있는게 신기할 뿐이네요 &hellip;,1
부원면옥,"맛잇게 잘 먹엇습니다.
다음엔 냉면 말고 닭무침 먹어보고 싶네요",4
부원면옥,맛있고 빨리 나오니 좋네요 가성비짱!,5
부원면옥,"물냉면 곱배기 12000원
빈대떡 5500원
닭무침 15000원",5
부원면옥,으... 김대명...,1
부원면옥,"알반적인 노포  맛? 기대하지 말고 가면 될 듯하네요.   빈대떡 4,000원? 그냥 맛 과  양이 딱2,000원 정도 네요",3
부원면옥,슴슴합니다. 평양에서 먹는맛이 정말 이런맛일까?궁금합니다.ㅋㅋ,3
부원면옥,"그냥 비싼 분식집 맛 냉면
빈대떡은 겁나 비쌈 크기가 거의 유치원 아이가 먹을 만한 ㅋㅋ",1
부원면옥,우와 너무 별로에요 &hellip; 맛잇는거라곤 빈대떡인데 빈대떡도 엄청 작고 &hellip; 불친절 하고 가게 위생도 그렇게 깨끗해 보이지도 않고 .. 오래 있는게 신기할 뿐이네요 &hellip;,1
부원면옥,"저평가된 평양냉면집.
오래되고 작고 내부 인테리어같은거 없고 서비스도 보통. 
하지만 수십년동안 남대문 상인들의 지지를 받아온 것으로 끝장이다. 노포가 왜 노포인지 생각해보면 답나온다. 1번 먹고  쓴  네티즌들의 아래 평가들은 동의가 안된다 . (평양냉면을 처음  먹어보고 쓴 후기들도 꽤 보임)
꾸준히  먹어봐야 맛을 알수있는 평양냉면을 스타트하기에 딱 좋은곳이다. 이곳이 베스트는 아니라도, 15000 짜리 냉면집들은 너무하지 않은가?
우리집은1년에  2번은 간다. 별점  4.3",4
부원면옥,"맛잇게 잘 먹엇습니다.
다음엔 냉면 말고 닭무침 먹어보고 싶네요",4
부원면옥,"평냉에 대한 기대가 큰 입문자나 편견이 있는 분들에게는 추천하지 않습니다. 평양냉면을 좋아하고 좀 다른 맛을 찾는 분께 추천합니다. 돼지고기도 맛있고 면의 메밀향도 좋습니다. 또 육수도 깔끔하고 좋습니다. 가격대비 휼륭한 냉면입니다. 
자주는 아니지만 여름이면 꼭 생각나는 집입니다.",5
부원면옥,"가파른 계단을 올라가 식당을 들어가기도 전에 빈대떡 부치는 총각부터 만나는 당혹감.
요즘같은 시기에 다닥다닥...복작복작.
벽에 훈장처럼 붙어있는 여러 유명인의 싸인들 사이로 떡하니
&quot;냉면가격 1만6천원까지 받는다&quot;는 신문기사...
8천5백원 냉면이니 감사하며 머리조아려 먹으라는 오만함이 눈에 보이고 손에 잡히는 듯 해서 기분이 좋을 수 없다.
그럼에도 냉면 육수나 면 상태가 이 가격에서는 만족할 수 있는 상태.
빈대떡도 식감이나 맛이 나무랄 데 없이 매우 좋음.
묻거나 따지지 말고 싼 가격에 맛난 냉면을 먹고싶을 때는 여길 가라 권하고 싶다.
원래 냉면은 겨울음식이라 하니 눈 내릴 때 찾아가면 한갓지게 한 젓가락 할 수 있으려나.",4
부원면옥,"1,3,5번째 일요일 휴무",1
부원면옥,"돼지고기 올라간 냉면 맛나요
전 바삭 너무 맛있어서 두개먹늠요",4
부원면옥,"이게 어떻게 심심한 맛이지?
평냉은 육수 마시고 뒷맛이 짠맛이 올라오는데 그 짠맛이 뭔지 모를 정체불명의맛. 닭과 돼지고기 육수라는데 모르겠음 냄새나고 ㅇㅇ이렇게 맛없게 먹은것도 오랜만이라 기분좋았음 경험치 쌓여서 ㅋㅋㅋㅋㅋ 인터넷엔 평 좋던데? 나름 팬이 많은 집인가 보다. 
빈대떡은 고소한 기름냄새가 많이 나는게 맛있었음 한장에 4천원.
2015/7/21",1
부원면옥,평냉 육수에서 감초의 단맛과 쓴맛이 강하게 느껴져 당황했지만(개인적으로 감초 싫어함..)식탁에 있는 식초를 넣으니 맛이 밸런스를 잡음. 빈대떡이 궁금하니 근처 올 일 있을 때 먹어볼 예정. (감초때문에 놀라서 평점 3.5 정도 주고싶었으나 없으므로 반올림 ;) ),4
부원면옥,입구를 찾을 때는 헤맸으나 들어오니 따스한 공간이 숨어있었어요. 평냉이라기 보다는 뭔가.. 다른 계열의 냉면이었어요! 달콤담백한 맛이 자꾸 아른거리네요. 또 직원 분들이 친절하세요. 아! 온면도 굉장히 맛있습니다.,5
부원면옥,가성비 좋고 맛있는 냉면. 한장 4000원인 곁들임 빈대떡도 추천. 전반적인 스텝의 응대도 친절하다. 닭무침은 별미. 남대문 갈일 있으면 종종 가서 혼밥하는 곳이다.,5
부원면옥,평양 냉면이라 칭할 수 없는 곳. 국물도 짜고 면발은 전분 그 자체. 한껏 기대하고 이십분나 걸어갔는데 택시 타고 갔으면 택시비 아까울뻔.,1
부원면옥,3~4명이 닭무침+물냉,3
부원면옥,"평냉중 제일 무난하면서 은근히 맛있는 집. 가격도 제일 착하고 닭무침, 빈대떡도 강력추천합니다.",4
부원면옥,물냉+빈대떡=필승,5
부원면옥,ㄱㅊ,5
부원면옥,"달고 생강향이 나는 국물입니다. 면발은 쫄깃한 편. 
이곳도 이제 비냉은 만원을 넘었군요^^);;",4
부원면옥,"가성비 찐에 맛도 굿인
남대문시장 내 찐 노포 냉면 맛집~♡",4
부원면옥,"오래된 노포에 사람에 치이다 보면 그렇겠거니 생각하는데..
주방 앞에 나이 좀 있는 남자분..서비스마인드는 배우셔야 할듯
본인이 가는귀가 먹었으면 주문을 받지 말던가
기분이 안좋으면 손님맞이하지 말고 댁에 가쇼

들어가자마자 비냉 물냉 빈대떡 주문 해서 냉면 둘은 나왔는데 다 먹을때까지 빈대떡이 안나왔다고 하니..
&quot;못들었어..&quot;하고 직원끼리 대화로 끝이네요.

손님한테 말을 해야지..직원끼리 그러고선 끝입니까? 어이도 없고 해서 주문취소하고 냉면만 먹고 나왔는데.. 입으로 들어가는 만족이 50프로면 직원들 서비스먹는게 50프로가 음식장사 아닌가요? 실수는 다 할 수 있는데 뭐 어쩌라고 식의 마인드는 이해가 안가네요

네이버에도 똑같이 실수한 댓글이 있는 것 보니 한두번 이런 짓하는게 아닌 모양 ㅉㅉ",1
부원면옥,"집에 누워서 잘때 가끔 생각남
평냉으로 분류 안하고 부원면옥은 그냥 부원면옥임
이번주에 또 먹으러 가야지",5
부원면옥,냉면,3
부원면옥,"육수 첫맛에 느껴지는 살짝 단맛의 정체를 모르겠지만 나름 깔끔한 맛....가성비로는 최고
빈대떡도 맛있다.
비빔은 쏘쏘",3
부원면옥,"싼게 비지떡
빈대떡은 맛있음",2
부원면옥,"다른분들이 평가해 주신것 처럼 단맛이 느껴지지만 감칠맛에 가까운 단맛이 입안을 감싸는 정도입니다. 
단맛이 좀 더 대중적으로 느껴지는데 가격은 그렇지 못해 아쉽습니다. 

평냉도 맛있고 빈대떡도 괜찮습니다.",3
부원면옥,가성비 갑인 오류동 평양냉면 급을 기대했으나 우선 면이 어울리지 않음. 빈대떡은 잘구우신듯.,3
부원면옥,달아서 그냥 그랬어요,3
부원면옥,성재픽 냉면육수 너무맛있다. 위생과 분위기는 별로,4
부원면옥,평양냉면이라는데 면은 너무 질기고 육수는 육수가 아니라 그냥 면수고 너무 맛없고 별로인 평양냉면이네요,1
부원면옥,냉면은 꼭 닭무침이랑 먹어야됨,5
부원면옥,가성비 평양 냉면이라는 말이 맞아 보인다. 단돈 4천원인 빈대떡이 특히 맘에 든다.,3
부원면옥,담백한 맛,5
부원면옥,"가성비 평양냉면 이란 말이 딱 일 듯.
맛도 양도 가성비를 논해야 할 정도의 맛과 멋이다.
굳이 찾아가고 그르지마잉",3
부원면옥,평냉치곤 달달한 편이긴 하지만 흔한 단맛이 아닌 이 집만의 개성인거 같아서 좋음,4
부원면옥,평양냉면을 저렴한 가격에 맛볼 수 있는 곳이라지만.... 이게 평양냉면인지는 잘 모르겠네요.,1
부원면옥,다른 평양냉면과 달리 이곳은 닭과 돼지고기로 국물을 내기 때문에 꼭 닭무침를 먹어야 함. 시장안에 상인들이 시원하게 먹기 좋은 냉면. 가격대비 양도 많음. 정말 더울 때 시원하게 먹기 좋음. 오래된 가게가 그자리에 그대로 있는 건 이유가 있겠지만 난 그 이유를 찾지 못함.,3
부원면옥,"노포임은 확실하나 과거의 영광, 면에 신경쓴 노력이 보이나 국물은 그에 미치지 못한다. 상대적으로 저렴한 가격이나 맛도 그 가격에 맞게 나온다. 그나마 싸고 맛있는 빈대떡이 선방했다.",3
부원면옥,"제 점수는요... 4.5!
지적할곳이 없는 맛입니다. 
단, 양념통 뚜껑을 잘 덮어 놓았으면 하는 바람이 있습니다.",4
부원면옥,"서비스가 뭔지 모르는 집
곱배기 시켰는데 주방에서 보통을 내어놓고 홀직원이 곱배기라고 하면서 짜증내니까 일반 냉면에 면만 더 얹어 곱배기라고 가져다 주고 면이랑 육수랑 비율이 안맞으니 육수 좀 더 달랬더니 곱배기 시킨거 아니냐며 그냥 육수 달라면 더 주거든요! 라며 육수 가져다 줌 아니 그냥 가져다 주면 안되나? 당신들이 실수 하소 투덜거리는거 다 봤는데? 앞으로는 안가요 안가!",1
부원면옥,"맛있다기보단 매력있어서 자꾸 생각나는 맛. 소주 어울림
빈대떡은 꼭 시키세요.",4
부원면옥,쏘쏘 어르신들이 좋아함,3
부원면옥,"불친절한 서비스, 값은 상대적으로 저렴하나 가성비로 치면 좋지 않은 맛.",1
부원면옥,살짝 달짝지근한 맛에 한번 응? 싶었지만 그래도 평냉은 평냉이었다. 가격 저렴!,4
부원면옥,"건물주여서 가격저렴
색다른 평양냉면
여름 한달에 두번은 감
녹두전도 좋음",4
부원면옥,"평양물냉면 좋아요 
건강한 맛",4
부원면옥,평양냉면이지만 강한 간,3
부원면옥,제육무침 빈대떡 평양냉면,3
부원면옥,찐이다,5
부원면옥,가족과 행복한 시간,5
부원면옥,"상당히 과대 평가된, 하드코어 스타일의 평양냉면. 기름을 제대로 걷어내지 않은 육수와 전분 함량이  많은 면발 그리고 제 멋대로 썰어서 올린 고명 등 내 마음 속에 간직한 평양냉면의 품격을 망가뜨린 곳으로, 싼게 비지떡이고 남대문시장 추억팔이의 전형이다. 오만불손한 여사장은 설상가상이다. 절대 비추.",1
부원면옥,종업원은 불친절 맛은 별로 특히 빈대떡은 돼지 기름 냄새 때문에 먹기 역겨움,1
부원면옥,One of the top 평양냉면집 in Korea,5
부원면옥,물냉면이 참맛있네요.  빈데떡도 맛있습니다.  비빔냉면은 덜매운 편이고 약간 특이한맛인데 괞찬습니다.  스테프가 친절하고 서비스가 좋네요.  식당고 깨끗하네요.,4
부원면옥,"진짜 맛있어요
육수 진해요 들어갈 때 냄새가 구리지만 그건 육수 만들 때 부산물을 걸러내는 과정 같습니다 육수는 누린내 안 나요 최고에요",5
부원면옥,"개 존맛 너무 맛남
진수 총각 숙취로 죽어가고 있었는데
물냉면 육수가 진수 살려줌

아 또 올거에여  재방문 의사 지대 만땅
면발이 쫄면처럼 쫜득함",5
부원면옥,평양냉면 초보자 추천 맛집. 빈대떡도 맛있음.,5
부원면옥,"가격 빼고 봐도 여기 평냉이 제일 맛있음
근데 가격도 제일 쌈 
빈대떡도 진짜 여기가 제일 맛있는데 제일 쌈
여기 먹다 딴데 평냉 못먹겠음 맛없고 돈아까움",5
부원면옥,"맛있어요! 
평양면옥 팔동면옥이랑은 조금 다른 맛인데
또 먹고 싶은 맛입니다",4
부원면옥,(2024.1.18 방문) 슴슴한 평양냉면과 녹두전 그리고 막걸리 한사발. 점심 한상 맛나게 먹음. 조금 찾기 어려운 곳이지만 이층에 들어서면 맡게 되는 전지지는 기름 냄새가 좋다.,4
부원면옥,강렬한 특유의 맛이 있습니다. 육수는 평냉의 슴슴한 맛을 좋아하는 분들에게는 약간 달게 느껴질 수 있음.,5
부원면옥,기존 평냉보다 살짝 단 느낌. 빈대떡이 얇고 바삭해요. 가격이 좋아요.,3
부원면옥,"오이지가 이구역의 짠맛담당! 
육수 자체는 적당한 간 이에요. 
면발은 평냉면발 굵기에 함흥냉면처럼 쫄깃합니다. 남대문 근처를 들린다면 한번씩은 방문하지만맛 자체가 계속 생각나서 찾아오지는 않아요.
이상 tmi 끝",4
부원면옥,"&lt;평냉원정대 5일차_부원냉면&gt;
평양냉면, 제육무침, 빈대떡
★★★★☆
첫 육수의 맛은 고기향에 끝맛은 시골에서 만든 식혜의 단맛이 살짝 나며 그 조화가 정말 괜찮았다. 면은 살짝 탱탱하며 식감이 있었고 메밀향은 중간정도로 먹고 나와서는 깔끔했다.
제육무침은 이때까지 먹어본 사이드중 아주 괜찮았다. 겨자, 식초, 다대기 를 한번씩둘러 감칠맛을 더해 먹으니 더 맛있다.",4
부원면옥,사장님 눈치 보느라 체함,1
부원면옥,"냉면은 맛은 있었으나
진짜 개더럽다.. 빈대떡은 만드는거보고 남김
2층 계단에다 불법으로 주방차려놓고 빈대떡 굽는데 담배냄새 쩔고 복도주방 바로 위에 문없는 화장실이 있음",2
부원면옥,맛나요,4
부원면옥,"맛도 별로지만,
친절하지않고 주방에서는 음식그릇을 내동댕이치는건지,던지는건지 ..시끄러워 원~~~평양냉면 닭무침",1
부원면옥,가성비 괜찮은 시장 평냉,5
부원면옥,닭무침이랑 막걸리 재료 소진이라 못 먹어 아쉽지만 제육무침에 맥주도 맛있었어요! 맥주가 6천원이라 놀랐지만ㅠ 빈대떡 제육무침 냉면모두 여기서만 먹어볼 수 있는 맛이었고 먹고 나오자마자 또 생각나는 맛이었습니다,4
부원면옥,면이 쓰레기인데..?서울 사람들 잘 못먹고 사는구나&hellip;,1
부원면옥,"면이 일단 메밀면이 아닐정도로 쫄깃합니다 평냉 입문하시는 분들은 몰라도 메밀면의 질감을 생각하시면 다소 아쉽습니다. 
육수는 달달한편이고 거냉만 되는것 같아 미지근한점이 아쉬웠습니다 
저렴한 가격에 평냉을 입문해보시는분이나 싼맛에 한번 먹긴 괜찮은 집입니다 빈대떡 맛있어요. 
을밀대 최고.",2
부원면옥,평양냉면중 아직은 만만한 가격대. 예전에 비해서 맛이 미묘하게 바뀐 느낌인데 바뀐 맛이 더 나은것같기도 함. 장소가 협소하여 점심시간에 합석가능. 닭무침이 맛있다는데 소짜도 팔아주시길.,4
부원면옥,"밍밍한 육수에서 살짝 나는 
고기 비린내를 잡지 못하면서 
맛집이라 할 수 있는가..
반찬도 없이 
그릇만 덩그라니 나오는 
냉면이라...
시장에서 생활하며 추억으로
방문하면 모를까.",2
부원면옥,"익숙한 평양냉면을 기대하면 절대 않됨.
하지만 분명 맛있는 평양냉면은 맞음!!
사골욱수에 돼지고기를 삶아낸 특유의 향이 있으면 면발은 적당히 쫄깃거림. 심지어가격이 10500원이면 말 다함.

닭무침은 담백하며, 빈대떡은 고소함. 더할나위 없음!!",4
부원면옥,가격도 주변 생각하면 괜찮고 맛도 무난합니다,5
부원면옥,"완전호불호 갈리는 집입니다
자극적이고 짠거 좋아하면 100%후회합니다

점심시간에 줄서서 먹을정도고
2,3층 꽉꽉 차고
남녀노소, 주변직장인 가리지않고 손님이 많이 계시지만

저와 일행들 입맛엔 ㅜ
아직 슴슴한 맛 좋아할 나이가 아닌가봐요 ㅜ",1
부원면옥,물냉면에 식초넣어 먹어요!,5
부원면옥,여기 평양냉면이 갑이다.,4
부원면옥,다른 평냉집 대비 간이 좀 더 세서 평냉 안먹던 사람도 무리없이 먹을수 있을 정도임.,3
부원면옥,"옛날  생각해서 
택시비 들여서 갔더니만
맛도없고. 다시는 안간다",1
부원면옥,"나는 너무 맛있었고 아저씨도 너무 친절하셨는데....
평냉 돌아다니면서 먹는데 이집에는 오이지 넣어서 향이 굉장히 매력적이었음.
오늘 또 가고 싶은뎁...ㅎㅎ",5
부원면옥,사람 입맛이 제각각이라지만 냉면 육수에 쫄면 같은 면은 정말 아니다.닭무침도 맛없고.음식 남긴 건 처음.,1
부원면옥,평양냉면 아니고 걍 부원면옥st. 냉면 위 편육에 양념장 올려 먹으니 맛있었습니다,5
부원면옥,"오이지가 이구역의 짠맛담당! 
육수 자체는 적당한 간 이에요. 
면발은 평냉면발 굵기에 함흥냉면처럼 쫄깃합니다. 남대문 근처를 들린다면 한번씩은 방문하지만맛 자체가 계속 생각나서 찾아오지는 않아요.
이상 tmi 끝",4
부원면옥,"평냉치고 달달한데 심하지않아서 좋아요
가격도 싼편이라 만족",5
부원면옥,"가성비는 좋음.
육수 : 달고 육향이 연함
면 : 메밀향은 나지만 약함
고명 : 계란을 쪼개서 줌",4
부원면옥,"21.10.12 5점
사랑해요

22.12.10 4점
뭔가 간이 세진 건가...?",4
부원면옥,"별하나도아까운집
사장늠이 돈독이 올라 손님보길 개 거시기로 보는
이정도 맛은 널렸음",1
부원면옥,본인이 뭐 먹었는지 말하지 않으면 돈 더낼수도 있음. 영수증 확인하세요.,2
부원면옥,"탱글거라며 쫄깃한 면
문제는 육수가 너무 짜다
물냉면에서 육수가 차지하는 비중을 생각하면 많이 아쉽다. 개인적으로 면수가 제일 맛남",2
부원면옥,손님을 개같이 취급하는 업소-주방앞에 서있는 키큰 인간(사장 같았음)-비빔냉면을 시켰는데 육수가 먼저 나와 마시고 한잔더 달라고 하니 여종업원에게 왜 먼저 주어서 (홀랑)마시고 또 달라게 하냐고 혼내고 있었음.먹고 나오다 분이 안풀려서 손님 한테 홀랑이라는 말을 할수 있냐고 따졌더니 못들을것 같아서 했다고 변명을함.맛도 없고 반찬도 하나도 안나오고 다른 냉면집에 가면 보통 육수를 주전자채 갖다 주는데..이런 집은 처음봄.남대문의 특성상 단골 보다는 뜨내기가 많아서 그런것 같은데 하루 빨리 문닫는게 좋다고 생각됨.최악의 냉면집임.,1
부원면옥,"육수가 달달해서 보통의 평양냉면보다는 조금 특이한 맛이었습니다
닭무침이 별미네요! 맛있어요",3
부원면옥,냉면이랑 빈대떡 진짜 맛있는데 왜 이렇게 악평많은지 모르겠어요;; 평양냉면 처음이라 걱정했는데 친구랑 맛있게 먹고 갔습니다! 음식도 금방 나오고 사장님들도 친절해서 가족들이랑 또 방문할 예정이에요!,5
부원면옥,제가 갔을 땐 만족스러웠어요. 단란한 분위기와 평냉의 담백한 맛의 조화가 일품이었습니다.,5
부원면옥,평냉 요즘 자주 먹는데 왠지 모르게 가장 맛있다고 생각 드네요. 닭무침도 맛있구요. 배부르고 맛있게 먹었습니다. 줄도 금방 빠지고 뙤약볕에서 안 기다려도 돼서 좋아요,5
부원면옥,내 맛집 !!!,5
부원면옥,"평양냉면 , 빈대떡 , 닭무침",4
부원면옥,너무ㅜㅜ맛있어요!,5
부원면옥,노포이기에 오랫동안 고수해온 특유의 맛이겠죠. 고급화 또는 서울화된 평양냉면과는 다른 맛이에요.,2
부원면옥,평냉치고는 짭잘한 육수.. 맛있게 먹긴했지만 탱탱한(?) 면이 조금 미스매치인듯.. 닭무침은 처음 먹어보는 음식인데 나름 여름느낌나는 별미,3
부원면옥,"남대문시장만 보면...몇몇 먹을만한 집 중에 하나임, 그러나 파고다 경동시장등등 냉면 2부 리그급 중에서는 면이 제일 하위그룹을 유지하고 있음.",3
부원면옥,빈대떡 얇고 쫀득했당 닭무침 처음 먹어봤는데 언젠가 생각 날 것 같고 평냉은.. 생각 안날듯.. 너무 달다...💦 노포 분위기는 좋다!,3
부원면옥,"평냉치고 달달한데 심하지않아서 좋아요
가격도 싼편이라 만족",5
부원면옥,살짝 달짝지근한 맛에 한번 응? 싶었지만 그래도 평냉은 평냉이었다. 가격 저렴!,4
부원면옥,"21.10.12 5점
사랑해요

22.12.10 4점
뭔가 간이 세진 건가...?",4
부원면옥,빈그릇이 인증 그자체,5
부원면옥,이게 평냉이 맞나? 면발 자체가 진짜 맛없음,1
부원면옥,먹으면서 왜 사람들이 많이 올까? 1도 찾지못했음ㅋ 그냥냉면맛없음 다른건 안먹어봄 친절한것도 아님,1
부원면옥,"기대에 좀 못 미치는 맛이지만 다른 평냉에 비해 가격이 합리(?)적이라 생각..
오히려 닭무침과 빈대떡이 먹어보고 싶다.",3
부원면옥,와 대명이따라 왔더니 닭무침 빈대떡 후... 미쳐도랏음 진짜 넘 맛있어요 넘 아수운건 일월 흄과 일찍 문닫는다는점...,5
부원면옥,"물곱에 떡하나!!
몸속 알콜과 독속를 뽑아내는 느낌
평냉 입문자들은 필수코스",5
부원면옥,빈대떡이랑 닭무침은 꼭 먹어야함,4
부원면옥,"휘황찬란한 명성에 비해 맛이 특별한진 잘 모르겠음
줄서서 먹을정도는 절대 아니고
종업원이 친절하진 않음 ㅎㅎ
물냉보단 비냉 추천",2
부원면옥,"비빔곱빼기, 제육무침, 빈대떡 주문했습니다.
직원분들 친절하시고 음식도 빨리 나왔어요. 
겨자, 양념다데기, 식초 넣어서 먹으라는 제육무침은 두툼한 고기에 냉면비빔장 같은 다데기 맛에 매력적이었어요
빈대떡도 고소했고 비빔냉면도 맛있게 잘 먹었습니다",5
부원면옥,"일단 평냉인거 모르고 끌려와서 지금 매우화남
맛있는 냉면 먹으러왔다가 이게 뭔 날벼락
개인적으로 평냉집 모두 망해야한다고 생각함
가격도 더럽게비쌈

옆사람들은 이걸 맛있게 먹고있다는게 놀라웠음

다만 전 닭무침은 먹을만했음",1
부원면옥,"김대명이 간 거 보고 가봤어요. 잘 먹었는데 또 가고싶다 정도까지는 아니었어요. 깔끔한 느낌의
평냉은 아니에요. 닭무침은 투박한 다대기 맛. 냉면 한그릇에 막걸리 한 잔 하는 동네 할아버지들의 아지트 느낌.",3
부원면옥,"많이 아쉽네요, 그 옜날 부원면옥은 없습니다,
부침개 ... 녹두가 비싸죠? 밀가루 냄새뿐  ... 숙주도 다짐고기도 없는 빈자떡.
비빔냉면 ...  아 너무합니다, 
쫄깃함도 전혀 없는, 난 국수인 줄.
면수도, 육수도 빵점. 돼지고기 고명 그렇게 올릴거면 차라리 넣지 마세요.
그렇게 삶나요? 부모님이 그렇게 가르치시 든가요?
이제 안갈 듯 합니다.
하나하나씩 옛맛은 주인이 바뀌 듯 사라지네요.",1
부원면옥,"일단 가격에서 놀람
내 개인적으로 냉면은 필동보다 여기가 좋은거 같다.
그리고 빈대떡 꼭 같이 먹엉~~
그롬에도 4점을 준건...와씨!!!이정도는 아니라서..
그래도 준수이상",4
부원면옥,"여기는 일반적인 슴슴평냉이랑 궤가 좀 다름. 많이 달고 면도 밀함량이 꽤 돼서 쫄면느낌이 좀 있는 면임. 감안하고 가면 충분히 먹을 만한데, 줄이 너무 길 때 그걸 기다리고 먹을 정도는 아님",4
부원면옥,"맛이 예전같지 않음;;
아쉬운 맛집 하나 잃음",1
부원면옥,"딱봐도 느낌이 맛집임.
안먹어봐도 별다섯일 느낌
이층이고 좀 침침한 느낌
테이블은 열두개인듯

평양냉면이 내 입맛에 어렵지 않을까 
염려하면서 한 젓가락들면...

가성비나 분위기보다 역시 평양냉면은 
슴슴한 맛이지 싶다.",5
부원면옥,굳이 줄 서서 먹기엔 너무 돈이 아까움,1
부원면옥,냉면이 나왔을때 면이 정갈하지 않게 나와 당황했지만 조화롭게  맛있었어요.,5
부원면옥,"국민학교때 엄마 손잡고 시장돌아다니다 먹어본 곳... 이었음.
유투브에서 하도 유명하길래 갈치조림 먹으러가다
함 먹어보자 하고 들렀는데.. 입구서 부터 낯설지 않은..
오랜 기억속 그곳인걸 알아챈건 그리 오래 걸리지 않았음.
맛도 기억안나고 어땠는 지도 모르지만. 지금 먹어보니 이때까지 꾸준히 하는 이유가 있었음..
국물이 끝내줘요!",5
부원면옥,여기는 평양냉면이라 부르면 안되는거 아닌가?,1
부원면옥,비빔양념 색다름. 가격대비 양호. 그러나 돈 조금 더 내고 무채반찬이나 계란 더 많이 주는게 낫지 않나싶음. 다른 평냉에 비해 간이 셈.,3
부원면옥,평냉러버로서 색다른 매력이 있는 평냉이라 생각했어요🤭 닭무침과 곁들이면 생각보다 괜찮었고 비빔도 맛있다고 하네요?! 다만 고기가 부드럽진 않아서 뭐지 싶긴 했지만 재방문 의사 있습니다😆 혼자 오시면 빈대떡 추가 추천! 셋이 오시면 빈대떡에 닭무침 추가 추천!,5
부원면옥,내 참새방앗간 요즘 양이 줄어서 둘이 냉면 하나 닭무침 하나로 소주 세 병임 녹두전도 맛있음 줄 잔뜩 서있을 때 소주 마시기 조금 눈치 보여서(아무도 눈치 안 줌 주의)애매한 시간에 주로 가는 곳,5
부원면옥,"가성비는 좋음.
육수 : 달고 육향이 연함
면 : 메밀향은 나지만 약함
고명 : 계란을 쪼개서 줌",4
부원면옥,"혼자갔는데 냉면만 먹고 나올라하는데
갑자기 아무말도없이 빈대떡 작은걸 주길래
작은건 서비스로 나오나 싶었는데
시키지도않은 빈대떡 나중에 결제했습니다.
거의 이정도면 눈뜨고 코 베이겠네요
혼자 냉면먹고 2만원돈 결제한 건 또 처음이네요
맛은 정말 객관적으로 잘모르겠으니 그냥 가서 먹어보세요
왜 줄서서 먹는지 잘 이해가 안감
빈대떡 강매 + 평탄한 맛",1
부원면옥,"평양냉면 이라고 하면 안돼요 그냥 냉면입니다
역시싸고 맛있는건 없네요 싼게비지떡",1
부원면옥,손님들이 많아져서 복잡한데 맛은 괜찮,5
부원면옥,강한 염도의 국물과 찰기가 있는 평냉 냉면보다 간장에 다데기를 크게 풀어 곁들이는 빈대떡이 맛있음,3
부원면옥,"평냉 좋아하는데 요즘 평냉 가격이 미쳤잖아요? 근데 여기는 합리적인 가격에 맛도 유명 평냉집보다 맛있어요!!!
빈대떡은 필수입니다",5
부원면옥,"시장 스타일 옛날 평냉
타지에서 찾아와서 한 번 먹은 사람은
맛평가하기 어려운 곳임",5
부원면옥,"25.03월 두번째 방문
냉면은 여전히 맛있고 제육무침이 대박이다
양도 많고 고기가 투박한데 질기지 앦고 쫄깃하고 또 고소함
전날 과음으로 머리가 깨질 것 같았지만 소주가 생각나더라

아 계속 생각난다,,, 오늘도 먹고 싶어요
먹어본 평양냉면 중 간이 가장 강했어요. 근데 진짜 맛있었네,, 생각만해도 군침돈다
혼자 가서 무침을 못먹었어요 , 일요일도 열어주세요!",5
부원면옥,"면발이 옥천냉면 스타일입니다 평냉느낌보단
특색있는 냉면맛이라 보면 될거같습니다
가격대는 저렴했으나 조금 올라서 크게 저렴하진 않습니다 직원들의 접대와 위생이 전반적으로 만족스럽지 못해 3점",3
부원면옥,"( 평양냉면 )
면에 전분 함량이 좀 높음
육수에 육향은 잘 느껴지는 편은 아님
면에 전분 함량이 많은 관계로 전분에 달착지근한 뒷맛이 있다
개취 여긴 함흠처럼 다데기, 겨자, 식초 다 넣는 것도 괜찮을 듯
여튼, 가격 등 나름 매력 있어 찾고 있음

( 기타 )
냉면에 계란은 반개보다 많이 작은 슬라이스
계란은 반정도는 주시지 가격도 올랐는데
무채/오이는 식초, 당분, 염분을 거의 사용하지 않은 원초적인 맛",3
부원면옥,"물냉면 빈대떡 먹음.
냉면의 육수는 육향이 진하지는 않으나 간간하니 기분 좋은 맛이었다. 면발은 전분이 많이 들어갔는지 메밀향은 났지만 쫄면처럼 탄력이 강했다. 
육수 맛있어서 리필했지만, 냉면안의 고기는 퍽퍽해서 한조각만 먹었다.
무엇보다 냉면에 오이를 절여서 넣었는데, 이게 맛있었다. 
빈대떡은 아는맛이고, 제육무침에 소주한잔하러 또 가봐야겠다.",3
부원면옥,"특이하게 줄 서다 보면 바로 옆에서 바쁘게 빈대떡을 굽는 것을 볼 수 있다. 
쫄면 같은 면발에 전체적으로 달다. 살짝 텁텁한 비냉보다는 물냉이 괜찮고 빈대떡은 갓 나와서 그런지 바삭하고 맛있음.",2
부원면옥,"보시면 냉면은 호불호 갈리긴해도 무침은 반박불가입니다. 가게의 명성이나 맛으로 볼 때 찾아가 볼만한 집입니다.

냉면도 이집저집 먹다가보면 가끔 땡기는 맛이긴해요",4
부원면옥,"부원면옥은 우리가 아는 평양냉면과는 확실히 다르다. 메밀이 적고 전분이 많이 들어가 쫄깃하고 미끄러운 단단한 식감의 면은 양평의 옥천냉면보다 얇지만 꼬들한 느낌이 비슷하다. 육수는 다른 유명 냉면집들 보다 육향이 부족한 느낌이고 맛도 평범하다.
이런 냉면도 있구나 하고 한번은 먹어볼만 한데, 줄을 서면서 까지 먹지는 않을 맛이다. 그리고 항상 바쁜 곳이니 친절은 바라지 않는게 정신건강에 매우 이롭다.",3
부원면옥,내 입맛엔 여러 평냉중 가장 대중적이고 가성비 맛집~,4
부원면옥,투박한 맛. 진짜 노포. 그런데 싫지 않음.,4
부원면옥,"노포지만 깔끔하고 주력 평냉 맛있습니다.
술 안주도 가성비 좋고 솜씨 좋음 맛집",4
부원면옥,"저는 자주 오고싶어요.
일반 슴슴한 평냉과 다르게 맛이 느껴지지만 이 집만의 특색이라 생각해요.
제육무침은 이집의 별미.. 안시키면 안되겠네요",4
부원면옥,보급형 평냉집이라고 불리우지만 면에 메밀은 거의 들어있지않거나 소량 들어간것으로 추측될정도로 맛과 향이 느껴지지않음 그러나 제육무침과 초계무침은 단언컨데 국내원탑 아니 글로벌 원탑이라고 생각함 가성비는 물론이고 고기양도 엄청 나서 소주 안주로 미침,4
부원면옥,"너무맛있어서 눈돌아가는줄알았습니다
물냉면 육수도 진하고 무지맛있었고
빈대떡도 고슬고슬한 식감에 담백하고 간도 딱맞았어요
제육무침은 고기도부드럽고촉촉하지만 새콤달콤한 양념이 맛도리입니다 거기에아삭한 오이와양파가 찰떡이였어요
매장에 숟가락없어서 아쉬웠구요
또먹고싶어요 너무맛있게먹어서 계속생각납니다
먹어본 냉면집중 제일맛있었어요",5
부원면옥,"여긴 사장님도 주방장도 다들 뭔가 화가난 상태 

전라도에서 설탕 넣은 콩국수를 말다 올라온 주방장이 아닐까 싶은 처음 맛보는 달다구리한 냉면육수 

위생은 멍멍이에게나 줘버린 듯",1
부원면옥,최고,5
부원면옥,"완전호불호 갈리는 집입니다
자극적이고 짠거 좋아하면 100%후회합니다

점심시간에 줄서서 먹을정도고
2,3층 꽉꽉 차고
남녀노소, 주변직장인 가리지않고 손님이 많이 계시지만

저와 일행들 입맛엔 ㅜ
아직 슴슴한 맛 좋아할 나이가 아닌가봐요 ㅜ",1
부원면옥,"맛있어요! 
평양면옥 팔동면옥이랑은 조금 다른 맛인데
또 먹고 싶은 맛입니다",4
부원면옥,"가격 빼고 봐도 여기 평냉이 제일 맛있음
근데 가격도 제일 쌈 
빈대떡도 진짜 여기가 제일 맛있는데 제일 쌈
여기 먹다 딴데 평냉 못먹겠음 맛없고 돈아까움",5
부원면옥,평양냉면 초보자 추천 맛집. 빈대떡도 맛있음.,5
부원면옥,"개 존맛 너무 맛남
진수 총각 숙취로 죽어가고 있었는데
물냉면 육수가 진수 살려줌

아 또 올거에여  재방문 의사 지대 만땅
면발이 쫄면처럼 쫜득함",5
부원면옥,"진짜 맛있어요
육수 진해요 들어갈 때 냄새가 구리지만 그건 육수 만들 때 부산물을 걸러내는 과정 같습니다 육수는 누린내 안 나요 최고에요",5
부원면옥,물냉면이 참맛있네요.  빈데떡도 맛있습니다.  비빔냉면은 덜매운 편이고 약간 특이한맛인데 괞찬습니다.  스테프가 친절하고 서비스가 좋네요.  식당고 깨끗하네요.,4
부원면옥,One of the top 평양냉면집 in Korea,5
부원면옥,가격도 주변 생각하면 괜찮고 맛도 무난합니다,5
부원면옥,물냉면에 식초넣어 먹어요!,5
부원면옥,빈대떡 얇고 쫀득했당 닭무침 처음 먹어봤는데 언젠가 생각 날 것 같고 평냉은.. 생각 안날듯.. 너무 달다...💦 노포 분위기는 좋다!,3
부원면옥,여기 평양냉면이 갑이다.,4
부원면옥,"남대문시장만 보면...몇몇 먹을만한 집 중에 하나임, 그러나 파고다 경동시장등등 냉면 2부 리그급 중에서는 면이 제일 하위그룹을 유지하고 있음.",3
부원면옥,평냉치고는 짭잘한 육수.. 맛있게 먹긴했지만 탱탱한(?) 면이 조금 미스매치인듯.. 닭무침은 처음 먹어보는 음식인데 나름 여름느낌나는 별미,3
부원면옥,노포이기에 오랫동안 고수해온 특유의 맛이겠죠. 고급화 또는 서울화된 평양냉면과는 다른 맛이에요.,2
부원면옥,"평양냉면 , 빈대떡 , 닭무침",4
부원면옥,내 맛집 !!!,5
부원면옥,평냉 요즘 자주 먹는데 왠지 모르게 가장 맛있다고 생각 드네요. 닭무침도 맛있구요. 배부르고 맛있게 먹었습니다. 줄도 금방 빠지고 뙤약볕에서 안 기다려도 돼서 좋아요,5
부원면옥,제가 갔을 땐 만족스러웠어요. 단란한 분위기와 평냉의 담백한 맛의 조화가 일품이었습니다.,5
부원면옥,냉면이랑 빈대떡 진짜 맛있는데 왜 이렇게 악평많은지 모르겠어요;; 평양냉면 처음이라 걱정했는데 친구랑 맛있게 먹고 갔습니다! 음식도 금방 나오고 사장님들도 친절해서 가족들이랑 또 방문할 예정이에요!,5
부원면옥,"육수가 달달해서 보통의 평양냉면보다는 조금 특이한 맛이었습니다
닭무침이 별미네요! 맛있어요",3
부원면옥,손님을 개같이 취급하는 업소-주방앞에 서있는 키큰 인간(사장 같았음)-비빔냉면을 시켰는데 육수가 먼저 나와 마시고 한잔더 달라고 하니 여종업원에게 왜 먼저 주어서 (홀랑)마시고 또 달라게 하냐고 혼내고 있었음.먹고 나오다 분이 안풀려서 손님 한테 홀랑이라는 말을 할수 있냐고 따졌더니 못들을것 같아서 했다고 변명을함.맛도 없고 반찬도 하나도 안나오고 다른 냉면집에 가면 보통 육수를 주전자채 갖다 주는데..이런 집은 처음봄.남대문의 특성상 단골 보다는 뜨내기가 많아서 그런것 같은데 하루 빨리 문닫는게 좋다고 생각됨.최악의 냉면집임.,1
부원면옥,"탱글거라며 쫄깃한 면
문제는 육수가 너무 짜다
물냉면에서 육수가 차지하는 비중을 생각하면 많이 아쉽다. 개인적으로 면수가 제일 맛남",2
부원면옥,본인이 뭐 먹었는지 말하지 않으면 돈 더낼수도 있음. 영수증 확인하세요.,2
부원면옥,맛있고 빨리 나오니 좋네요 가성비짱!,5
부원면옥,"별하나도아까운집
사장늠이 돈독이 올라 손님보길 개 거시기로 보는
이정도 맛은 널렸음",1
부원면옥,(2024.1.18 방문) 슴슴한 평양냉면과 녹두전 그리고 막걸리 한사발. 점심 한상 맛나게 먹음. 조금 찾기 어려운 곳이지만 이층에 들어서면 맡게 되는 전지지는 기름 냄새가 좋다.,4
부원면옥,강렬한 특유의 맛이 있습니다. 육수는 평냉의 슴슴한 맛을 좋아하는 분들에게는 약간 달게 느껴질 수 있음.,5
부원면옥,너무ㅜㅜ맛있어요!,5
부원면옥,"냉면은 맛은 있었으나
진짜 개더럽다.. 빈대떡은 만드는거보고 남김
2층 계단에다 불법으로 주방차려놓고 빈대떡 굽는데 담배냄새 쩔고 복도주방 바로 위에 문없는 화장실이 있음",2
부원면옥,"밍밍한 육수에서 살짝 나는 
고기 비린내를 잡지 못하면서 
맛집이라 할 수 있는가..
반찬도 없이 
그릇만 덩그라니 나오는 
냉면이라...
시장에서 생활하며 추억으로
방문하면 모를까.",2
부원면옥,평양냉면중 아직은 만만한 가격대. 예전에 비해서 맛이 미묘하게 바뀐 느낌인데 바뀐 맛이 더 나은것같기도 함. 장소가 협소하여 점심시간에 합석가능. 닭무침이 맛있다는데 소짜도 팔아주시길.,4
부원면옥,"면이 일단 메밀면이 아닐정도로 쫄깃합니다 평냉 입문하시는 분들은 몰라도 메밀면의 질감을 생각하시면 다소 아쉽습니다. 
육수는 달달한편이고 거냉만 되는것 같아 미지근한점이 아쉬웠습니다 
저렴한 가격에 평냉을 입문해보시는분이나 싼맛에 한번 먹긴 괜찮은 집입니다 빈대떡 맛있어요. 
을밀대 최고.",2
부원면옥,면이 쓰레기인데..?서울 사람들 잘 못먹고 사는구나&hellip;,1
부원면옥,닭무침이랑 막걸리 재료 소진이라 못 먹어 아쉽지만 제육무침에 맥주도 맛있었어요! 맥주가 6천원이라 놀랐지만ㅠ 빈대떡 제육무침 냉면모두 여기서만 먹어볼 수 있는 맛이었고 먹고 나오자마자 또 생각나는 맛이었습니다,4
부원면옥,맛나요,4
부원면옥,가성비 괜찮은 시장 평냉,5
부원면옥,"익숙한 평양냉면을 기대하면 절대 않됨.
하지만 분명 맛있는 평양냉면은 맞음!!
사골욱수에 돼지고기를 삶아낸 특유의 향이 있으면 면발은 적당히 쫄깃거림. 심지어가격이 10500원이면 말 다함.

닭무침은 담백하며, 빈대떡은 고소함. 더할나위 없음!!",4
부원면옥,기존 평냉보다 살짝 단 느낌. 빈대떡이 얇고 바삭해요. 가격이 좋아요.,3
부원면옥,"물냉면 곱배기 12000원
빈대떡 5500원
닭무침 15000원",5
부원면옥,"&lt;평냉원정대 5일차_부원냉면&gt;
평양냉면, 제육무침, 빈대떡
★★★★☆
첫 육수의 맛은 고기향에 끝맛은 시골에서 만든 식혜의 단맛이 살짝 나며 그 조화가 정말 괜찮았다. 면은 살짝 탱탱하며 식감이 있었고 메밀향은 중간정도로 먹고 나와서는 깔끔했다.
제육무침은 이때까지 먹어본 사이드중 아주 괜찮았다. 겨자, 식초, 다대기 를 한번씩둘러 감칠맛을 더해 먹으니 더 맛있다.",4
부원면옥,사장님 눈치 보느라 체함,1
부원면옥,으... 김대명...,1
부원면옥,"맛도 별로지만,
친절하지않고 주방에서는 음식그릇을 내동댕이치는건지,던지는건지 ..시끄러워 원~~~평양냉면 닭무침",1
사조미가,"룸이있어 가족하고 먹기좋네요
무엇보다 음식이 정갈하고 직원분들이 친절해서 좋았어요",5
사조미가,"정겨운으로 했는데...
인스탄트 먹은 느낌..
룸을 주는게 그나마 장점",2
사조미가,"룸 한정식 집이라서 가긴 하는데
가격 대비 대접은 아쉽습니다
노크는 커녕 문 벌컥 벌컥 여닫고 ㅜㅜ
서비스가 가격만큼 고급스러운 느낌이 아니에요",3
사조미가,음식이 깔끔하고 서비스도 좋았어요,4
사조미가,"음식 깔끔하게 나오고, 정갈한게 좋네요. 특히 개별룸으로 운영해서 프라이빗하게 식사할수 있어 좋았어요.  아쉬운점은 음식의 퀄리티를 조금 더 신경 써 주셨으면 합니다. 뜨거운 음식들이 전반적으로 식어서 나오는게 아쉽습니다.",4
사조미가,"전 괜찮았는데...
리뷰에 별점 1개 짜리가 많아서 조마조마했는데..
한정식집인데 회도 괜찮았고 기본적으로 나오는 반찬들도
맛있어서 2번이나 리필했어요 ㅎ
특히 저는 백김치가 시원하고 깔끔해서 좋았습니다!",5
사조미가,어제 직원들과 회식한후 만족도가 높아 글을 올립니다. 단독룸이있어 자유롭게 의사소통이 가능했습니다. 음식도 좋고 가격도 만족합니다.단체 모임을 강추합니다.,5
사조미가,와 대박~~정말 정말 맛있어요!!! 정말 깨끗하고 반찬리필도 잘 해주시고 온가족들이 맛있어하네요~담에도 꼭꼭 와야겠어요!!!!!!!,5
사조미가,"행복한 코스를 주문했는데 메뉴에 써있던 음식들이 아니라 그냥 있는 재료로 만든 음식들이 나옴. 홍어삼합, 해물신선로, 대하구이 안 나오고 그냥 주방에 남은 재료로 대충 만든 다른 음식이 나옴. 미리 양해를 구하는 것도 없고 맘대로 다른 음식 줘 놓고 계산할 때 이야기했더니 그래서 대신 그거 드렸잖아요 그래서 대신 그게 나간거에요 하고 사과 한마디 없이 아주 당당하시대. 그럴거면 무슨 코스 무슨 코스 뭐하러 이름을 붙이나 그냥 주는대로 먹는 코스라고 써놓지. 맛이 있고 없는 건 실력이니까 어쩔 수 없는데 이 집은 손님을 대하는 태도가 틀렸다. 다신 안 갑니다.",1
사조미가,"상견례자리로 갔는데 평이 쏘쏘라 기대 안했는데 생각보다 만족하고옴
깔끔하고 맛도 괜찮고 양도 적당. 한정식집 양이야 원래 산처럼 쌓아주지 않으니까~
제일 비싼 세트?시켰는데 어른들도 음식 잘나오는 편이라고 잘 드시고
생소한 음식이 많았는데 먹어보니 다 맛있어서 다먹고 더 시키면 리필?해주심
자주는 못가겠지만 그돈주고 갈만함",4
사조미가,넓고 깨끗함. 음식 맛있고 여러가지 종류가 나와서 좋았음~,5
사조미가,"잡채는 기름쩔은 냄새
냉채류, 연어요리는 다 샐러드로 나오고
전유화는 식어빠진 전으로 호박이랑 브로콜리?
계절탕은 맛도 모호한 누룽지탕
오리고기는 식고 굳은채로
떡갈비는 잘 안뭉쳐져 뚝뚝, 
비계덩이 대놓고 나오고
최악은 홍어삼합, 고기는 마를대로 마르고
홍어는 먹다남은 세점 모은듯.
참을까 했지만 절대 못참겠다.",1
사조미가,"깔끔하게 나오는 상차림 좋았어요
가족모임하기 촣네요",5
사조미가,"비싸고 맛없다.  추가하면 음식에 성의가 없다. 아침에 다 담아놓은거 티나고 음식이 차갑다. 
정성이 없다.",1
사조미가,"다양하게 음식을 주는 것 보다
1가지라도 제대로 맛있게 주는게 나을거 같아요^^",1
사조미가,"가족모임 다녀왔습니다
지난번에 부모님 모시고 고기 먹으러 경** 한정식 가서 뭔가 조금 아쉬운게 있었는데;;;
이곳 사조미가에서 정말 깔끔하고 맛있게 먹었습니다
직원분들도 친절하셔서 기분좋은 가족모임이 되었네요
특히 부모님이 나오시면서 정말 맛있게 드셨다고 하니 정말 뿌듯했습니다~~^^
부모님이 정말정말 좋아하셔서 평가까지 하게 됐네요^^",5
사조미가,"반찬과 메인 음식 모두 너무 맛있네요~ㅎㅎ
친구들이랑 와봤는데 다음엔 부모님도 모시고 와야겠네요!!
너무 만족하고 잘 먹고갑니다~",5
사조미가,"외국에서 오신 친정식구 가족모임으로 갔는데 대만족이었어요.
음식도 깔끔하고 맛있었고 서비스가 최고였어요. 음식 종류가 다양해 같이 간 외국인에게 한국음식도 알릴수 있었어요. 특히 홀서비스하시는 분들 가족모임이라 요구사항도 많았는데 귀찮아하지 않으시고 친절하게 해주셨어요.",5
사조미가,"12시 반 정도에 들어가서 2만원짜리 점심 정식을 주문했다. 불고기, 잡채, 고등어구이 등 음식이 전부 너무 퍽퍽해서 먹기가 매우 힘들다. 이런 수준의 한정식이라니 참으로 실망스럽다.",1
사조미가,초심을 잃은듯 ㅠㅠ,2
사조미가,"점심정식 먹으러 갔다 늦어서 굴비정식 시켰더니 김치와 정체를 알 수 없는 나물은 말라비틀어져 있고, 우엉조림에는 고춧가루가 묻어 있더군요. 샐러드의 야채도 시들었구요. 주문한 게 아까워서 굴비 위주로 먹고 나오기는 했습니다만 이게 25000이라니 속이 뒤집히는 줄 알았습니다. 
별 한 개도 아까워요.",1
사조미가,"매장의 분위기, 맛, 친절 모두모두 좋았습니다. 특히나 개별 룸으로 다 되어 있어서 코시국에 너무 좋았어요. 정겨운 코스(35,000원) 먹었는데 음식 하나하나 다 맛있었습니다. 다음에 또 갈게요!!",4
사조미가,"음식은 전반적으로 만족하고요, 공휴일 주류/음료 서비스는 &lsquo;주말&rsquo;로 바꾸세요. 주말 아닌 공휴일에 갔다가 빈정상함",4
사조미가,요즘 코로나로 식당에서 음식먹기도고민이되긴 하더라구요 근데 여기는 개별 룸이어서 좋았어요 정갈한 한상~! 음식 깔끔하면서 건강한느낌! 만족하면서 먹었어요 ㅎㅎㅎ,5
사조미가,"개별 룸으로 되어있어 독립된 공간에서 식사하니 분위기도 좋고 음식도 정갈하고 깔끔하니 맛있었습니다.
사장님 인상도 좋으시고 직원들도 친절하시고 기분좋은 시간을 보냈습니다.
다음에 또 방문하겠습니다~~^^",5
사조미가,딸생일에 밥먹을곳 찾던중 사조미가한정식! 개별룸이어서 좋았고 코스요리에 싱싱한회도좋았고 밥반찬의 짱아찌도 좋았고 서빙언니들의 미소도 좋았어요~,5
사조미가,"서대문 맛집 검색에 나오길래..
평가글도 나쁘지않아 일부러 택시까지 타고 찾아가 생일 점심 식사를 했는데..  
두세 젓가락 떠먹고 나온 음식들이 영 아니다 싶었습니다..
평가에 잡채가 맛있다고 하던데 그 잡채는 팅팅 불어있고 면도 여러가닥이 붙어있고..ㅜㅜ
음식은 뜨겁지도 차지도 않고.. 튀김강정같은것은 먹다 질겨 살짝 뱉어내야할정도였구여..
멀리서 바쁜 시간내서 온 언니에게 점심 사주면서도 너무 미안하고 ..
2만원 점식정식에 대단한 메뉴를 기대한것도 아니고 그저 나오는 음식들이 찰건 차갑고 따뜻할건 따뜻하게 나왔음 되는데..  아무튼 서비스도 음식도 너무 엉망이라 깜짝 놀랐네여..
사주고도 미안한 식사대접이었습니다...ㅜㅜ",1
사조미가,"개별룸인거 말고는 크게 장점이 없음
음식맛도 그럭저럭, 전자레인지 데펴나오고 직원도 불친절",2
사조미가,개별룸이라 모임에 적당합니다. 맛은 간이 슴슴하니 깔끔합니다. 그렇다고 기억에 남는 맛은 아니고... 그냥 적당한 맛.,3
사조미가,평범,3
사조미가,"이용 후기가 좋아서 일부러 방문했는데, 제가 주문한 굴비 정식이 나왔을때 입이 다물어 지지 않았습니다.
여러번 들어 갔다 나온듯한 반찬 비주얼이며~
가격대비 젓가락 갈 곳이 없었습니다.
음~~~~ 재방문 의사 없습니다.",1
사조미가,아이들인데 성인꺼로 받아야 한다며...초등학교 저학년 아이들까지 어른정식 값을 다 받으시네요;그렇다고 서비스가 좋은거도 아니고;; 손님이 저희 밖에 없었던 이유가 있었네요..음식맛도 그냥 그렇고.. 돈이 매우 아까운... 다신 방문 안할듯요.,1
사조미가,"개별룸이 큰 장점인 듯~
친구들하고 시간이 맞아서 들렸는데
음식도 맛있고 오랫동안 이야기도 편하게 하고 왔어요~~",5
사조미가,조용히 식사 메뉴도 가성비,5
사조미가,"참나

남친 부모님 처음보는 자리라서 긴장하면서 들어갔는데

직원들이 먹지도 않은 그릇 치우고 자기들 마음대로 그릇하나에 음식 세개씩 합치고 벌컥 문열고 들락날락 난리났음

보통 이런곳은 대접하고 대접 받으려고 가는 곳인데 너무 무례함",1
사조미가,회식장소,4
사조미가,"아가씨 상견례장소예요!
깔끔하게 나와요!",4
사조미가,예약전화를 함 해보세요. 전화한 사람 말은 듣지도 않고 지멋내로 시간을 정해주는 신기한 경험을 하실겁니다. 혹여 원하는 시간을 말씀해보세요. 단칼에 예약찼다고 할겁니다.,1
사조미가,부모님이 좋아하셨어요 :),4
사조미가,"좌석이 전부 방인데 방음이 전혀안되고 시장통 그자체 직원들도 접시를 쾅쾅 내려놓고 방문을 시도때도없이 열었다 닫았다함
가본 룸 식당중에 최악이었음",1
사조미가,쫒기듯이 모든 메뉴를 한꺼반에 내 놓는 이유가 뭔지... 빨리  먹고 가라는것인지.. 여기를 10번 정도 갔는데 메뉴를 좀 다양하게 구성 했으면 싶다,2
사조미가,"어른들과 식사하느라 음식사진은 못 찍었지만, 정말 좋았습니다. 음식 종류가 다양하고 다 맛있고, 룸으로 분리되어 있어서 이야기 나누기 좋았습니다.",5
사조미가,"이 정도면 최고입니다 
예약도 신속 초간단/ 주차도 편리/ 음식도 빨리나와/ 가격도 착해/ 친절/ 룸도 조용/
도심권 프라이빗한 고품격 한정식 입니다 

별한개 리뷰님들 적당한 만족과 감사 좀 
하고 삽시다",5
서울부띠끄,음식은 괜찮았는데 서비스가 너무 어수선함,3
서울부띠끄,"가게 구성이 좀 어수선하고 에그인헬은 토마토맛이 부족하고 잡탕같아서 아쉬웠습니다

곱창까르보나라는 살짝 매콤하고 곱창이 생각보다 많이 들어가있어서 만족스러웠습니다~

날씨 좋을 때 창가자리가 아주 좋습니당",3
서울부띠끄,"감성적 분위기가 굿!
음식은 양이 좀 적지만 맛있다ㅎㅎ
느낌 있게 연말 모임하기 좋음^^",4
서울부띠끄,가격대비 양 적음 맛은 평타 전반적으로 무난무난,3
서울부띠끄,"전 이 집 떡볶이가 진짜 안 잊힙니다
매콤 달달 칼칼.. 완전 제 취향
작년에 갔는데도 일년 내내 계속 생각나요

곱창 파스타도 맛있어용",5
서울부띠끄,안내도 없이 한참 앉아있던 자리에서 나오라고 함... 배고파....,1
서울부띠끄,음식이 늦게 나오지만...분위기가 좋라요..#남산뷰,3
서울부띠끄,분위기가 좋아요. 루프탑이 좋아보이더라고요. 주차는 안됩니다,3
서울부띠끄,음식들 거의 다 맛있음. 감바스는 양이 매우 적음.. 샐러드 파스타 무난무난 괜찮음. 분위기도 갠춘,3
서울부띠끄,"맛있어요
창가앉으세요",4
서울부띠끄,주문을 잘 못 받고는 죄송하다는 말 일절없음,1
서울부띠끄,"별점 0점이 없어서 1점 주네요. 일하는데 체계도 없어서 가게앞에서 웨이팅은 엄청 많은데 알바분들은 설렁설렁 다니면서 지인이랑 떠들고 그러네요. 결국 웨이팅하던 10팀정도 다 떠나고 저희도 아무런 소식이나 이야기도 없이 2시간을 넘게 기다리다가 나왔네요. 앞에서 보니까 빈 테이블도 일부로 안치우는 것 같고, 메뉴도 자꾸 잘못 전달되고 그러는데 제대로 교육시키는 것이 좋을 것 같습니다. 괜히 리뷰에 서비스 지적이 많은게 아니네요.",1
서울부띠끄,와인을 .. 이컵에 ?,3
서울부띠끄,음식도 맛있고 분위기도 좋았어요 :),5
서울부띠끄,ㅇ곱창까르보나라 맛있어요,4
서울부띠끄,평이 좋길래 가봤는데 괜찮네요,4
서울부띠끄,마싯는데ㅜ,5
서울부띠끄,"장점: 예쁨. 딱 인스타용. 술잔도 예쁨. 예쁨. 
단점
- 예약을 미리해도 자리는 진짜 ㅎㅎ 뭐 이건 넘어가겠음
- 계단이 매우 가파름 불편함 
- 추움 실내지만 코트를 입고 싶음 
- 규모 대비 직원 수가 너무 없음 음식 나오는 속도는 상관없는데(느리게 먹음) 그 외에 모든게 문제임 필요한게 있음 내가 움직이는오백배 빠름
- 가성비는 안 좋음. 우리는 1인 2메뉴 + 술 먹음. 
- 맛이 대단하게 좋은 건 아님. 

결론: 예쁜 것 빼고 별 1개짜리임",2
서울부띠끄,평타는 친다. 치킨로제파스타 맛있음. 피쉬엔칩스는 별로임. 분위기는 조금 시끌시끌해서 생각만큼 아늑하지않음. 가격대비 쏘쏘 먹을만함,3
서울부띠끄,분위기가 좋고 사진 찍으면 이쁘게 나와요. 음식도 평타 이상은 하는 것 같고요. 다만 간이 좀 쎄고 찾아가기 힘들어요,3
서울부띠끄,"찾아가기 힘들단 리뷰들 땜에 안 가려다 갔는데 안 갔음 후회할 뻔! 서울 도심 가게 대부분이 그렇지만 차로 가기는 애매하고 서울역 15번 출구로 나오면 찾아가기 안 어러워요. 음식은 평타인데 루프탑이나 2층 창가 뷰, 무드가 최곱니다. 재방문 의사 있음. 다만 1층-루프탑까지 직원 커버가 다 안 되다보니 주문 전달방식(손님이 인터폰으로 가서 직접 말해야함)이 너무 불편하고, 추가 주문시 너무 함흥차사라... 별 하나 뺍니다. 각 층에 전담서버 있어야 할 듯. 아참 근데 먹을 땐 신경안쓰고 클레임 안 걸었는데 수란 버섯 샐러드 시켰는데 눈씻고 찾아봐도 수란의 수 자도 안 보였음. 취해서 걍 넘어갔는데 꼭 좀 알고싶음... 수란땜에 시킨 건디...",4
서울부띠끄,이층뷰가 괜찮은지는 올라가보지도 못해서 모르겠지만 다들 이층뷰가 좋다니 좋겠죠?? 이층에 자리가 다 찼다하면 그냥 안가는 걸  추천드립니다 ^^ 자리이동도 안되네요,3
서울부띠끄,"여기 음식도 만리단길 방문자로써 너무 좋다.
다만 2층의 주문 방법은 좀...
(그래서 별 하나 빠짐)
인터폰으로 주문하라는게 처음에 너무 빵터지고 웃겼는데..
은근 불편함!
직원이 올라왔음에도 주문은 인터폰으로 하라고 함 ㅋㅋ
3번 방문했지만 2층은 적응 안됨!
대체적으로 바질을 많이 쓰는 느낌?
내가 바질을 좋아해서 그런가 
음식은 정말 괜찮음!",4
서울부띠끄,서울부띠끄.. 밖에서 보기엔 예쁜 공간인데..(아직 못가봄;),3
서울부띠끄,음식은 맛있으나 그릇이 깨져 나옴. 그것도 나오는 그릇마다 다 깨져 있음. 부띠끄 컨셉에 맞게 일부러 갈으신거라면 리스펙! 음식 먹다 그릇 조각도 먹을거 같은 느낌적인 느낌...ㅜㅜ 분위기도 좋고 음식 맛도 괜찮았지만 전반적인 위생은 글쎄..무엇보다 화장실 정말 빈티지 스러움,3
서울부띠끄,음식은 맛있는데 뭔가 왠지 서비스가 넘별로에요,2
서울부띠끄,"음식 간이 전부 세다. 즉, 짜고 맵다. 양은 적고, 그렇다고 맛이 특별히 좋은것도 아니다. 그에반해 가격은 적당하지 않다. 맛이 좋거나, 양이 많거나 했다면 그냥저냥 했을 집. 물론 서울에 있는 음식점이 타지역대비 가격대가 높음은 이해하나, 이 맛에, 이 양에, 이 서비스에, 굳이 이 돈 주고 사 먹고싶은 생각은 전혀 없다. 서빙하는 사람들도 일일 알바생같은 느낌이고.  사람들 별점 준 거 보면 신기하긴 함. 음식 플레이팅은 이쁘게 해서 나오는게 딱 전형적인 블로그 맛집임. 알아두고 가시길.",1
서울부띠끄,"원래 가려던 곳이 문 닫아서 즉흥적으로 갔는데 기대 없이 가서 그런지 맛있었음 
메뉴가 엄청 많아서 다 못 맛본게 아쉬웠음
곱창파스타랑 불고기 피자? 먹었는데 둘 다 맛있었음
창가 자리는 아니었지만 뷰도 좋아보였고 내부도 예뻐서 분위기 좋음
아쉬운건 2층 가는 계단이 위험할 정도로 가파름... 원래는 2층에서 주문을 인터폰으로? 한다는데 설명을 잘 안해주셔서 내려갔다 옴 ㅠ 이거 먹으러 멀리서 올 정도는 아니지만 근처 산다면 분위기 내러 먹으러 올만 함!",4
서울부띠끄,"전체적으로  맛있고 분위기 좋았어요. 
저녁시간에  음식이 좀 늦게나온편인데
맛은 좋았어요. 서울역 가면 또 재방문의사있어요",5
서울부띠끄,"서울역 근처 갈 만 한 곳인듯. 
와인리스트는 좀 아쉽네요.. 콜키지 되면 좋을 것 같아요",4
서울부띠끄,"다신안감.
 일하는사람들이  다뻣뻣  손님대응하는데  기본은 커녕   헐  손님이 누군지
사장이 직원들 기본 안가리키나봄.

맛   대비 가격 비쌈.
서비스 원하지  않음
직원들 목 기부스  인간적으로  
웃으며 대응해도  될까하는데
손님을  내려다보는 느낌 ㆍ
느껴봐야알음ㆍ
이런곳 처음

자리도  원하는데  못안고 
다   예약자리래",1
서울부띠끄,"음식이 맛은 있는데 다 짜요 샐러드도 ㅎㅎ 
짜지않게 해달라고 말씀하세요",2
서울부띠끄,깨진 접시에 음식 내어주는집,1
서울부띠끄,곱창파스타도 시금치인가 바질파스타? 둘다 맛있게 먹었다. 분위기도 좋다,4
서울부띠끄,손님을 쫒아내는 곳,1
서울부띠끄,"분위기, 음식, 와인 정말 최고입니다.
다만, 여자 종업원은 정말 최악이네요.

주문할려고 부르면 짜증가득한 얼굴로 주문 받고, 추가 요청하면 짜증섞인 목소리로 응대 그리고 결국 요청한 다섯개중에 다섯번을 다 무시해서 결국 다른분에게 요청했습니다.

기분좋게 여자친구와 방문해서 마치 갑질을 역으로 당하는 느낌이였습니다. 이주전에 방문했을때의 그 친절한 남자 서버분들과는 극과극인 방문 후기여서, 당혹을 감출수가 없네요.",3
서울부띠끄,다 친절하시고 음식도 맛있었어요 화장실이 조금 불편하고 계단이 너무 높지만 서울역 근처 간다면 간단히 먹기 좋아요,5
서울부띠끄,요기 맛있고 친절함,5
서울부띠끄,굳이...,4
서울부띠끄,"직원분들 친절하심👍

근데 고르곤졸라 피자 주문했는데 엥? 이게 뭐지 땅콩 패스츄리빵 같다. 약간의 실망 ㅠㅠ",3
서울부띠끄,분위기 넘 좋고 명란 파스타 또 먹으러 갈거에요😍😍😍,5
서울부띠끄,계단이 가파른것 같으면 1층에서 먹으면 되는데.....,4
서울부띠끄,"그냥 무난무난~ 괜찮음 
나쁘지 않은 정도임 
호가든 로제 생맥이 굿굿",3
서울부띠끄,나쁘진 않은데 2층 불편해요,3
서울부띠끄,음식은 맛있어요. 건물 내부나 식기 청소가 잘 안돼서 지저분한 느낌이 많고 직원들이 너무 불친절해요. 재방문할 의사는 없어요.,1
서울부띠끄,"보통 주류를 파는 곳은 파스타 맛집이라고 표현할 수 없는데 여긴 진짜 피자, 파스타 다 넘 맛있었어요! 6시부터 하나둘 자리가 다 차고 진짜 인기많은 곳이네요🥹🥹✨️",5
서울부띠끄,맥주 시켰는데 30분넘게걸림. 가뜩이나 평일이라 시간도 없는데 답답했음,2
서울부띠끄,친구들이랑 같이 갔는데 루프탑 분위기도 좋고 음식도 맛있었어요!! 직원들 분들도 친절했어요!!^^,5
서울부띠끄,맛 없고 가격도 참... 주변에 좋은 곳 많으니까 다른데 가세요. 화장실 남녀공용에 더럽고 전체적으로 가게가 꼬질꼬질함 특히 가게 계단 난간이 가팔라서 너무 위험해보임..,1
서울부띠끄,앞에서 대기하라고만 하고 대기장소가 없이 길가에서 기다려야 하는 것도 불편했는데 주문 받아놓고 30분 넘게 안나와서 보니 주문이 안들어갔다고... 맛도 그냥 그래서 재방문 의사 없네요 만리재고 핫플이란 장소의 메리트만 있을뿐.,1
서울부띠끄,"믿고걸러라 음식은 ○○○○○, 피자 도우 냉동보다 맛없., 그외 음식 쓰레기. 여기는 거르고 주위 다른집 ㄱ ㄱ아 가격은 고급 !!! 가격은 최상가격ㅋㅋ",1
서울부띠끄,"서비스랑 냄새같은거 걱정했는데 딱히 못느꼈고
평소에 이시간에 가던곳들은 진짜 시끄러운데 여기는 분위기랑 대화소음이 적당해서 운치있고 좋았어요 (2층)

음식도 기대 안했는데 진짜 개맛있음..... 4명이서 베고픈 상태에서 4개 시켰는데 평타 이상의 맛에 행복했음.... 충분히 배불렀어요
ㄹㅇ 다음에도 오려고요 ㅠㅠㅠㅠ",5
서울부띠끄,아주 최악은 아니었지만 다시 가고 싶지는 않은 식당. 식당 분위기는 너무 시끄럽지 않고 차분해서 좋았지만 그외에는 딱히 볼 것이 없었다. 메뉴판 앞에 직원이 불친절할시 알려달라? 뭐 그런 문구가 있어서 &lsquo;여기 직원 교육 엄청 확실하게 시키나보다. 친절하겠다&rsquo;라고 생각했는데 엥??? 다들 일하기 싫은 표정에 서빙해주는 여자 분은 무표정으로 음식 들고 와서 아무 말도 없이 대충 식탁에 놓고 가버렸다. 일단 다들 정말 일하기 싫어 보였다. 음식 가격은 서울이라 그런지 꽤나 비싼 편이었고 맛은&hellip; 상당히 실망스러웠다. 못 먹을 정도로 맛이 없다! 이런 것은 아니지만 손이 가지 않는 맛? 가격 대비 맛이 너무 아쉬웠다. 서비스가 좋았다면 더 맛있게 느껴졌을까?,3
서울부띠끄,"진짜 음식이 늦게 나오고, 알바생 표정 리뷰가 있던대 뭔말인지 이해가 됨ㅋㅋㅋㅋㅋ",2
서울부띠끄,"서울역에서 파스타와리조또 먹으면서 맥주한잔하기에 딱 좋아요~
직원분들도 친절하네용~^^",5
서울부띠끄,음식 맛 괜찮네요. 날 좋으니 분위기가 더 좋은거 같습니다.,5
서울부띠끄,사장님껜 죄송한 말이지만 저는 비추천입니다. 소보로 고르곤졸라피자를 시켰었는데 서버분께서 아무 말씀도 없이 그냥 놓고 가시더라구요. 나이프도 주지 않으셨고 무엇보다 맛이 너무너무 아쉽습니다. 음식을 남겼습니다.. 그리고 11월인데 에어컨 18도라니요.. 개선하셔서 번창하셨으면 합니다. 인테리어와 분위기는 정말 멋집니다,1
서울부띠끄,"음식은 맛있었으나, 조리 흄이 매장 내로 뿜어져 나와 매케한 연기로 인해 숨을 쉴수 없을 정도로 엄청난 기침을 유발하는 식당. 홀 중앙 에어컨에 들러붙은 시커먼 그을음과 실내 곳곳에 새겨진 검댕 자국이 이를 증명. 폐암 걸리기 딱 좋은 환경임. 기본이 덜된 이런 식당이 서울 한가운데에서 서울 이름 달고 있는 점이 안타까움.",2
서울부띠끄,"회사가 근처에 있어 방문해 보았는데 
분위기도 너무 좋고 일단 음식이 골고루 너무 너무 맛있었습니다 👍👍👍
연말에 지인들과 와인과 음식 함게 먹기 너무 좋았고 와인도 종류가 많아서 좋았습니다
가성비도 좋은 맛집이었습니다 
연말에 재방문 해야할것 같아요",5
서울부띠끄,"서울역 뒤편 만리재고개 쪽에 위치한 식당인데,  신상출시편스토랑 65회에 출연한 곳이라고 합니다. 루프탑도 있지만 올라가는 계단이 너무 가파르고 위험해서, 술 드신 분들은 정말 조심해야 합니다. 매주 한잔하기에 좋은 분위기 힙한 곳입니다. 위생이나 친절 부분은 다소 개선이 필요해 보입니다.",3
서울부띠끄,"메뉴 다 맛있더라구요. 주말에 오픈런해야되는지 모르고 오픈정시에 맞춰서 갔다가 좀 기다렸네요ㅎㅎ
그래도 음식도 빨리 나오는 편이고 맛있었어요",4
서울부띠끄,"맛있게 먹고 갑니다.
창문 활짝 열고 봄날을 만끽했네요
하이볼과 함께 즐거운 시간 보내고 갑니다~^^",4
서울부띠끄,"손씻으러 화장실 갔을 때 지저분해서 충격먹고
김치치즈 불고기 리조또는 집에서 먹는 김치 볶음밥이랑 무슨 차인지 모르겠음...
직원들도 별로 안 친절함...
가격 대비 맛이 너무 평범해서 비추",2
서울부띠끄,"가리비 파스타 - 가리비 통통한게 맘에드나 해물이 더 들어갔음 좋을듯
곱창 리조또 - 생각보다 더 매워서 맴찔이는 치즈 추가해야함
분위기나 가성비 생각하면 괜찮~~",4
서울부띠끄,눈 오는날 저녁에 가서 그런지 분위기도 더 좋았고 음식도 빨리 나오는 편. 직원들도 다 친절하심!! 음식도 맛있음. 또 갈 의향 아주많음,5
석돈,점심 김치찌개 맛있네요,5
석돈,좋아요~,5
석돈,분위기도 좋고 너무 맛있네요~ 금액도 생각보다 괜찮았구요! 서울역에서 대접 할때 방문하면 후회 안하는 음식점 입니다! 추천합니다~,5
석돈,"평가에 별점 낮게 준 경우만 명예훼손으로 신고하셨더군요. 제가 별점 3을 줘서 절 신고하셨던거 같은데 소명자료를 낼까 하다가 차라리 이렇다는 사실을 알리는게 더 나을것 같아 이렇게 다시 평가글을 올립니다. 물론 제 입에 맛없는 부분도 있었지만 맛있게 먹은 것도 있어 평가글을 썼는데 이런 식으로 명예훼손으로 신고 당하고 나니 다시는 이 집에는 가지 않으려고 합니다. (저 말고도 별점 낮게 준 분들은 다 신고당했을 거에요)

객관적으로 제 평가글이 명예훼손에 해당하는지 정말 진심 궁금하네요!!",1
석돈,보통,1
석돈,불만족했어요,1
석돈,"김치찌개. 돈까스. 함박스테이크 다 맛있어요~
특히 토마토파스타는 매우 만족~^^
초밥도 괜찮긴했는데.. 모듬초밥 16000원은 좀 비싼듯해요~

최근에 다시가봤는데 스파게티가 없어졌네용~",4
석돈,"홍대에 2호점 있을때부터 단골이었어요
홍대점 접으시고 본점 자주 갔었고... 지방 친구들 서울오면 단골집이라며 데려가는 집이었어요
친구들 생일날 꼭 갔었구요
생일이라고 하면 대왕 스피커 가져오셔서 생일노래랑 와인폭포 만들어주시면서 와인 서비스 주신거 생각나네요 ㅎㅎ
 찹스테이크 메뉴 접으셨다고 하셔서 그뒤로 못 갔는데 아지트같은 가게라 종종 생각났어요
못간게 벌써 3년쯤 되었습니다ㅜㅜ자주 가서 사장님하고도 안면 텄었는데 지금은 잊으셨겠죠..?
친구는 치킨스테이크만 먹었는데 사라져서 아쉬워요
그래도 메뉴 업데이트가 최근인거보니 폭찹스테이크 살아난거 같아서 반갑네요
조만간 가봐야겠어요",5
석돈,이베리코 돼지 전문점으로 음식 맛이 좋았네요.,4
석돈,고기 질도 좋고 밑반찬도 맛있네요 매장도 넓어서 코로나 끝나면 회식하러 와야겠습니다!,5
석돈,"평가에 별점 낮게 준 경우만 명예훼손으로 신고하셨더군요. 제가 별점 3을 줘서 절 신고하셨던거 같은데 소명자료를 낼까 하다가 차라리 이렇다는 사실을 알리는게 더 나을것 같아 이렇게 다시 평가글을 올립니다. 물론 제 입에 맛없는 부분도 있었지만 맛있게 먹은 것도 있어 평가글을 썼는데 이런 식으로 명예훼손으로 신고 당하고 나니 다시는 이 집에는 가지 않으려고 합니다. (저 말고도 별점 낮게 준 분들은 다 신고당했을 거에요)

객관적으로 제 평가글이 명예훼손에 해당하는지 정말 진심 궁금하네요!!",1
석돈,"폭찹스테이크 너무 맛있고
감튀도 정말 맛있어요.!
가격도 괜찮고 양도 많았어요.

가게 분위기도 이뻐요.",5
석돈,점심 김치찌개 맛있네요,5
석돈,좋아요~,5
석돈,분위기도 좋고 너무 맛있네요~ 금액도 생각보다 괜찮았구요! 서울역에서 대접 할때 방문하면 후회 안하는 음식점 입니다! 추천합니다~,5
석돈,고기 질도 좋고 밑반찬도 맛있네요 매장도 넓어서 코로나 끝나면 회식하러 와야겠습니다!,5
석돈,"폭찹스테이크 너무 맛있고
감튀도 정말 맛있어요.!
가격도 괜찮고 양도 많았어요.

가게 분위기도 이뻐요.",5
석돈,보통,1
석돈,불만족했어요,1
석돈,"김치찌개. 돈까스. 함박스테이크 다 맛있어요~
특히 토마토파스타는 매우 만족~^^
초밥도 괜찮긴했는데.. 모듬초밥 16000원은 좀 비싼듯해요~

최근에 다시가봤는데 스파게티가 없어졌네용~",4
석돈,"홍대에 2호점 있을때부터 단골이었어요
홍대점 접으시고 본점 자주 갔었고... 지방 친구들 서울오면 단골집이라며 데려가는 집이었어요
친구들 생일날 꼭 갔었구요
생일이라고 하면 대왕 스피커 가져오셔서 생일노래랑 와인폭포 만들어주시면서 와인 서비스 주신거 생각나네요 ㅎㅎ
 찹스테이크 메뉴 접으셨다고 하셔서 그뒤로 못 갔는데 아지트같은 가게라 종종 생각났어요
못간게 벌써 3년쯤 되었습니다ㅜㅜ자주 가서 사장님하고도 안면 텄었는데 지금은 잊으셨겠죠..?
친구는 치킨스테이크만 먹었는데 사라져서 아쉬워요
그래도 메뉴 업데이트가 최근인거보니 폭찹스테이크 살아난거 같아서 반갑네요
조만간 가봐야겠어요",5
석돈,이베리코 돼지 전문점으로 음식 맛이 좋았네요.,4
석돈,"맛은 괜찮고 특히 항정살 괜찮음. 근데 반드시 창가자리에만 앉으시길. 중앙 쪽은 미친듯이 덥고 연기가 자욱해서 돼지고기를 먹던 사람이 마치 스스로가 훈연한 돼지가 된 것 같은 새롭고 놀라운 기분을 느낄 수 있음. 
그리고 테이블 밑이 뜨거워서 코타츠인줄. 바지나 치마에 기름 묻을 수 있으니 조심. 아 바닥 미끄러워서 스케이트 탈 수 있습니다. 이것도 조심.",1
석돈,"뭔가 어색하고 이질적으로 난해한 공간
그래서 몇 번은 더 와보고 싶은 공간",4
석돈,"뭔가 어색하고 이질적으로 난해한 공간
그래서 몇 번은 더 와보고 싶은 공간",4
석돈,"맛은 괜찮고 특히 항정살 괜찮음. 근데 반드시 창가자리에만 앉으시길. 중앙 쪽은 미친듯이 덥고 연기가 자욱해서 돼지고기를 먹던 사람이 마치 스스로가 훈연한 돼지가 된 것 같은 새롭고 놀라운 기분을 느낄 수 있음. 
그리고 테이블 밑이 뜨거워서 코타츠인줄. 바지나 치마에 기름 묻을 수 있으니 조심. 아 바닥 미끄러워서 스케이트 탈 수 있습니다. 이것도 조심.",1
오소오소 서대문직영점,회식장소 좋아요,5
오소오소 서대문직영점,"고기맛있음 직원들친절함
점심메뉴들 다 괜찮음!!
저녁엔 충정로 서대문주변 직장인들에게 회식국룰장소같음",4
오소오소 서대문직영점,소고기 마이쪙,4
오소오소 서대문직영점,"합리적인 가격에 괜찮은 소고기 먹었네요 ㅋ 목욜 저녁에 갔는데 손님 많았고요. 회식으로 시끄러운 점 때문에 별 한개 뺐어요 ㅋ 목,금 저녁만 피해가시면 될듯",4
오소오소 서대문직영점,"아주 맛있어요.
저렴한 가격에 숯불 고기~
돼지갈비랑 특양구이가 좋아요.",5
오소오소 서대문직영점,"먹을만합니다. 가격도 이정도면 착하구여  그러데 소주가 메뉴판에 없어 얼마냐고 물어보니
4500원이랍니다. 그렇게 받으셔도되는데  얼마에 먹는지는 알고먹어야하지않겠습니까? 사장님",3
오소오소 서대문직영점,단체 회식 장소로 추천,4
오소오소 서대문직영점,단체 회식 장소로 추천,4
오소오소 서대문직영점,친절하진 않지만 고기 맛있어요,4
오소오소 서대문직영점,"아주 맛있어요.
저렴한 가격에 숯불 고기~
돼지갈비랑 특양구이가 좋아요.",5
오소오소 서대문직영점,"영업시간 업로드도 제대로 안 해놔서 허탕침
이런 건 고객과의 약속 아닌가?",1
오소오소 서대문직영점,"합리적인 가격에 괜찮은 소고기 먹었네요 ㅋ 목욜 저녁에 갔는데 손님 많았고요. 회식으로 시끄러운 점 때문에 별 한개 뺐어요 ㅋ 목,금 저녁만 피해가시면 될듯",4
오소오소 서대문직영점,"고기맛있음 직원들친절함
점심메뉴들 다 괜찮음!!
저녁엔 충정로 서대문주변 직장인들에게 회식국룰장소같음",4
오소오소 서대문직영점,"영업시간 업로드도 제대로 안 해놔서 허탕침
이런 건 고객과의 약속 아닌가?",1
오소오소 서대문직영점,가성비는 괜찮은데 뿔테 쓰신.. 남직원인지 사장님인지 불친절,2
오소오소 서대문직영점,맛도 드럽게 없고 불친절해요,1
오소오소 서대문직영점,친절하진 않지만 고기 맛있어요,4
오소오소 서대문직영점,회식장소 좋아요,5
오소오소 서대문직영점,회식하기 좋은 곳,4
오소오소 서대문직영점,"토요일 점심때 방문.
불 만질때 쓰는, 두꺼운 목장장갑을 끼고 서빙.
기름에 절어 끈적이는 의자.
마스크 안쓰는 주방직원.
해동도 안된 딱딱하게 얼어있는 소고기.

위생상태 나쁨.
고기 퀄리티 나쁨.
최악의 점심.",1
오소오소 서대문직영점,맛은 나쁘지않은데 조금 불친절하시고 다소 정신없고 시끄러워요.,3
오소오소 서대문직영점,소고기 마이쪙,4
오소오소 서대문직영점,가성비는 괜찮은데 뿔테 쓰신.. 남직원인지 사장님인지 불친절,2
오소오소 서대문직영점,"먹을만합니다. 가격도 이정도면 착하구여  그러데 소주가 메뉴판에 없어 얼마냐고 물어보니
4500원이랍니다. 그렇게 받으셔도되는데  얼마에 먹는지는 알고먹어야하지않겠습니까? 사장님",3
오소오소 서대문직영점,맛은 나쁘지않은데 조금 불친절하시고 다소 정신없고 시끄러워요.,3
오소오소 서대문직영점,맛도 드럽게 없고 불친절해요,1
오소오소 서대문직영점,회식하기 좋은 곳,4
오소오소 서대문직영점,"토요일 점심때 방문.
불 만질때 쓰는, 두꺼운 목장장갑을 끼고 서빙.
기름에 절어 끈적이는 의자.
마스크 안쓰는 주방직원.
해동도 안된 딱딱하게 얼어있는 소고기.

위생상태 나쁨.
고기 퀄리티 나쁨.
최악의 점심.",1
유즈라멘 만리동점,"라면 육수에 은은한 유자향이 있어 부담없이 느글거리지 않고 계석 먹을수 있었음 
국물도 진하면서도 은은한 유자향이 거슬리지도 않고 정말 맛있었으며 차슈도 부드럽고 불맛이 일품이었음 게다가 가라야게는 바삭하니 소스와 정말 잘어울려 술이 절로 들어가게 되었음 다만 웨이팅이 다소 있어 시간대를 잘 정해야함",5
유즈라멘 만리동점,"라멘을 안 좋아하는데 이 집은 웨이팅을 해서라도
1년에 한번은 꼭 먹는 집
근데 1시간 웨이팅은 너무 힘듬 ㅠㅠ",4
유즈라멘 만리동점,주말 오픈런 해서 먹었는데 최고.. 완전 특색있고 존맛탱이라 또 가려구용,5
유즈라멘 만리동점,"유즈라멘은 첫 입부터 유자 향이 은은하게 퍼지며 국물의 깊은 맛과 잘 어우러졌습니다. 라멘 특유의 무거운 느낌보다는 산뜻하고 가벼운 느낌이 강해서 부담 없이 즐길 수 있었고, 특히 국물의 조화가 일품이었습니다. 
라면의 면은 적당히 쫄깃하고 식감이 좋았으며, 토핑으로 올려진 차슈 고기는 두껍고 불맛이 가득했어요. 국물은 다른 라멘과 달리 구수한 느낌 보다는 매운맛은 마라 느낌도 났어요.
계란을 추가적으로 하나 더 주문해서 2개를 먹었는데 맛있네요.
라멘의 면과 국물은 추가적으로 무료로 서비스로 제공합니다.
추가로 주문한 면은 부추김치와 잘 해치웠어요.
대기 시간은 주말 일요일 저녁 시간대에 방문했는데 개최 테이블 예약 시점으로 메뉴가 나오기까지 약 30분 걸렸어요.
확실히 인기가 있는 웨이팅 맛집입니다!",4
유즈라멘 만리동점,"처음에 훅 치고 올라오는 유자향, 시오라멘임에도 불구하고 진한 국물, 탄탄한 면. 맛있었습니다.",5
유즈라멘 만리동점,"맛은 진짜 있는데요, 혼자 온 손님을 너무 홀대함... 몸을 웅크려서 겨우 먹어야할 자리에 앉으라하고... 너무함",1
유즈라멘 만리동점,산뜻 깔끔하면서도 뭔가 모자라다는 느낌을 주지않는 이상적인 쇼유라멘.,4
유즈라멘 만리동점,유자맛남,2
유즈라멘 만리동점,그저그래요 웨이팅 거의 안했는데도 ㅂㄹ.,2
유즈라멘 만리동점,일본 유명 라멘집에 뒤지지 않는 맛집.. 여전히 맛집. 24.12.29 일본 라멘집을 능가하는 듯.,5
유즈라멘 만리동점,음&hellip;.. 유명하다는데 이유를 모르겠네 사람 입맛 많이 탈듯 난 불호였음,2
유즈라멘 만리동점,"국물의 깊이, 얇은 면, 향이 진한 차슈, 그외의 토핑들 그리고 무한리필. 저는 이곳의 부추김치에 환장합니다. 라멘과 정말 잘 어울리는 부추김치가 사람 미치게 만들어요. 꼭 가보셔서 리필해가며 드시고 부추김치와 곁들여 드시길 바랍니다.",5
유즈라멘 만리동점,무난무난 웨이팅할 가치가 있는지는 잘모르겠네요,3
유즈라멘 만리동점,"맛집이라 할만큼 맛있다.
유즈시오: 유자향이 생각보다 강하지 않아서 아쉬웠다. 얇은 면빨은 내취향이 아니지만 적당히 깊은 국물맛과 곁들이는 루꼴라, 두툼한 차슈는 내취향. 서울역에 들릴 일이 있다면 가보시길 추천.",4
유즈라멘 만리동점,응대가 너무 불친절.. 이렇게까지 먹을 맛인지는 모르겟어요,1
유즈라멘 만리동점,유자의 상큼함때문에 덜 물리게 먹을 수 있는 좋은 식사!,4
유즈라멘 만리동점,특이하고 괜찮은데 30분 1시간 웨이팅할 정도는 아닌,4
유즈라멘 만리동점,"예쁜 가게. 맛있는 라멘, 합리적인 가격.

라멘에 넣어먹는 유즈 소스가 정말 킥임. 국물에서 과일향이 나는 걸 좋아하지 않는다면, 빼고 먹어도 맛의 균형이 상당히 잘 잡혀 있음.
면과 육수는 계속해서 추가할 수 있다는 점도 상당히 마음에 드는 집. 다만 대기가 길기 때문에 애매한 시간대에 가거나 캐치테이블로 미리 예약하고 가시길 추천드려요~! 자신있게 추천드립니다.",5
유즈라멘 만리동점,"맛있긴 한데 양이 적음
웨이팅할정도 아님",3
유즈라멘 만리동점,"유자라멘(시오) 처음 먹었는데 나름 조화로워서 놀람.
유자원액을 셀프로 넣을 수 있는데 조금만 넣는거 추천.
면, 육수가 무한인데 반정도 추가하면 딱 맞음.",4
유즈라멘 만리동점,라멘의 느끼함을 유자가 잘 잡아주죠! 유즈라멘 맛있어요 서울역 맛집. 츠케멘도 굳,4
유즈라멘 만리동점,맛이 없는 건 아닌데 웨이팅 할 정도는 절대 X,3
유즈라멘 만리동점,그정도인가..,4
유즈라멘 만리동점,걍 개맛있음,5
유즈라멘 만리동점,"시오라멘 국물 굿굿
점심시간 웨이팅 있어요 그리고 정신없어요...직원분들이...바쁘신건 알지만...🥲",4
유즈라멘 만리동점,유지향이 너무 좋아요! 면 육수 모두 최고,5
유즈라멘 만리동점,"유자향땜에 느끼하지 않고 맛있게 먹었어요.
차슈 추가했는데 안해도 될정도로 차슈가 왕두툼해서 먹으면 완전 든든해요!
가라아게도 맛있었습니다!",5
유즈라멘 만리동점,"트러플오일이 문제인건지 음식 나오고 나서 거의 10여분 동안 제 요리에서 아세톤 향이 나서 힘들었습니다 다른 메뉴 세 번이나 먹을 때는 이런 적이 없었는데&hellip;. 별관이고 뭐고 사람 열~~~~~~~라 많아서 개힘들어요 제발 트러플말고 다른 거 먹을 사람은 안국가세요 트러플도 추천하진 않습니다  오일양을 조금으로 선택하든 해야할 것 같아요 루꼴라랑 붙었을 때 특히 심한 거 같아서 기본 토핑에서 그걸 빼든 먹는 사람이 빼두든 해야할 것 같네요 재료 조합되면서 화학적 변화 뭐 이런 거 땜에 그런 냄새가 느껴지는 것 같아요 트러플은 기본 토핑이 빈약한 편이라 차슈든 김이든 추가하길 추천
아세톤 냄새 때문에 별 하나 주고 싶었는데 안국에서 다른 메뉴맛있게 먹었었기 때문에 그냥 의리로 별 하나 더 줍니다. 사람 계속 들어와서 문을 열어두는데 바의자라 외투를 입고 있을수도 없고 난감합니다 주문 호명하는 거 때문에 계속 정신이 없어요",2
유즈라멘 만리동점,라멘도 맛있는데 가라아게도 꼭 드셔보세요,5
유즈라멘 만리동점,"또 가고싶지만 웨이팅을 기다릴맛은 아니야

은은한 유자향이 물리지않게 해줍니당
웨이팅없이 먹을만한 맛!😂

부추김치는 제 기준 너무 익은편이라.. 별로였고
나무 숟가락은 사용하기 싫어요🥲",4
유즈라멘 만리동점,"웨이팅 없으면 맛있게 먹고 나올 수 있는 곳
웨이팅 길면 굳이?
그리고 나무식기는 개인적으로 우우우...🙄",3
유즈라멘 만리동점,"웨이팅 길어요
맛은 있는데 기다릴 정도 아니고
웨이팅 없어도 굳이 찾아갈 정도 아님...

참고로 캐치테이블 하고 들어오라하면 키오스크 주문하고 또 다시 기다리고 부르면 먹는 시스템",3
유즈라멘 만리동점,무조건 시오라멘에 유자즙 뿌려 드세요,5
유즈라멘 만리동점,"맛,가격,친절한 직원분들 다 좋습니다...다만 너무 맛집으로 소문나서 웨이팅이 길어요 ㅠ",4
유즈라멘 만리동점,웨이팅 불편하고 공간이 너무 협소하지만ㅠㅠ 진짜 계속 생각나는 맛이라 저의 또간집이에요..! 유자소스가 물림을 최소화해주고 차슈가 너무 맛있어요. 면 리필도 가능하고 또 먹으러올게요😍,5
유즈라멘 만리동점,너무 맛있어 서울역 근처 자리잡고 살고 싶음. 안국에 도마보다 협소하고 웨이팅 길어도 확실히 본점이 더 맛있음.,5
유즈라멘 만리동점,"최애 라멘집
웨이팅 없이 워크인으로 바로 먹을수 있었을때가 너무 그리움",5
유즈라멘 만리동점,"시오라멘의 담백함 유자향이 정말 미쳤습니다.
담엔 소유라멘도 먹어보고 싶네요.",5
유즈라멘 만리동점,인생 라멘.,5
유즈라멘 만리동점,"유자를 킥으로 하는 청탕 라멘집이에요. 본점입니다. 서울역에서 7분 거리로 기차 기다리가 시장할 때 오기 좋습니다. 추천 메뉴인 시오라멘과 쇼유라멘을 주문했어요. 면과 육수, 유자즙 리필 가능하며 타래 요청할 수 있어요.

통밀가루로 직접 뽑으신 얇은 면을 사용하는데 입에서 다발로 부드럽게 부서지는 식감입니다. 호소멘인지라 국물이 잘 베어 간도 딱이었어요. 돼지 차슈도 맛있었습니다. 루꼴라 토핑도 유자와 궁합이 넘 좋았네요.

국물은 시오라멘답게 라이트한데 깊습니다. 가게 내부에 적힌 맛에 대한 설명 그대로입니다. 멸치와 다시마, 닭의 근본 재료에서 오는 감칠맛과 향미유에서 오는 풍미가 좋았어요.

매운쇼유라멘과 시오라멘 둘 다 유자의 향과 산도가 끝에서 교통정리를 해줍니다. 매운쇼유라멘도 맛있었지만 시오만큼 깊은 맛이 나지 않아 저는 시오라멘을 추천하고 싶어요.",4
유즈라멘 만리동점,"두번째 방문이었어요!
처음 방문했을 때 너무 맛있어서 한번 더 방문해야겠다고 찜해놨었는데 1년 반 지난 지금에도 너무 맛있네요ㅠ🥹 차슈도 엄청 두툼하고 부드럽고, 얇은 면 좋아하는 사람들에게 딱이에요ㅎㅎ",4
유즈라멘 만리동점,유자소스 더 넣어서 먹어야함 진짜 무조건.. 계속 생각나는 맛ㅜ,5
유즈라멘 만리동점,"라멘 맛있네요~ 국물도 기름져서 좋고 면 식감도 좋고, 차슈도 입맛에 딱 맞았습니다.
웨이팅이 넘넘 길다는게 단점",5
유즈라멘 만리동점,츠케맨 너무 좋아요 ㅠㅠ 웨이팅이 항상 길지만 그래도 너무 맛있습니다,4
유즈라멘 만리동점,"평타가 될까말까한 라멘
고기가 맛자체 나쁘지않았는데
너무 느끼해서 국물이랑 잘 어울려지지않음 
국물에 유자향이 많이 느껴지지않음 그래서 좋음
재료,조미료 자체에도 예민하고
라멘집 여러군데 다녀봤는데 여긴 그냥 인스타사진용ㅋ 맛 자체로 오실거면 기대하지마세요

※ 조미료 안 좋아하는 사람도 자극적인거 싫어하는사람도 맛없게 느껴짐※

결론:국물만 팔면 더 잘 될듯?",2
유즈라멘 만리동점,와 뭔데,5
유즈라멘 만리동점,"운좋게 웨이팅 거의 안하고 유자시오라멘 먹었는데
아쉽게도 기대에 못미치는 맛
육수 깔끔하고 유자향 나는건 나쁘지않았는데
두꺼운 차슈는 냄새가 좀 났고 토치질도 좀 과했음
차라리 얇게 써는편이 낫다 싶음. 면도 쏘쏘..
먹다가 뭔가 기름지고 느끼해서 유자소스 뿌려서 
조금 더 먹다가 그냥 반 정도 남기고 나왔음
물에 유자소스 타서 마신게 제일 기억에 남았다...
밖에서 입장웨이팅 안에서 주문웨이팅 하는것도
안그래도 복작복작 정신없는데 개선하셔야할듯",2
유즈라멘 만리동점,"시오라멘, 매콤쇼유라멘이 제일 맛있습니다",5
유즈라멘 만리동점,"들어올 때 직원분들이 단체적으로 힘차게 인사해주셔서ㅋㅋ 되게 새롭고 힘받는 입장(Entry..) 일렬로 된 바형식 테이블이라 사람들간의 간격이 조금 좁긴 해요(미분당st)
유즈시오 시켰는데 맛있었고 면빨이 얇고 쫄깃하니 잘 끊기고 안에 들어간 색깔빠진 우엉?!인지 국물인지 처음엔 조금 냄새나는것 같았는데 먹다보니 괜찮았어요. 
특히 차슈는 진짜 두툼하고 부드러우니 맛있었고 계란상태도 좋았어용 저는 야채 꼭 곁들어먹는데 밑반찬 김치도 tmi지만 넘 맛있어서 계속 셀프리필했어요ㅋㅋ 셀프리필하는거 중에 유자 착즙액 넣어먹어두 살짝 상콤해지니 좋더라구요. 그리고 매일 방부제 없이 면 생산하는거 넘 좋구 면 무한리필 가능해용. 진짜 포만감 오래가여.. ㅋㅋ 웨이팅할 정도까지는 아니더라도 분위기도 맛도 괜찮아요ㅎㅎ 외국인손님들도 꽤 많이 오더라구요",4
유즈라멘 만리동점,"군대 제대 이후로 2열 종대로 줄서서 기다리다 식당 들어가기는 처음이다. 들어가면 군식당보다 더 좁게 붙어앉아서 식사. 뭐 대단한 맛도 아니고, 굉장히 정신 없다. 맛 보다도 여러모로 불편한 경험이었다.",1
유즈라멘 만리동점,"진짜 맛집이에요. 친절하고 분위기 좋고 단점은
오래 웨이팅하는것 뿐입니다.",5
유즈라멘 만리동점,가라아게맛집👍👍,5
유즈라멘 만리동점,"설 연휴 평일 오전 11시 30분 가게 도착 후 접수 앞에 18팀, 40분 대기! 기다리면서 서울로와 만리동 구경하세요 ㅋㅋㅋ 

직원분들이 시끄럽다?는 평도 있는데 시끄럽고 주문 많고 정신없는 와중에는 주문 분명하게 확인해가면서 일해야 하는건데 크게 불편하지도 않았습니다. 오히려 우렁차게 인사하시면서 친절하시고 열심히 하셔서 보기 좋았습니다.

시오라멘(멘마빼고 루꼴라변경, 루꼴라 너무 조아요) + 매운 쇼유라멘(계란 반쪽 추가)
면 국물 추가 되서 면쟁이인 저는 면+국물 추가 한번씩 해서 두 그릇 싹싹 먹어버렸습니다. 매운 쇼유라멘 많이 맵지도 않고 시오라멘 느끼할 때쯤 뺏어먹으니 극락... 또 쇼유라멘 뺏어먹다 보니 시오라멘이 땡기고 넘 잘 먹었습니다.
전 차슈를 원래 안좋아해서 일행에게 주었는데 차슈도 부드럽고 맛있는 편이라고 하네요.
부추김치 조합 너무 좋아요. 라멘치고 느끼한 편도 아니지만 입안이 텁텁할 때쯤 유자소스 휘리릭 둘러주면 느끼함도 가셔요.
+ 유자소스를 물에 살짝 타먹으니 레몬수같고 좋더라구용..ㅎㅎ",5
유즈라멘 만리동점,진짜 말이 안되게 맛있는 곳 !!,5
유즈라멘 만리동점,"맛있습니다. 근데 정말 너무 맛있냐 하면 그정도까진 아닌 듯 합니다. 양도 좋고 맛도 좋지만 충격적으로 좋진 않습니다.
캐치테이블로 예약 후 방문하시길 추천드리고, 현재 가게 사정으로 인해 바로 옆 매장에서 장사가 진행되고 있습니다.",4
유즈라멘 만리동점,"지금 가게에 불이 나서 옆 가게를 빌려서 하는데요. 그래서 4~6 인석에 사람들 합석시킵니다..ㅠㅠ그래서인지 좀 정신이 없고 모르는 사람과 마주보고 먹어야함 이 점 알고 가세요
맛은 있음",3
유즈라멘 만리동점,가장 좋아하는 전통적인 맛의 라멘집.,5
유즈라멘 만리동점,"시오라멘 먹었는데 맛있었음
차슈 맛있음
유자소스 넣어 먹으면 좋음
추천할 맛이지만 웨이팅이 길면 좋진 않음",4
유즈라멘 만리동점,"고기양 작아진듯
그래도 맛은 여전히 맛있다
내 또간집",4
유즈라멘 만리동점,"면&middot;육수추가가 무료로 된다는 게 최고의 장점
근데 유자맛이 유니크하고 친절하기까지
웨이팅 있었지만 가치 있다",5
유즈라멘 만리동점,"오후 1시 45분경 도착했을 때 앞에 10팀 정도 있었고, 25분 정도 대기하다 들어갔습니다. 전체적으로 무난했는데 그렇게까지 줄서다가 먹을 정도인가는 다소 의문이었습니다. 캐치테이블로 예약하고 가시면 좋을 듯해요. 주문 후 식사는 빨리 나왔고요.

친구와 일반 시오라멘이랑 매운 쇼유라멘 시켰는데, 그냥 일반 시오라멘이 더 맛있었습니다. 쇼유는 다대기가 유즈 소스랑 밸런스가 안 맞는 느낌이어서 아쉬웠습니다. 그리고 차슈 추가했는데 달걀 추가가 더 맛있었을 것 같아요. 쇼유는 특히나 국물이 간간한데다 차슈랑 죽순 추가하니 면이 부족해서 추가해야 했습니다만, 면까지 추가하니 간은 괜찮아졌어요.

다음에 웨이팅 없이 갈 기회가 있다면 그때는 츠케멘 시켜보고 싶네요. (화재 때문에 임시로 이웃 와인바에서 운영하는 동안에는 츠케멘, 트러플라멘, 생맥주는 주문 못 한다니 참고하세요.)",3
유즈라멘 만리동점,"유자랑 국물 조합이 엄청나요.
역시 좁고 복작복작해도 만리동점이 최고. 일행 바꿔서 계속 가도 모든 일행이 만족합니다.",4
유즈라멘 만리동점,정비중이어서 어수선했고 다른지점이 더맛있어요,3
유즈라멘 만리동점,"맛있네요~ 근처살면서 항상 웨이팅에 포기한 곳인데 8년 만에 왔네요. 육수가 짭짜롬하니 맛있고, 들어가 있는 고명하고도 잘 어울려요. 양도 추가하면 든든하고요! 못 찍은 가라아게도 부드럽고 맛있어요!",4
유즈라멘 만리동점,"평소 유자소스를 안좋아하는데 여기는 신세계..
진짜 너무 맛있어요!! 캐치테이블있는지 몰라서 웨이팅오래햇지만 너무맛있어요👍",5
유즈라멘 만리동점,예전처럼 웨이팅해서 주문하고 바로 착석하는게 아님. 주문하고 교환권주고 다시 또 기다려야하는 시스템. 웨이팅은 쭉쭉빠지는데 그 이유가 있음. 밖에서 기다리는 사람은 많음에도 매장 내 비어있는 자리가 많음. 별관 생겨서 좋아했는데 주방 인원을 더 뽑거나 예전 시스템으로 돌리는게 낫다고 봄.,1
유즈라멘 만리동점,"완전 대만족이에요ㅠㅠ 유즈쇼유라멘 먹었구요, 
유즈=유자라는 뜻이더라구요! 유자맛이 들어가서 살짝 새콤한데 국물이 깊어서 고소하고 맛있어요

★웨이팅이 많이 길어요!★오픈하자마자 바로 가셔야합니다!!

면이 얇아서 먹기 좋고 국물이랑 잘 어우러저요. 국물이 진짜 찌이이인짜 맛있고 무한 리필됩니다!! 면수도 리필이 되는 듯 했어요. 
진짜 너무 맛있습니다... 일본에서 먹었던 라멘보다 더 맛있음 ㅋㅋㅎㅋㅎㅋㅎ 차슈도 부드러워서 맛있어요! 하아ㅏ 진짜 너무 맛있는데 이걸 글로 다 표현할 수 없는 제 문장력이 슬플 정도예요..
특이점은 주문을 먼저해야 대기번호가 생긴다는 점입니다!",5
유즈라멘 만리동점,유자소스 더 뿌려먹는게 훨씬 맛있네요! 라멘이 새콤하니 느끼하지도 않고 맛있습니다.,5
유즈라멘 만리동점,"일본 라멘집에 온듯한 분위기가 좋아요.
양이 많아서 리필은 못했네요.
재방문하고싶은 곳",5
유즈라멘 만리동점,"국물이 ㅋ
끝내줘요!

면사리 추가는 필수!",5
유즈라멘 만리동점,"개맛있다
문제 : 면이 빨리 불어요 어차피 빨리 나오니까 추가할 거면 이따 시키세요",5
유즈라멘 만리동점,"정말 맛있어요. 
일본에서 먹던 맛을 살리면서도 한국인 입맛도 만족시켜주는 곳입니다. 
면과 국물 무한리필이라서 푸짐하게 드실 분들도 만족하실 겁니다. 
내부 인테리어도 레트로풍으로 잘 되어 있습니다.",5
유즈라멘 만리동점,서울역갈때마다 자주 감 맛잇어요 지금 불나서 옆집서 영업중,5
유즈라멘 만리동점,"[재방문 의사: 100%]
🎵 Lucky Kilimanjaro - 350ml Galaxy

개인적으로 라멘 가게중 탑티어임. 기본 라멘 맛도 좋고, 유자소스 넣은것도 맛있고&hellip;👍

*오픈하기 30분전쯤에 대기하다가, 바로 웨이팅걸면 바로 들어가서 먹음.
*들어가자마자 주문해야해서(키오스크 주문&gt;자리안내), 미리 메뉴 선정 필수
*육수, 면 무료 추가 가능(매운 라멘, 소유 육수 받기👍)
*유자소스는 꼭&hellip;1~3방울만🫙
*번외로, 먹고 킷사텐 가서 푸딩먹으면 진짜 행복해짐..",5
유즈라멘 만리동점,그저 그랬습니다. 인테리어가 신기해요,3
유즈라멘 만리동점,유자 덕분에 새콤한 터치가 들어가서 특색 있는 것 같아요! 면발도 준수하고 전체적으로 괜찮은 라멘이었어요!,4
유즈라멘 만리동점,"부추김치없었으면 느끼했을듯&hellip;
루꼴라는 킥! 은은한 향이 정말 좋았음..

그밖에 국물이나 계란이나 엄청 특별한 맛은 아님&hellip;
직원분 목소리가 너무 커서 라멘 먹다가 깜짝 놀람!ㅜ",3
유즈라멘 만리동점,"저는 돈코츠라멘을 좋아하는데, 먹어본 시오라멘 중에는 맛있었어요. 합정에 있는 유명한 시오라멘집보다 훨씬 나았습니다. 기본 시오라멘으로 주문해서 먹다가 중간에 비치된 유자소스 뿌려 먹을 수 있어서 좋았네요. 루꼴라가 든 게 특이하지만 되게 잘 어울렸고 국물이 적당히 감칠맛 있으면서 깔끔했어요. 계란은 특별할 거 없었고 차슈는 맛있었지만 두께가 있다 보니 이로 끊는 게 좀 불편했어요. 차라리 얇게 썰어서 여러 장 얹어주는 게 좋을 듯. 그리고 라멘 맛은 참 좋았는데 좌석이 너무 좁고 가까워서 옆사람이 면 흡입할 때 국물 다 튈 지경인 게 좀 불편해요. 한 좌석씩만 빼면 좋을 텐데,.",5
유즈라멘 만리동점,국물한입하면 뜨끈한 유자향 바로느껴지는 든든한 라멘,5
유즈라멘 만리동점,먹어본 라멘 중에 최고였어여🥹 라멘.. 맛 없을 수 없는 음식이기 때문에 적당히 만족하며 먹고 다녔는데 여기 라멘은 짭짤(상큼)+부추김치의 달달한 맛 콜라보로 흡입하였읍니다 유자맛 난다해서 걱정했는데 맛이 강하지 않고 상큼함 더해주는 정도라 좋았구요(더 추가해먹을 정도) 국물까지 다 마심 함 가보세여,5
유즈라멘 만리동점,나만 맛없나,2
유즈라멘 만리동점,진짜 개존맛탱,5
유즈라멘 만리동점,흡입! 최고😭,5
유즈라멘 만리동점,"웨이팅 방식이 이상해요 캐치테이블 상 웨이팅 0번이어도 메뉴주문 하고 주문순서대로 웨이팅이 다시 시작됩니다 &hellip;.ㅋㅋ
츠케멘은 맛있었어요! 그리고 밑에 분 말씀처럼 유자베이스 라멘들에 부추김치가 안어울립니다",4
유즈라멘 만리동점,"면이 특이한데 자가제면이었군요...
가라아게는 맥주 생각나는 맛이에요.
(대충 분위기며 맛 전부 좋다는 소리)",5
유즈라멘 만리동점,이게 진정한 일본라멘 맛이 맞는지 모르겄어요,3
유즈라멘 만리동점,맛있더라ㅋㅋ 근데 조금 비싸더랑,5
유즈라멘 만리동점,깔끔하고 가벼움. 면이랑 육수는 무제한 무료 리필. 친절함,5
유즈라멘 만리동점,"1. 나오자마자 국물 한 입 유자액기스와 라면육수의 조화 👍
2. 그다음 빠르게 김으로 라면 싸서 먹기
3. 루꼴라가 라멘이랑 이렇게나 어울릴일인가😭
4. 차슈가 여태 먹어본 라멘중에 가장 두꺼운데 루꼴라랑 같이 먹다보면 순간 목살스테이크샐러드인가 싶음
5. 면, 육수 무한리필인데 심지어 면은 센스 있게 반개도 추가가능

유즈라멘 만만세!",5
유즈라멘 만리동점,시오 소유 라멘에 감칠맛은 있는데 깊은 맛은 없고 밍밍하고 기름기 있음. 유자 은은해서 기름기 잡아주는 정도? 유자 더 넣으면 좀 쓴맛 날 수 있음. 굳이 여기를 1만2천원내고 웨이팅까지 하기엔... 해산물 육수이나 고기육수 베이스인 더 맛있고 싼 라멘집 많음. 뭔가 육수가 가격에 비해 정성(?)이 없는거 같이 느껴짐. 글고 사람 많아서 친절 기대하지마셈. 타임마다 나눠 사람 정해 받던가 해야할듯.,2
유즈라멘 만리동점,첨보는 차가운 쯔께멘 너무 맛있다,5
유즈라멘 만리동점,ㅠㅠ국물은 맛있는데 면이뵬루...,3
유즈라멘 만리동점,"정말 맛있다 매운라면은 해장 원탑
★",5
유즈라멘 만리동점,"여기 일본 라멘집 아니에요.
맛으로 따지면 한국 고속도로 휴게소 푸드코트 라멘임..",1
유즈라멘 만리동점,"아 이제 후기 작성할때 2번 가보고 써야겠네요 첫 방문때는 그 해물 시원한거에다 천일염 시원한 감칠맛이 되게 좋았던건데 몇달 사이에 무슨 일이 일어난거임 ㅡㅡ;; 

두번째 방문때는 이 진한 시원한게 옅어짐 그러니까 첫번째때는 해물 시원 + 천일염 시원 = 개진한 시원함이었는데 그냥 시원함으로 옅어졌다는 뜻임 그렇게 옅어짐에 따라 없었던 느끼함이 발생됨

이베리코 차슈도 익힘이 적당해서 괜찮았던것도 흐트러지면서 2번째 먹을땐 다소 퍽퍽했음 복불복인건지 모르겠는데 아무튼 시오쪽으로는 이제 담x 보다 훨씬 별로가 되버림

아 대체 뭔일이 있었던거야 만약에 이걸 본다면 첫번째 제가 먹었던 맛으로 돌려주세요 ........",3
유즈라멘 만리동점,"라멘은 너무 너무 맛있었어요
면추가하실때 유자소스 뿌려먹으면 
그냥 먹는거랑 맛이 달라서 새로 먹는거 같이 맛있어요

너무 맛있었지만 별은 뺀 이유는
직원들끼리 메뉴 나간다 어떤 메뉴 시키셨다
이런 얘기를 너무너무너무 크게 갑자기 질러서 먹다가 계속 놀라게 돼요 ,,,
먹으면서도 언제소리지르실까 무서워서 편하게 먹지 못했습니다 .. 손님들도 표정이 안좋았는데 정말 먹는동안 괴로웠습니다 ,, 
재방문할정도의 맛집이라고 생각하지만 
집에 올때까지도 귀가 아프고 멍해서
다시 갈까 고민하게 됩니다",3
유즈라멘 만리동점,"전체적으로 슴슴한데 면추가해서 배터지게 먹을 수 있음
유자가 킥
구조가 굉장히 특이함..",3
유즈라멘 만리동점,"면, 육수 무한리필. 가족이랑 갔다

가게 안쪽이 신기하게 생겼다. 콜로세움 같음",5
유즈라멘 만리동점,"240718 방문
유즈시오라멘 - 여전히 맛있음. 자가제면. 자극적이지 않은 국물. 유자첨가가능.",5
유즈라멘 만리동점,"유즈시오라멘 이랑 유즈소유라멘 먹었어요.

유자향을 안좋아하는데 은은하게 나서 좋았는데 생각보다 맑고 깔끔한 맛 이네요. 기대가 높았는지 생각보다는 평범한 맛입니다. 가라아게도 특색 없구요.

줄 설 정도인지 잘 모르겠어요.",3
유즈라멘 만리동점,"기존의 돈코츠라멘을 생각하고 방문하면
실망할지도. 해산물,닭육수 베이스의 깔끔한 라멘.
시간이 안맞으면 대기줄이 엄청나니 참고.",5
유즈라멘 만리동점,"맛있어요! 멘마는 식감이 좋고, 차슈는 어떤 고기를 쓴건지 궁금할 정도로 부들부들하고 기름진 맛입니다.
유자 소스는 국물 감칠맛을 좋게 해준다고 하는데, 기호에 따라 더 넣어 먹을 수 있게 해줘서 좋고요. 생맥주도 진짜 맛있어요. 
대기가 조금 긴데, 그만큼 안에서 먹는 사람들 재촉하거나 대기 많다고 국물이나 면 추가 서비스 이용시 눈치주는 것도 없고요.
만족스럽게 먹었습니다. 또 가고 싶어요,",4
유즈라멘 만리동점,역시 라멘은 서울이맞다 웨이팅 조심,5
유즈라멘 만리동점,웨이팅 긴 맛집인데 손님에게 친절히 대하는 식당이라 더 좋아요! 생맥주 추천합니다,5
유즈라멘 만리동점,웨이팅이 종종 있지만 감수하고 먹을 수 있을 만큼 맛집입니다. 가격도 준수하고 리필도 되니 양도 걱정하지 않아도 되고요,5
유즈라멘 만리동점,진짜 색다르고 맛있어요!! 아쉬운건 웨이팅 길다는 점..,5
유즈라멘 만리동점,유자향 라멘. 특색 있는 라멘이 먹고 싶다면!,4
유즈라멘 만리동점,"개인적으로 정말 맛은 있었습니다.
하지만 직원들이 고객을 생각하고 있다고 전혀 생각이 들지 않습니다.

테이블이 주방이랑 직원 동선을 둘러싸고 있어서 다 보이는데도 주방의 직원분 한명은 마스크를 쓰는둥 마는둥&hellip;
홀의 직원은 주문서도 받고 맨손으로 손님들이 먹고간 그릇을 치우고 행주로 테이블을 닦은 후 아무 조치없이 맨손으로 바로 다른 음료를 준비한다. 그리고 세척된 젓가락 까지 그 손으로 수저통에 셋팅한다.

면추가도 무료라길래 추가를 부탁드리고 10분 가까이 기다려도 안주시길래 혹시나 해서 물어보니 언제 그랬냐고 물어본다. 그러더니 주방으로 가서 면이 2분도 안걸려서 추가 면이 나왔다.

돈내고 얻어먹은 기분.",1
유즈라멘 만리동점,"유자시오라멘이랑 부추김치인가 같이 먹으면 무한흡입가능
웨이팅하는 곳도 따로 있어서 괜찮아용",5
유즈라멘 만리동점,"부추김치가 맛있어요 차슈도 완전 맛있움
국물도 맛있고 좋아요 최고",5
유즈라멘 만리동점,기복없이 맛있음,5
유즈라멘 만리동점,"맛도 좋고 리필돼서 가성비도 좋아요. 줄이 긴게 흠이긴 한데, 대기석도 잘 마련되어있고 테이블링 됩니다.",5
유즈라멘 만리동점,라멘 별로 안 좋아하는데 여기 라멘은 맛이 깔끔함,5
유즈라멘 만리동점,또 먹고싶다,5
유즈라멘 만리동점,"차슈도 일반 라멘집 차슈랑 달라서 좋았습니다.
면발도 얇고 고명들이랑 같이 먹으니까 너무 맛있었습니다
매운시오유즈라멘을 시켰는데 국물에서 깊은 맛이 느껴지지 않아 아쉬웠습니다.
웨이팅이 많이 길기는 하지만 한번쯤 가볼만 합니다.",4
유즈라멘 만리동점,"Anyone who gives this place 1 star is CRAZY. It&rsquo;s reasonably priced and the quality is better than some authentic Japanese restaurants. Plus, free refills on broth and ramen??????? Take my money! Yeah, there can be a waiting line. But if you go during peak hours and bring your whole family that&rsquo;s just on you bro 🤷&zwj;♂️womp womp",5
유즈라멘 만리동점,난 잘 모르겠더라,2
유즈라멘 만리동점,"Took a little bit of a wait, but the service was fast and the ramen good!",4
유즈라멘 만리동점,"서울역 오셨으면 다들 들렸다 가세요. (단 웨이팅 어플 미리 등록하고 가시길. 안그러면 평일에도 1시간 넘게 웨이킹 가능함 ㅠㅠ) 
아 면 무료 리필가능이었어요! 그리고 분위기도 아늑하고 좋아요. 1~2인이 가면 제일 좋고, 단체로는 자리가 안나와서 힘들듯요 ㅇㅇ",4
유즈라멘 만리동점,"서울역 갈일있다가 우연히 카카오  평이  좋아 30분대기하고 먹었는데 ㅇㅅㅇ이게 진짜 줄까지 서야할 맛인가요ㅠㅠ 저희동네 라멘집이 더 맛있는데 ㅇㅅㅇ
면도 밀가루냄새나고 부드럽지도않고..,
기본반찬 부추파김치?랑 라멘에 든 차슈는 존맛이였어요.",2
유즈라멘 만리동점,"주문 실수가 잦아요.방문할 때 마다 먹다보면 한두번씩 꼭 있더라구요.ㅋㅋㅋㅋ
근데..친절하고 맛있어서 갑니다
저만 가게 오지마세요",5
유즈라멘 만리동점,그냥 최악임 맛도 중요하지만 둘째는 직원듳 서비스마인드라고생각함 맛은 평범 서비스마인드 춰악 기분싱헤사 가고싶지않음,1
유즈라멘 만리동점,몇 번 갔는데 직원분들도 항상 친절하고 항상 맛있어요,5
유즈라멘 만리동점,"*주문한메뉴 1.매운유즈시오라멘 2.유즈쇼유라멘 3.가라아게(4조각나와요)
*하나는 소금베이스, 하나는 간장베이스로 시켜서 둘이서 다녀왔습니다. 라멘 둘 다 해장하고싶은 기분이 드는 개운한 맛이에요. 다시 올꺼같아요~",5
유즈라멘 만리동점,1시간 기다려서 먹을 맛은 아닌데 대기없이 한번쯤 먹어볼만해요. 저는 앞에있는 유자 국물 추가해서 먹었어요. 가격 만원에 대기 20분정도가 적당한듯ㅋㅋ,4
유즈라멘 만리동점,"기존에 간 라멘집이랑 비슷하겠지 생각했는데 여긴 달랐음
향긋한 유자 향이랑 라멘이랑 이렇게 어울리면서 맛있을 줄 몰랐음&hellip; 유즈시오라멘이랑 매운유즈쇼유라멘, 가라아게 시켰는데 라멘이 존맛
처음에 먹었을 땐 매운유즈쇼유가 더 맛있는 것 같았는데 점점 먹을수록 유즈시오가 담백하고 더 기본에 충실한 육수라 너무너무 맛있었음 가라아게는 쏘쏘
39팀 기다리는데 45분 정도 대기한듯 가는 시간 맞춰서 테이블링로 웨이팅 걸어놓으면 ㄱㅊ",5
유즈라멘 만리동점,비싼데 맛도 그닥.,2
유즈라멘 만리동점,"유즈 시오라멘 - 유자 소스를 곁들여 먹는게 생소하고 처음 접해보는 맛이었지만 유자의 산미랑 육수가 잘어울렸어요. 차슈 퀄리티도 훌륭했고, 유자소스에 찍어먹는게 생각보다 별미입니다. 면빨은 얇고 꼬들꼬들한 식감이었습니다. 잘먹었습니다.",5
유즈라멘 만리동점,"저는 일본인인데 평가를 보고 기대를 해서 가봤습니다~
분위기는 좋았으나 유즈시오를 시켜봤는데 일본에 없는 맛이라 그런지 맛은 저한테는 좀 그랬었어요. ㅠㅠ
뭔가 한국분들의 입맛의 잘 맞는 맛인가보네요
저는 이 라멘에 토리가라스프?(鶏がらスープ) 같은 요소가 들어 있었으면 맛이 괜찮아질 것 같아요..!!",2
유즈라멘 만리동점,맛있음,5
유즈라멘 만리동점,깔끔한 맛,5
유즈라멘 만리동점,"맛있긴 정말 맛있어요
다만 좀 기다려야 하고, 내부도 좁아서 옆자리와 팔꿈치가 부딪히거나 가방이 크면 놓을 자리가 마땅치 않거나 움직임이 번거롭다는 단점이 있습니다",4
유즈라멘 만리동점,몇년간 단골이었는데 갈수록 사람이 많아져 먹기 힘드네요. 면 반개 추가하면 딱 좋습니다.,5
유즈라멘 만리동점,"너무 기다린다.
맛은 짱이다.",3
유즈라멘 만리동점,"11시 20분부터 나와서 웨이팅..! 
그 값어치를 하는 곳
라멘이 굉장히 맛있었어요.
유즈가 주는 감칠맛이 대단..! 
여기 겉이 주시는 열무김치가 또 한 몫해요.
계속 먹고 싶고 생각나는 곳입니다.",5
유즈라멘 만리동점,시오라멘 아주 맛있어요!,5
유즈라멘 만리동점,"킹오브더 라멘인더 서울
노 옌썰 킹오브 킹 마이 소울",5
유즈라멘 만리동점,"분명 맛은 있는데
이렇게까지 기다려서 먹어야 하는 진 모르겠다
유니크하긴 한데, 두 번 이상 먹을 필요가 있는 진 모르겠다",4
유즈라멘 만리동점,"시오라멘 간장라멘 다 맛있어요
가라아게 시킬거면 맥주 혹은 하이볼 필수입니다..",5
유즈라멘 만리동점,"안내도 제대로 못하고
맛도 그닥
돈 아까움",1
유즈라멘 만리동점,"기대이상으로 맛있었어요! 국물도 깔끔하고, 고기랑 면도 좋았습니다ㅎㅎ",5
유즈라멘 만리동점,"라멘에 유자가 첨가된 맛이라 특이해서 가끔식 생각납니다. 면,육수 추가가 무한리필이라 이정도 서비스와 맛이면 기다려서 먹을만하다고 생각합니다.",5
유즈라멘 만리동점,라멘 맛있었고 내부 인테리어도 네모난 계단식인게 신기했어요,5
유즈라멘 만리동점,"대기시간은 길어요 식사시간에 가서 그럴 수 있지만 안에 빈자리와 그릇이 나와도 직원이 부족해서 대기시간이 길어집니다 맛은 그냥 그래요 유자맛 때문에 좀 특별하긴합니다만 20분이상 기다릴맛은 아니네요 
아 차슈는 특이해요 두껍고 그래서 부추가 있습니다",2
유즈라멘 만리동점,여기 라멘 원탑임,5
유즈라멘 만리동점,"그냥 인스타빨인거같은데...여친도 막 맛있진 않고 그냥 평범하다고 함
평범한건 좋아. 근데 가격이 무슨 한그릇 12000~13000원 하는건지...",2
유즈라멘 만리동점,맛있고 면 리필 가능해서 좋아요,4
유즈라멘 만리동점,"한 시간 웨이팅해서 먹었는데
긴 시간 기다릴 만한 가치가 있었습니다",5
유즈라멘 만리동점,잘 먹고 갑니다.,5
유즈라멘 만리동점,"정확한 리뷰, 약간 짭조름한 맛에 유자가 뒷맛을 잡아주지만 깊은 육수맛은 부족함. 고기는 두툼해서 맛있음. 면은 다소 밀가루 냄세가 나며 쫄깃함은 다소 부족. 소금라멘 짠감이 있어서 갈증 유발 참고. 결론은 종합 3점",3
유즈라멘 만리동점,"맛있는데 부추김치랑 먹으면 더 맛있음
면과 육수 무한리필이라 맛있는걸 더 많이 먹을 수 있음",5
유즈라멘 만리동점,"깔끔하고 담백한 육수에 은은한 유자향이 끝에 잠깐 존재감을 드러냈다 사라집니다. 근데 그 유자가 호불호를 좀 타는듯.
맛은 있어요
극악의 웨이팅이라 두번은 못갈거같지만..
오픈런하면 30분 대기 아니면 한시간 대기라고 보면 될것같습니다.

&lt;개인취향&gt;
유즈소유라멘&gt;유즈시오라멘&gt;&gt;&gt;&gt;카라이유즈시오라멘",5
유즈라멘 만리동점,5점 준다. 특유의 두툼한 차슈가 매력적. 웨이팅 눈치 싸움 필수.,5
유즈라멘 만리동점,새로운 맛집 개척하는 걸 좋아하는데 유즈시오라멘 다시 먹으러 한달 내에 두 번 갔었습니다. 분명히 특이하고 다른 라멘집에서 먹기 어려운 맛인데 맛있어요. 추천.,5
유즈라멘 만리동점,"왜 줄서서까지 먹는지 너무 이해했습니다
면이 얇고 너무 맛있습니다
유자가 들어갔다고 해서 유자 향이 강할줄 알아서 걱정했는데
유자 향은 은은하게 나면서 전체 맛과 조화를 이뤄서 좋았습니다
또 한번 더 가서 매운시오라멘도 먹어보고 싶습니다",5
유즈라멘 만리동점,"이 집만의 확실한 아이덴티티가 있습니다. 함께 곁들여진 빨간색 새콤한 소스와 야채 건더기의 향이 좋네요. 특히 유자소스의 산뜻한 풍미가 포인트입니다. 면발도 합격. 부추김치도 존맛

차슈로 돼지고기 목살 한덩이가 들어가니 단가가 높은 점은 이해를 합니다만, 저는 일반 차슈가 더 맛있네요. 고기가 삶아져서 부드럽고 흐물해서 딱히 또렷한 식감이랄게 없더군요.",3
유즈라멘 만리동점,어찌보면 흔한 라면중 하나일수 있는데 유자향이 신선했어요,5
유즈라멘 만리동점,웨이팅 하실때에는 내부 키오스트에서 주문후 웨이팅 하셔야합니다. 죽순 추가해서 먹었는데 굉장히 맛있습니닼,5
유즈라멘 만리동점,"매운유즈시오, 매운유즈쇼유 라멘을 먹었습니다. 
호불호가 갈리는 유자맛과 향이 저에게는 맞지 않았습니다. 깊이 있고 훌륭한 국물을 유자가 다 덮어버려 매력을 반감시키는 느낌을 받았습니다. 루꼴라 역시 생소한 조합이라 어우러진다기 보다 따로 노는 것 같았습니다. 추가해서 받은 맑은 육수가 깊고 매력적이라 유자와 매운 양념에 묻힌게 아쉬울 정도 였습니다. 별개로 인테리어와 접대는 아주 좋았습니다.",3
유즈라멘 만리동점,맛있긴함~~,5
유즈라멘 만리동점,차슈 최고입니다. 차슈 추가해서 먹을만해요.,5
유즈라멘 만리동점,츠케멘 존마탱입니다,5
유즈라멘 만리동점,"한국에서 느낄 수 있는 라멘 중 높은 티어다.
 첫 방문이라면 유자가 첨가되지 않은 기본 라멘을 추천한다.

츠케멘은 일반적 멘야의 츠케멘이 아니라 그냥 다른 음식이라고 생각해야 한다. 팔도비빔면이 떠오르는 맛이랄까.. 

 그리고 언젠가부터 한국에서 친절한 음식점을 만나기 힘들었는데 이곳은 진심으로 손님에게 친절하다.",4
유즈라멘 만리동점,정말 담백하고 맛있습니다. 국물까지 다 마셔본 라멘은 처음인 것 같아요. 차슈도 부드럽지만 두껍고 정말 맛있습니다! 곧 다시 방문할 것 같아요.,5
유즈라멘 만리동점,깔끔한 시오. 듬직한 츠케멘,5
유즈라멘 만리동점,"이베리코 차슈가 인상적이었고, 유자향 나는 시오라멘은 호불호가 갈릴것 같았으나 향이 강하지 않고 깔끔해서 좋았다.",4
유즈라멘 만리동점,"훌륭하다. 진한 육수, 야들한 차슈, 약간의 거친 느낌이 나는 면까지. 가격은 0.9, 하지만 값어치 하는 퀄리티.",5
유즈라멘 만리동점,진짜 맛있어요!,5
유즈라멘 만리동점,"서울 No.1 라멘 면. 대기시간 줄여주는 시스템&amp;공간활용도 좋음
.",5
유즈라멘 만리동점,맛있어요. 차슈가 chunky한 이베리코인게 특이하네요,5
유즈라멘 만리동점,"인생 라멘...
솔직히 일본보다 맛있음",5
유즈라멘 만리동점,국물맛도 깔끔하고 면도 맛있어요. 차슈가 점 도톰해서 좋아하시는 분도 있지만 전  약간은 느끼했어요. 입맛의 차이겠지요. 자리 안내나 설명 등 아주 친절하게 해 주셨고요. 맛있게 먹고 나가려는데 비가 ㅠㅠ 우산이 없어 당황하고 있다가 그냥 나가는데 뒤에서 부르시더니 우산을 주셨어요!!! 너무 감사합니다. 덕분에 오늘 하루가 더 즐거워졌습니다! 다음에 또 갈게요.,5
유즈라멘 만리동점,"가오픈 때부터 다녔던 라멘집
갈 때마다 맛이 조금씩 다르지만,
서울에서 이 정도 라멘집은 흔치 않음
하지만 갈수록 처음의 감동이 줄어드는 건 사실

그래도 한 번 이상은 가 볼만 한 가치 있는 라멘집",4
유즈라멘 만리동점,"유즈시오라멘 :
차슈가 맛있다. 구운 고기맛이 확 느껴짐.
차슈 추가해서 먹었는데, 다음엔 추가 안해도 괜찮을듯. 양이 꽤 많다.
차슈랑 루꼴라가 잘 어울렸다.
처음에는 유자향이 적응이 안 됐었는데, 국물을 먹을 수록 유자가 입안을 상큼하게 해주는 것 같다. 국물이 심하게 짜거나 하지 않아서 자꾸 손이 갔다.",4
유즈라멘 만리동점,라멘에 유자라니!! 정말 잘 어울려요~ 개인적으로 맑은 라멘이 더 맛있는거 같아요~ 면 느낌도 너무 좋구 차슈도 야들거려서 맛있었습니다~ 또 오겠습니다~&gt;&lt;,5
유즈라멘 만리동점,"국물도 깔끔하고 차슈는 묵직하게 들어오는 것이 훌륭했다. 유자햐도 은은하게 방해되지 않게 곁들여지니 인상적.
무려 국물과 면은 무료로 리필까지 된다. 매우 맛있었다.",5
유즈라멘 만리동점,일본 현지 라멘집에 뒤지지 않는 맛.,4
유즈라멘 만리동점,"깔끔한 국물의 라멘
차슈 두께가 대박
향긋한 유자향은 플러스
면도 잘 어울림",5
유즈라멘 만리동점,유자맛때문에 호불호 갈릴수도 있겠지만 유자없이 먹어도 너무 맛있습니다~~ 게다가 차슈는 최고! 다음에 또 기다려서 먹을거에요!,5
유즈라멘 만리동점,면을 먹든 국물을 먼저 먹든 아님 챠슈를 먹든 입에 넣자 마자 입가에 미소가 번질 것이다. 유자가 이렇게 찰떡일줄 알았으면 미리 와 봤을거다. 참고로 난 유자차류 있음 먹지만 좋아하지는 않음. 그런데 여기선 유자액 콸콸 부어 먹었다. 짠맛도 중화시켜 준다.,5
유즈라멘 만리동점,"은은한 유자향, 면과 루꼴라의 환상적인 조합.
가히 손에 꼽을만한 차슈의 맛.",5
유즈라멘 만리동점,"차슈와 면,국물 모든게 완벽합니다",5
유즈라멘 만리동점,기대를 많이 하고 갔는데 기대만큼은 아니었습니다. 그래도 맛은 있었어요. 그리고 차슈가 약간 질겼어요ㅜ,3
유즈라멘 만리동점,"나의 힐링 음식
라멘 먹으면 항상 느끼해서 마무리가 개운치 않은데 이건 유자의 상큼함 덕분에 끝까지 깔끔하고 개운함. 죽순이랑 차슈 추가 꼭 하시길,,,",5
유즈라멘 만리동점,"최근 먹은 가장 맛있는 라멘
면의 질감이 특히 좋았다",5
유즈라멘 만리동점,한국서 먹어본 곳 중 최고의 라멘집,5
유즈라멘 만리동점,"유자라멘 맛있어요~
직원분들도 친절하고 분위기 좋아요~",5
유즈라멘 만리동점,차별성으로 무장한 채 이정도로 불호를 제한할 수 있다니 성업을 납득 할 만은 하지만... 잘 되도 너무 잘되잖아;; 웨이팅 실화냐..,4
유즈라멘 만리동점,"먹어본 일본 라멘 중 단연 1등입니다. 
시오라멘 먹었는데 정말 너무 맛있어요. 면이 부족하면 요청시 더 리필해주십니다. 평일에 가도 웨이팅이 있을 수 있어요",5
유즈라멘 만리동점,"캐치테이블로 웨이팅도 돼서 편함.
근데 진짜 맛있다. 매우 깔끔함",4
유즈라멘 만리동점,시오짱,5
유즈라멘 만리동점,어떻게 유자랑 라멘이 이토록 어울리는것이죠,5
유즈라멘 만리동점,자꾸생각나,5
유즈라멘 만리동점,"최애라멘집
만두도 꼭 시킴
케바케 있지만 직원들도 대부분 친절",5
유즈라멘 만리동점,너무 맛있어서 면 추가 1인분 더해서 두그릇 먹고 나왔어요...취향차이는 있겠지만 충분히 웨이팅할 가치가 있다고 생각해서 오늘도 또 갈거임ㅋㅋ,5
유즈라멘 만리동점,회사 근처라 자주 가는데 갈 때마다 별로인 곳 ㅠㅠ 왜 인기가 많지&hellip;,1
유즈라멘 만리동점,맛있긴한데 1시간 넘게 웨이팅 하면서 까지 먹을 정도는 아니다. 가게도 협소하고 위생도 깨끗한편도 아니고. 여기말고도 맛있는 라멘집 찾아보면 많다,2
유즈라멘 만리동점,도쿄 살 때 자주 먹었던 유자라멘집 아후리가 생각나는 맛. 맛있어요,5
유즈라멘 만리동점,맛도 단가에 비해 별로고 직원 너무 불친절. 식탁 닦는 행주 의자에 팽겨쳐두고 그걸 그대로 다시 식탁 닦음. 어쩐지 의자에 반찬쪼가리가,1
유즈라멘 만리동점,맛있어요,5
유즈라멘 만리동점,"라멘이 느끼히해서 별로였어요 
전 매운거 못 먹어서 유지시오 먹었는데 국물이 너무 느끼,,,  마늘 같은것 좀 넣어주세요
차라리 츠케멘이 맛있어요 부추김치는 그냥저냥 집에서 먹는맛",3
유즈라멘 만리동점,"주변에 숙박하게 되어서 맛집 찾아보다 들렀는데,

요즘 이 정도보다 맛있는 라멘집 많은데 굳이..?

30분 이상 웨이팅해서 먹을 맛은 아니라고 생각..

면(替え玉) 무료로 리필해주는 서비스는 좋았습니다.",3
유즈라멘 만리동점,웨이팅 오래하고 들어갔는데... 음... 지극히 개인적으로는 별로 였네요... 재방문은 없을 것 같아요 매운건 맵지도 않고 맛도 유자넣으면 똠양꿍됩니다... 매운거 비추!,2
유즈라멘 만리동점,너무 맛있어서 면이랑 국물 리필해서 먹었어요~ 면 진짜 삶기가 완벽&hellip;. 유자향 너무 좋고 상큼해요 ㅎㅎ 계란이랑 챠슈를 추가했었는데 계란 쫌 짭짤한 편이고 챠슈는 한덩어리 크기가 꽤나 커서 추가안해도 될 것 같아요 죽순 식감이 좋았어요 아삭거리는게 아니고 말랑한데 씹히는 ? 맛있었어요 다음에는 김을 많이 추가하고싶어요! 그리고 부추김치가 고기랑 너무 잘 어울려서 세번 덜어먹엇습니다,5
유즈라멘 만리동점,"자극적이지도 느끼하지도 않은..진짜 존맛탱!
개인적으론 부추김치는 별로였어요ㅎㅎ
서울역 근처에서 식사할 일 있으면 여기에 방문할 것 같아요-!",5
유즈라멘 만리동점,"국물, 면, 차슈 등 고명, 밑반찬인 부추김치까지 모두 다 만족스러웠습니다.",5
유즈라멘 만리동점,대체불가능한 맛. 하지만 웨이팅을 감수해야 하는 맛,4
유즈라멘 만리동점,"츠케멘이랑 소유라멘을 먹었는데 저랑 일행 둘 다 츠케멘을 더 맛있게 먹었어요. 첫입은 새콤하고 끝에 은은하게 유자향이 남는 게 좋았음!
일반라멘 면은 매우 얇아서 호불호가 갈릴 수도 있음",5
유즈라멘 만리동점,최고의 일본식 라멘맛집,5
유즈라멘 만리동점,"먹어본 라멘 중에 제일 맛있어요!!!
생각보다 유자가 라멘이랑 엄청 잘 어울려요!
서울역 갈 때마다 들르는데 항상 웨이팅이 길어서 아쉽습니다ㅜㅜ",5
유즈라멘 만리동점,웨이팅하고 먹어서 기대를 너무해서 그런가 맛이 크게 기억에 남진 않았습니다. 하지만 분위기가 일본 현지에서 먹는듯한 기분을 주고 면과 육수를 리필해 주시는게 인상깊었습니다,4
유즈라멘 만리동점,유즈시오는 쏘쏘 하지만 친절함이 베스트. 친절해서 별네개 주는건 첨이다. 토핑놓을때 조금더 위생을 신경써주었으면ㅎㅎ,4
유즈라멘 만리동점,"즐겨찾기해놓은지 시간이 꽤 흘렀는데...드디어 방문해봅니다.
가게 구조가 독특합니다. 내부는 그리 넓진 않지만 칸막이가 잘 되어 있습니다. 면과 국물은 리필이 가능한데, 굳이 리필을 안해도 배가 부를정도의 양입니다. 맥주 한잔 하면서 가볍게 먹기 딱! 좋은 곳입니다!",5
유즈라멘 만리동점,살면서 라멘에 큰 기대가 없었습니다. 근데 여기 라멘은 최고 입니다. 정말 제가 먹어본 라멘 중 가장 맛있습니다.,5
유즈라멘 만리동점,"중독성있는 라멘스프
매우 특이한 분위기와 다소 불편한 좌석
이베리코를 썼다는 차슈는... 돼지 잡내가 좀 있었다",4
유즈라멘 만리동점,유즈시오라멘 정말 맛있다. 직원분들도 불친절한 적 없었음. 유자향이 향긋하다.,5
유즈라멘 만리동점,맛있긴한데 엄청 줄서서 먹을 정도는 아님 면이랑 육수 무한리필이라 메리트가 있음,4
유즈라멘 만리동점,"근처 주민으로 자주 먹는데 맛있습니다.
다만 가끔 직원분에 따라 친절도가 너무 달라져요. 내부에 대기석이 비어있는데 바로 다음 순서 아니니까 나가라고만 하셔 당황했어요. 내부 대기석은 계속 비던데 설명을 제대로 해주시던지.. 무튼 바쁜가게 종특일수 있지만,, 좀 심했어서 별 마이너스",3
유즈라멘 만리동점,"일못하는 직원 개념이 문제인지 이가게 방식이 문제인지,, 매장 입장해서 나중에 온 네 팀 보다 메뉴가 안나와서 한참동안 기다리다가 물어보니 교환권제대로 준거 맞냐고 손님탓... 미안하다고 사과도 없습니다. 나중에 면 추가 시키고 또 한참 안나와서 물어보니 네?  또 누락되서 그냥 나왔습니다.",1
유즈라멘 만리동점,매운 맛 먹어도 하나도 안 매워요 참고로 맵찔이입니다! 웨이팅 엄청 길고 미리 주문 넣어야만 웨이팅 번호 받을 수 있어요...,4
유즈라멘 만리동점,"9월 평일 11시까지는 웨이팅 없이 먹을 수 있었음.

라멘이랑 유자 둘 다 안좋아해서 걱정했으나 유자&amp;루꼴라 향이 잘 어우러져서 맑고 깔끔한 맛이 나서 좋았음. 평상시 진한 돈코츠, 미소라멘은 텁텁하고 느끼해서 안먹는거였는데 그런게 전혀 없음. 육향 진한거 좋아하는 사람은 불호일듯.

코로나 시국에 칸막이도 없이 옆사람이랑 10센치 간격으로 앉아 먹어야하는게 컬쳐쇼크였음. 젓가락, 유자소스, 부추김치, 앞접시 가져오려면 내 팔꿈치가 옆사람 얼굴에 닿을 정도임ㅠㅠ

9월 바람부는 날이었는데도 너무너무너무 더워서 여름엔 절대 못갈거같음.",4
유즈라멘 만리동점,"맛있어요!! 직원분들도 친절하고
면이 특히 단백하고 맛있는데 리필도 되어서 항상 배부르게 먹을수 있어서 좋아요",5
유즈라멘 만리동점,"맛있음
대기시간 김
주말 브레이크타임 없다는데 있음
주말 직원들 식사시간 2시부터 3시까지 별관 영업안함
이 시간대 대기 걸리면 2시간은 대기해야되니 참고하세요",1
유즈라멘 만리동점,"유즈라멘의 츠케멘의 같은 경우 확실히 신맛이 도드라진다. 중국의 량피를 먹는 듯한 느낌에 조금 더 과일 같은 신맛이 났다.
시오라멘 같은 경우 국물은 맑고 깊었고 유자 소스를 첨가하니 미캉아베 같은 맛이 났다. 
차슈에 불향이 나서 독특했지만 약간 오버쿡이 된 느낌이 들어 옥에 티 같은 느낌이 들었다 
잘먹었습니다!",4
유즈라멘 만리동점,웨이팅 20분 정도 했는데 그냥.. 그냥 라멘과 마제소바임 딱히 특별한 건 없음,3
유즈라멘 만리동점,"기존 라멘맛과는 달라요. 특이한데 비싸고 맛없어요. 맑은데 느끼합니다. 매운라멘인데 안매워요. 매운라멘인데도 느끼합니다. 면,육수 무한리필이라 양많으신분들 좋을듯. 평일 저녁은 1시간쯤 대기해야함.",1
유즈라멘 만리동점,"유즈 츠케멘 먹었었는데
유자 그자체다
유자를 좋아하진 않는데
또 그렇게 불호는아니다
좋은 경험으로 남을듯",3
유즈라멘 만리동점,"비 오는 토요일 10시 45분 도착. 대기 4팀배정.
시오라멘이 젤 맛있음. 부추좋지만 단무지가 더 낫지않았을까 생각. 만두는 그냥 일반 튀김만두라서 비추.",4
유즈라멘 만리동점,"식당의 기본은 맛에 있고 친절까지 해주면 땡큐인거고, 분위기까지 좋으면 음식 가격이 올라간다고 생각함.
그래서 난 엄청 맛있고 적당한 친절과 가격에 약간은 어수선한 지금의 유즈라멘이 좋음.",5
유즈라멘 만리동점,고기가 찐이다,5
유즈라멘 만리동점,호불호가 갈릴 맛이라고 들었는데 저는 별로 아닌 것 같습니다. 그렇다고 맛이 막 없는 건 아니구요. 독특함이 있지만 그게 딱히 장점이라고 느껴지지 않습니다. 차슈 또한 경쟁력이 있지만 갠적으론 묵직한 차슈보단 부드러운 차슈를 더 좋아해서 아쉽습니다. 웨이팅을 안해도 아쉬운데 해서 더 아쉽습니다.,2
유즈라멘 만리동점,"시오라면에 계란이랑 챠슈 추가해서 먹었는데
고기는 맛있음
국물이랑 면은 그냥 그럼
전체적으로 그냥 보통인 맛
무난한 맛 ,
직원 친절함 , 
물통을 옆테이블이랑 같이 먹어야해서 뻘쭘함 각자주면좋을듯",3
유즈라멘 만리동점,웨이팅이 진짜 엄청 긴데 이걸 뚫을 각오만 있다면 꼭 다시 가고싶을 정도로 맛있는 라멘집...싸진 않지만 돈 절대 안아까운 맛.,5
유즈라멘 만리동점,서울에서 최고로 좋아하는 라멘집! 유즈시오라멘이 제일 맛있어요,5
유즈라멘 만리동점,중독성 개미쳤음,5
유즈라멘 만리동점,너무 맛있어서 어이가 없어요. 웨이팅 30분 넘게 하고 먹었은데도 감동,5
유즈라멘 만리동점,"처음 먹어보는 독특한 맛인데 시오, 쇼유 모두 너무 맛있습니다. 국물맛은 담백하면서 깊이있는 감칠맛이 있고, 유자향이 살짝 나서 물리지 않고 끝까지 다 먹고 나오게 됩니다. 토핑도 면도 모두 흔하게 일본식재료 슈퍼에서 살 수 있는 느낌이 아니고 오리지널리티가 느껴집니다. 저는 웨이팅 감수하고 세번 이상 갔네요.",5
유즈라멘 만리동점,주문누락하고 사과의 말 한마디 없음,1
유즈라멘 만리동점,"평일 저녁 30분 이상 대기 예상하고 가세요~ 하지만 기다릴만한 곳입니다.
처음 맛보는 맛이었는데 너무 맛있었어요!",5
유즈라멘 만리동점,"라멘은 만족스럽게 먹었는데 음악소리가 커서 좀 힘들었음.
웨이팅이 있는것 같아도 금방금방 빠진다.",4
유즈라멘 만리동점,"한그릇은 언제나 기분 좋은 맛인데 면추가하면 뭔가 맛이 없어짐... 근데 면추가가 무료라서 좋음
웨이팅 사악함",4
유즈라멘 만리동점,몇 년전 오픈 초기에 가서 대기없이 먹었는데 운이 좋았네.. 음식에 시트러스계열 향 나는거 싫어하는데 처음으로 맛있다고 생각했음,5
유즈라멘 만리동점,"영하 10도의 날씨, 30분이 넘는 기다림. 모든 것을 녹아내리게 하는 맛. 육수와 유자향의 조화가 일품.",5
유즈라멘 만리동점,"맛 보면 왜 지금껏 먹지 않았나 후회함.
유자즙이 진짜 신의 한수",4
유즈라멘 만리동점,"평일 11시 30분에 갔는데 정확히 한 시간 웨이팅 했습니다. 날씨가 너무 추워서 가게 앞에 바람 피할 수 있는 공간이 마련되어 있긴 했지만 기다리는 사람이 워낙 많아서 앞순서 분들 한참 빠지고 나서야 겨우 들어갈 수 있었어요.. 한 시간이나 기다릴 줄 알았다면 근처 카페에 들어가서 따뜻한 커피라도 마시고 있었을 텐데 어플로 대기시간 알려주는 시스템도 전혀 없어서 무작정 가게 앞에서 찬바람 맞으며 기다릴 수밖에 없었던 점이 아쉽네요.

그와는 별개로 라멘 맛은 훌륭했습니다. 유자 맛 나는 라면이라니 처음에는 무슨 맛일까 상상도 안 갔는데 전혀 이상하지 않았고 엄청 맛있었어요. 면이랑 육수는 무한리필 가능한 점도 너무 좋았습니다.",3
유즈라멘 만리동점,괜찮아요,4
유즈라멘 만리동점,"시오라멘이 정말 맛있습니다
담백하고 간이 적당한 육수에 퀄리티 좋은 부가재료, 그리고 얇은 면발 조합이 완벽해요
유즈를 넣을지 말지는 입맛대로 고르면 되겠지만 객관적으로 봐도 맛집이라고 할만합니다

항상 서울역 부근 지날때마다 여기로 식사하기 위해 자주 갑니다
면 리필 육수 리필도 호감포인트네요

다만 주문 후 식사가 나올때까지 오래 걸리는 편인데다가 기본 양이 모잘라서 여기저기서 리필 주문까지 하게되니 회전률이 국수집 치고 상당히 느리다는건 단점이라... 개선이 시급한데 이건 갈때마다 고쳐지지가 않네요",4
유즈라멘 만리동점,예상과는 다르게 국물 맛이 너무 밍밍했음 진정한 소유라멘은 멘텐이 갑인듯함,3
유즈라멘 만리동점,"소금라멘 시켰는데 그닥 제 입맛엔 안 맞더라고요. 면은 그냥 국수면 같았고, 국물에 깊은 맛이 없달까.. 다른 라면은 안 먹어봐서 모르겠어요",3
유즈라멘 만리동점,"1시간 반동안 웨이팅하면서 들어감.
인기많은 곳이라 이해는 함.
매장안에서 20분더 기다림.
뒤에 팀들 한테 메뉴 먼저감.
평소같으면 2시간 가까이 기다린게 아까워서 먹었을텐대 관심이 없고 기분이 나빠 나왔음.",1
유즈라멘 만리동점,가라아게와 만두도 맛있었어요! 유자향이 심하지 않고 은은하게 나서 좋았습니다. 기호에따라 유자를 더 첨가할 수 있습니다!,5
유즈라멘 만리동점,"만두는 맛있었고 라면의 고기와 차슈도 맛있었지만 막상 국물이 그닥.. 
제 입맛에는 안기다려도 안갈 곳인데 기다려서는 다신 안갈 맛입니다 금요일 점심 11:40에 키오스크 주문하고(웨이팅 번호 받음) 12:30에 앉았고 음식은 12:40에 나왔습니다 
국물이 진한 맛이 하나도 없고 정말 제 취향은 아닌데 기다린 시간이 너무 아깝네요ㅠㅠ",1
유즈라멘 만리동점,"독특한맛

유자. 루꼴라가 느끼함을 잡아줌",3
유즈라멘 만리동점,"맛있긴 맛있습니다 그러니깐 사람이 많은 것 같긴 하나 맛을 빼면 모든 면에서 다 그닥인 업장입니다. 제가 3점을 준 이유도 맛 5점에 다른 모든 부분이 1점이라 평균 내서 3점 드리네요. 맛도 유자향 싫어하면 또 별로라 할 순 있겠으나 간판부터 유자라멘이라는데 들어가기까지 한 것이니 그것은 논외로 하고 진짜  맛은 좋네요 그런데 테이블 회전, 가격, 음식점 크기 다~~~ㅂㄹ입니다. 
1. 물가가 혼자 따로 놉니다 남들 다 똑같이 적용받는 게 물가인데 유독 가격 상승폭이 큽니다. 3년새 2000원 올랐네요 비트코인인가요? 다 그렇다 처도 코카콜라가 2000원에서 3000원이 됩니다 ㅎㅎ 이건 무슨 ㅋ&hellip;
라면도 11000원&hellip;. 같은 가격이면 진짜 못 먹는 게 없을 정도이나 맛있어서 그래도 전 사먹네요 (무한리필이 되는 걸로 정신승리 중)
2. 테이블 회전 너무 안돼서 대기가 너무 길어요
3. 2를 해결할라면 이사라도 가시지 장소도 너무 좁아요~",3
유즈라멘 만리동점,"4.5가 없어서 주관적 편애에 따라 별 5개 찍음ㅎㅎ 작년에 처음 와보고 재방문을 3번 이상 했어요.
처음 맛본 뒤로 늘 유즈시오라멘을 먹습니다. 
지인은 여기서도 매운소유아 매운시오를 먹네요.
국내에서 라멘 맛있다는 곳을 가도 그저그런데에 비해 유즈라멘은 일관성 있게 라면이 맛있는 곳입니다 망설이지 말고 드셔보세요

::: 시오 라멘은, 소금으로 간을해서 본디 간장으로 맛낸 소유라멘에 비해 많이 맑은 색이며 맛이 담백,깔끔합니다. 따라서 애초에 이곳에 오고 싶다면, 시오라멘이 무엇인지 알고 본인의 기호에 빗대어 메뉴를 선택해야 맛을 제대로 누릴 수 있을 것 입니다☺️  아래 후기들의 &lsquo;국물이 진하지 않다&rsquo;의 참패를 맛보시지 않으려면&hellip; 메뉴를 잘 선정하세요

아쉬운 점은 인기가 너무 많아 조금 기다린다 정도. 그러나 맛있기로 소문난 라멘집이나 스시집 이자카야가 그렇듯 기다릴만한 맛이라 조금 기다린다. 일식을 다루는 집들이 장소가 보통 협소하기에 외국 나가도 기다리는 건 똑같기에. 너무 기다리는걸 싫어하지 않는 이상 조금은 기다려 먹어보길 권합니다",5
유즈라멘 만리동점,맛은 괜찮은데 웨이팅 관리가 전혀 안되요.,3
유즈라멘 만리동점,옛날엔 진짜 대존맛집이였는데ㅜ 저녁장사 시작되고 맛 떨어져서 너무 아쉬워요.. 걍 쏘쏘함..,3
유즈라멘 만리동점,"차슈는 누구나 인정하는 맛집입니다.

츠케멘 매니아인데, 츠케멘은 특유의 감칠맛이 있었는데 안나고 신맛 비슷한 맛만 납니다. 오랫만에 멀리서 이거 먹으러 왔는데 별로였네요,,",4
유즈라멘 만리동점,"맛은 인정하는 집입니다
기다리는 길가가 지저분한게ㅜ힘들어요",4
유즈라멘 만리동점,웨이팅빼곤 흠잡을게 딱히없음,4
유즈라멘 만리동점,맛은 있는데 과장 1도 없이 웨이팅 한시간까지는 생각하고 방문해야 합니다. 웨이팅 시스템을 왜 이렇게 비효율적으로 할까 의아할 뿐더러 리필 때문에 정말 회전율 최악입니다. 5번 방문했으나 30분 미만 안에 들어가본 적 한번도 없습니다.,3
유즈라멘 만리동점,"2년 동안 한 달 길게는 두어달에 한 번은 꼭 방문해서 먹는 최애 라멘 집이에요. 최근에 코로나 방역 관리 완화된 후로 3번 방문했는데, 차슈가 예전같지 않고 퍽퍽해졌고 국물 육수도 밍밍해지고 면도 익힘 정도가 매번 달라서 만족도 급 하강입니다. 게다가 최애였던 가라아케 조차 점점 튀김옷이 바삭하지 않고 밀가루 맛만 나요&hellip;맑은 국물 라멘집 찾아 다시 유랑해야하나 싶네요",3
유즈라멘 만리동점,유자쇼유..? 여튼 기본메뉴 맛있어요ㅋㅋ차슈도 맛있구ㅠㅠ 면 리필도 해줘서 조아여,5
유즈라멘 만리동점,★★★★★ 매운것도 안매운것도 다 맛있음! 라멘 안 좋아하는데 여기 차슈가 너무 맛있어서 차슈먹으러감,5
유즈라멘 만리동점,"꽤 맛있긴 한데, 감칠맛이 금방 휘발된다 해야 하나.. ㅜ
맑은 국물 좋아하면 괜찮은데, 바디감이 없는 건지 지방 감칠맛이 부족한 건지, 제 취향은 아니더라고요ㅠㅠ
분명 국물 바디감이 낮아도 감칠맛을 잘 잡는 곳도 있는데.. 
맑은 국물 좋아하면 가볼만 합니다! 인기 있는 근거는 있어요.",3
유즈라멘 만리동점,"맛있습니다.
날이 추워지면 또 가고싶네요",4
유즈라멘 만리동점,"국물이 기가 막힙니다.
차슈는 꼭 추가하세요",5
유즈라멘 만리동점,"맛은 있는데..
이렇게 더운 날 텅텅빈음식점에
음식 준비될때까지 손님을 안들여보내는
배려없는 직원들 덕에 다시는 오고싶지 않음",1
유즈라멘 만리동점,일본 거주했지만 일본에도 여기보다 맛있는 가게는 손에 꼽을정도 밖에없음 한국 탑 3에 들어가는 진짜 맛집 특히 시오라멘은 살면서 맛있는 집을 본적이없는데 유자와 조화하니 이렇게 맛있을수가 있구나 깜짝놀람,5
유즈라멘 만리동점,일본 안가도댐,5
유즈라멘 만리동점,"🤎🤎🤎🤎🤎🤎🤎🤎🤎🤎🤎🤎🤎🤎🤎🤎🤎최최쵳최최최애 라멘집 🤎🤎🤎🤎🤎🤎🤎🤎🤎🤎🤎🤎 짜지않고 담백한데다 쫀쫀한 면, 그리고 화룡점정 유자소스(??!!!) 까지 !!!! 🍋🍋🍋🍋🍋 진짜 좋아하는 맛집라멘.. 벌써 n번째 방문",5
유즈라멘 만리동점,"한 5번은 간 것 같은데 항상 대만족합니다
맛있고 직원분들도 친절하셔요
사리추가도 무료로 계속 해주셔서 배부르게 먹을 수 있습니다
치킨가라아게 꼭 드셔요 갓튀긴 염지잘된 가라아게에 명란마요?소스가 예술입니다",5
유즈라멘 만리동점,"내 입이 이상한가
유자와 라멘 조합은 불호였음

남자2 같이 가서 둘다 고개 갸우뚱하고 나옴",2
유즈라멘 만리동점,"츠케멘의 탈을 쓴 중화냉면

자고로 츠케멘이라 함은 농축된 뜨거운 진한 육수에 차가운 면발을 찍어(츠케) 먹는 것이 일본식 원조 츠케멘이라고 할 수 있겠다.

기대했던 것과 달리 나온 것은 차가운 면발에 차가운 새콤달콤 고추장 유자 비빔면 소스. 이런걸 보통 일본에서는 히야시츄카라고 해서 일본식 중화냉면 정도로 해석할 수 있겠다. 일본식 중화냉면은 면발과 새콤달콤한 소스가 차가운 것이 특징이다. 소스를 찍어먹거나 뿌려먹거나 그건 먹는 사람 자유이다.

본인들이 자기네 오리지날 비빔면 요리를 만들고자 한다면 제대로 된 설명을 해야지 않나 싶다. 나는 일본식 츠케멘을 먹고 싶었지 이 가게의 국적불명 퓨전요리를 먹고자 한 것이 아니다. 국물도 없는데 국자는 폼으로 또 넣어놓았다(국자는 국물을 마실때 사용하는거라구요).

다 먹고 나서 무료 추가 면과 육수를 요구했지만 츠케멘은 해당이 안된단다(그럼 츠케멘 제외라고 적어놓으세요). 13000원이라는 적지 않은 금액을 지불했지만 13000원 값어치는 못했다고 생각한다. 일본식 중화냉면은 집에서도 얼마든지 해먹을 수 있거든&hellip;

츠케멘이라는 이름을 사용하고자 한다면 제대로 된 츠케멘을 만드시길&hellip; 재방문 의사는 없다.",1
유즈라멘 만리동점,"개인 취향이지만 매운맛 보다는 맑은 라멘이 낫구요
고기에서는 잡내가 약간 나네요
면하고 육슈가 리필되는게 이집의 가장 큰 장점인듯!
참고로 찌깨면은 드시지 마시길 추천드림",2
유즈라멘 만리동점,다 먹어봐서 맛있지만 츠케멘이 제일 맛있다! ㅎㅎ 근데 해가 갈수록 웨이팅 난이 심해져서 힘들다ㅠㅠ,4
유즈라멘 만리동점,"진짜
인생 라멘됐어요!!!! 유자의
향긋함과 육수가 엄청 잘어울러요!!데이트코스 시오라멘 돈코츠라멘",5
유즈라멘 만리동점,방금먹고나옴. 느끼한거 잘못먹는 아줌마라서 거대한 목살덩어리에 놀라버림.. 내취향이 남의취향은 아니겠으니 그걸로 별 깎지는 않겠습니다. 계란이랑 면이랑 국물은 괜찮았으나 담에 왔을때 대기줄 있음 딴데 가겠음. 그리고 가라아게는 그냥 그랬음,4
유즈라멘 만리동점,맛은 좋고 깔끔한데 웨이팅해서 먹을 정도는 아니라고 느꼈습니다. 평일 저녁인데 20분이상 웨이팅 했습니다. 가격도 퀄리티와 근처 물가를 생각하면 괜찮은 정도입니다. 다만 별관쪽에서 응대하시는 분 서비스가 좀 아쉬웠습니다.,3
유즈라멘 만리동점,"웨이팅이 엄청나요... 전 5시에 가서 그나마 웨이팅이 별로 없었습니다. 
진짜 유자즙을 넣었는데 생각보다 많이 시큼하지도 않고 향긋해요. 
맛있게 먹고 왔습니다. 고기가 냄새도 안 나도 토치로 구워서 향도 나고 좋네요",5
유즈라멘 만리동점,"꽤 맛있었습니당
호불호는 약간 있을 것 같은 맛이긴 했어요
언제나 웨이팅이 있는듯
아 차슈 개맛있음",5
유즈라멘 만리동점,"라멘이 정말 좋았습니다. 은은한 유자향이 일품이었습니다.
교자도 무척 맛있었습니다.",5
유즈라멘 만리동점,"너무 깔끔하고 맛있는 라멘이었어요
라멘은 느끼하다는 편견을 가지고 있던 저인데
그 편견을 없애준 곳! 면도 매력적이었고 
다음엔 꼭 맥주와 함께 먹어보고싶어요",5
유즈라멘 만리동점,"인기 많은줄도 모르고 아침안먹고 배고파서 서울역 근처에서 일찍 갔는데, 11시 5분 전쯤에 맞춰서 가니 오픈도 전에 사람들이 두어명 서있었다. 다행히 세번째로 들어가서 기다리진 않았지만 11시반에만 갔어도 30분이상 기다려야 할듯 싶은 인기였다.아기자기한 분위기는 개인적으로 되게 좋았다.
라멘은 거의 기본메뉴급인 유즈시오라멘. 유자향이 국물에 은은하게 나면서 고기기름의 느끼함을 잡아준다. 갓김치도 덜어먹으면 진짜 잘 어울린다. 재료들 조화가 잘 어우러져있고, 무엇보다 면과 육수가 리필된다는 점이 너무 혜자였다. 든든하게 잘먹었다. 뭣보다 생각보다 이 가게 주변 상권 분위기도 너무 좋아서 의외였다. 서울역 인근은 핫플이 될지어다.. 이미 됐나?",5
유즈라멘 만리동점,라멘집 원탑. 대기가 문제였으나 조금 더 넓혀서 다행,5
유즈라멘 만리동점,라멘을 그닥 안 좋아하는데 여긴 맛있어요.,4
유즈라멘 만리동점,"주차가 일단 불편하고 츠케멘은 면추가 안되니 참고하세여~.
맛은 감동까진아니고 준수했어요 ㅎㅎ
근데 차슈는 인정!",4
유즈라멘 만리동점,"또 먹어도 맛있는 유즈라멘
유자를 좋아하지 않는데 맛있어요
국물&amp;면 무제한 추가 가능해서
면추가 하고도 다 비웠습니다!",5
유즈라멘 만리동점,시오라멘 먹었어요. 맑은 육수에 가미된 유자맛이 이색적이었고 꽤 잘 어울렸습니다. 다만 라멘에 유자즙이 이미 들어간 채로 나온 점이 좀 아쉬웠어요. 기본 육수만 맛보고 싶기도 했거든요. 그리고 얇은 면발이 제 취향은 아니었어요.  30분 정도 웨이팅한 것 같은데 기다리는 데에 크게 불편함은 없었습니다.,4
유즈라멘 만리동점,"소유, 시오 라멘",5
유즈라멘 만리동점,면이 얇아서 특이하고 맛있다. 면과 육수리필 되는 점이 좋음. 특히 차슈가 맛있음,5
유즈라멘 만리동점,"국물은 맛있는데 비싸요..ㅠ 면추가 한 번 해도 다 못먹는 거 생각하면 손해보는 느낌ㅠㅠ
그리고 차슈가 제 취향이 아니더라고요",3
유즈라멘 만리동점,"시오라멘🍜면이 굉장히 얇고 살짝 식감있어서 완전 제 취향이었습니다✨ 면은 반개, 한개 등으로 계속 추가제공 해주셔서 아주 만족스러웠습니다
국물은 처음에 살짝 유자향이 느껴졌지만 먹을수록 무뎌졌고 점도가 강하지 않아 좋았습니다

평일 저녁에 방문했는데 퇴근하시고 오시는 분들이 많은 것 같았습니다! 약간의 웨이팅 후 입장했고, 먹는 내내 웨이팅이 있었던걸로 기억합니다🙂

식당 내부가 계단식으로 되어있는데 살짝 위험해 보였습니다.. 그리고 환기가 잘 되지 않는지 요리하면서 생기는 연기, 음식 냄새가 잘 빠져나가지 못하는 느낌을 받아 아쉬웠습니다🥲 
하지만 음식은 만족스러워서 재방문할 의사 있습니다😆",4
유즈라멘 만리동점,서울역 가면 무조건 반드시 들리는 집,5
유즈라멘 만리동점,유자향 낭낭한,5
유즈라멘 만리동점,맛있는데 양이 적고 웨이팅 있음,5
유즈라멘 만리동점,맛있어요..! 그런데 엄청 특별한 맛은 아니네요!,3
유즈라멘 만리동점,육수 자체는 평범한 고기육수 맛인데 마지막에 유자 맛이 삭 감도는게 느끼하지않고 입가심 되는 느낌이라 끝없이 먹을 수 있을 것 같다 개인적으로 유자 라임 레몬 이런 새큼한 과일을 좋아해서 유자즙 더 넣어서 먹음 평소에 이런 맛을 싫어한다면 비추,5
유즈라멘 만리동점,라멘은 느끼하고 짜기만 해서 잘 안 먹게 되는데 여기는 유자향이 있어서 잘 먹을 수 있었어요~ 다만 웨이팅은 좀 불편하고 사이드는 그냥 그래요.. 주차 안 됨!,4
유즈라멘 만리동점,맛나요,5
유즈라멘 만리동점,"웨이팅은 좀 길었지만 유자시오라멘 진짜 맛있게 먹었습니다. 일본 라멘 특유의 기름진 맛을 유자의 상큼한 뒷맛이 집아주네요. 

면도 가늘지만 탄력있어서 맛있었고 차슈(두툼한 으로 변경)했는데 다른 라멘 차슈랑은 다르게 육즙이 끝내줍니다. 

죽순 좋아하시는 분은 추가로 넣는 걸 추천합니다.

간만에 맛있는 라멘을 먹었네요. ^^",5
유즈라멘 만리동점,"맛집이라고 떠서 웨이팅까지해서 먹어봤는데
기대했던 정도까지는 아니었구요
개인적으로는 유자향이 라면과 어울리는 맛이라고는 생각하지않습니다. 호불호가 갈릴듯.
그냥 그랬어요 내부도 좁은느낌에다 웨이팅까지하려니 맛도 그냥 그랬고... 다음에 다시가겠냐고하면 글쎄요&hellip;입니다",3
유즈라멘 만리동점,"전혀 느끼하지 않은 라멘, 그 자체만으로도 사람들을 이렇게나 모을만 하다",4
유즈라멘 만리동점,갈때마다 웨이팅이지만 먹어본 라멘 중 최고. 직원들도 항상 같은 컨디션의 서비스를 제공하는 곳. 늘 만석인데도 순서가 꼬이거나 메뉴 틀리게 나온 적이 단 한번도 없음. 면이랑 육수 추가 되는 것도 굳.,5
유즈라멘 만리동점,"오늘은 츠케멘. 따뜻한 스프의 츠케멘을 생각했는데, 차갑습니다. 살짝 매운편이구요. 상상과는 다른 맛이었지만 맛있습니다.
주말엔 브레이크타임이 없으니 유의하세요!",5
유즈라멘 만리동점,스고이!,5
유즈라멘 만리동점,"무난하게 맛있음. 신기하게 유자맛이 옅게 나는데 조화를 이룸. 매운걸 좋아해서 매운맛 먹었는데 안매운맛이 더 맛있음~ 면이 아주 쫄깃함! 차슈도 부드럽고 맛있음

유자소스 추가할 때 들이붓지 않게 조심! 팍 나옴

맥주 300ml 있는게 극강의 장점. 낮에 라멘에 간맥하니 기분이 좋음.",4
유즈라멘 만리동점,주말 웨이팅 30분 정도였고 맛있네요 ㅎㅎ 사람많은거 싫어하면 비추,5
유즈라멘 만리동점,차슈가 맛있고 유자 향이 기분 나쁘지 않게 은은하게 나서 좋았음. 다만 웨이팅이 너무 긺,4
유즈라멘 만리동점,그렇게 까지 줄서서 먹을맛인가 싶다. 주차 불가능,3
유즈라멘 만리동점,너무 실망했어요 인테리어든 음식 맛 쯤 생각하세요 그냥 빵 집도 이런씩로 안한다 fine ramen kkk omg,1
유즈라멘 만리동점,굿,5
유즈라멘 만리동점,라멘맛은 확실히 있어요 서울역에 이정도 맛내는 곳이 없죠 다만 웨이팅이 너무 길고 분위기도 빨리 먹고 나와야하는 분위기라 아쉬움이 있습니다,5
유즈라멘 만리동점,맛의 지평 +1. 재방문은 딱히..,4
유즈라멘 만리동점,맛은 괜찮은데 웨이팅이 안습이네요,3
유즈라멘 만리동점,"생각나는 맛이네염 ㅎㅎ
근데 좌석간 간격이 진짜 좁구 김치만두 (4000)는 굳이 안시켜먹어도 될 맛 같,,,,,,,,  국물 간도 딱 좋구 면 익힘도 딱 좋아영",4
유즈라멘 만리동점,괜히 잘 돼는 곳은 없네 역시,5
유즈라멘 만리동점,기다릴 땐 먼저 주문 하고 대기번호 받기.,5
유즈라멘 만리동점,"베스트 1,2위 메뉴라는 유즈시오라멘과 매운유즈소유라멘 먹어봤어요! 둘다 맛 괜찮구 양은 부족하면 육수, 사리 추가가 가능하다고 하네유! 면이 꼬들꼬들해서 맛났고 고기도 왕크고 맛있음다! 웨이팅은 기본",4
유즈라멘 만리동점,"문열자마자 대기 16번 매운유즈소유라멘
유자향이 상큼하네
전통라멘은 아닌 퓨전",4
유즈라멘 만리동점,한 15분 기다렸나..? 막 웨이팅이 이해될 것 같은 맛은 아니었어요.. 은은하게 유자향 나고 무난하게 잘 먹었습니다!! 면이랑 육수 무한리필 되는 게 좋았어요,4
유즈라멘 만리동점,"그렇게 특색있는지는 모르겠음 
맛은 있음!웨이팅 있음",4
유즈라멘 만리동점,맛있는데 친절하고 활기차네요.,5
유즈라멘 만리동점,⭐️⭐️⭐️/⭐️⭐️⭐️⭐️⭐️/⭐️⭐️⭐️⭐️,3
유즈라멘 만리동점,그냥 그냥 소소합니다,4
유즈라멘 만리동점,"라멘 느끼해서 잘 못먹는데
유즈라멘은 전혀 느끼하지않고 담백해서 유일하게 먹는 곳이에요.
특히 츠케멘 최고예요!",5
유즈라멘 만리동점,웨이팅 없이 딱 맞게 들어갔어서 그냥저냥 맛있게 먹음,4
유즈라멘 만리동점,감동이 점점 줄어요 아이들은 그닥이래요,3
유즈라멘 만리동점,먹어본 시오라멘중 원탑,5
유즈라멘 만리동점,"만리동 유명한 맛집! 주말 12시 전에 가면 대기가 6팀 정도 있는데 본 가게 옆에 분점? 공간을 만들어놔서 얼마대기 안했습니다!

면은 얇고 쫄깃했으며 저는 시오 먹었는데 담백해서 같이 먹는 부추김치랑 밸런스 딱이였어요! 매운라멘류는 다 간이 세서 좀 자극적이였고 가라아케는 바삭하지만 특뱔한 맛은 아니고 오히려 같이 먹는 소스가 맛있었음 ㅋㅋㅋㅋㅋㅋ
대기가 아주 길면 안기다릴거 같은데 그렇지 않으면 맛있어서 추천해요! 면이랑 육수 무한리필인데 면이고 양이 많지 않아서 보통 사리 반접시 추가는 다 하는거 같습니다!",4
유즈라멘 만리동점,시오로. 단품으로.,4
유즈라멘 만리동점,맛있다! 너무 맛있다 ㅠㅠ,5
유즈라멘 만리동점,つけ麺,3
유즈라멘 만리동점,"일년에 2-3번 업무상 일본에 다녀오는데
여기 진짜 맛집입니다
가격은 비싼게 좀 아쉽지만 어쩔수없이 먹으러 갑니다",5
유즈라멘 만리동점,국물 진짜 깔끔하고 루꼴라랑 유자향 엄청 개운한 느낌 들어요 차슈도 너무 맛있음,5
유즈라멘 만리동점,국물이 계속 생각나네요ㅠㅠㅠㅠㅠ 진짜 맛있어요 꼭 드세요ㅋㅋ 추천,5
유즈라멘 만리동점,맛있게 잘 먹었습니다~ 다음에 또 올게요~,5
유즈라멘 만리동점,개인적으로는 안국점이 컨셉도 그렇고 매장청결도나 여러가지 측면에서 나은듯.. 하지만 그럼에도 불구하고 유즈라멘이기에..,4
유즈라멘 만리동점,국물맛이 좋아요 면발도 잘어울려서 혼밥하러 자주와요~ 라멘은 유즈라멘,5
유즈라멘 만리동점,맛나요~,4
유즈라멘 만리동점,맛있는건 맞는데 만점을 주기엔 다른 맛있는 라멘집도 많다,4
유즈라멘 만리동점,종류가 많아서 좋아요,5
유즈라멘 만리동점,"그냥 말할 것 없다 맛있다
처음에는 가격도 조금 나가나보다 생각했는데
면하고 육수 1회 리필이라 가격도 괜찮다 생각했다

청결? 다른 라멘집 간데에 비하면 진짜 좋은 편
유자를 넣어 차별성도 있는 라멘집이였다

대기줄이 많아서 좀 아쉬웠지만 그만큼 가볼 만 한 곳이긴 했다",5
유즈라멘 만리동점,라멘 먹고싶을때 달려갑니다ㅋ 너무 맛있어요,5
유즈라멘 만리동점,라멘 찐 맛집 드디어 찾았네요! 끝내줍니다~,5
유즈라멘 만리동점,국물맛 진짜 대박! 와~ 앞으로 라멘은 여기서 먹는거로!!,5
유즈라멘 만리동점,웨이팅만 없으면 참 좋을텐데.. 달마다 가는곳,5
유즈라멘 만리동점,우리나라에서 제일 맛있게 먹은 라면집:&gt; 면이랑 육수 추가되어서 완전 든든함 :&gt;,5
유즈라멘 만리동점,유즈시오라멘 먹었는데 최고최고!! 다른 메뉴들도 다 먹어보려고요~,5
유즈라멘 만리동점,여기 라멘맛집이네요 손님이 많은 이율 알겠어요^^,5
유즈라멘 만리동점,혼밥으로도 먹기 나쁘지 않아요. 웨이팅이 있으니 미리 걸어두는걸 추천합니다.,4
유즈라멘 만리동점,"여기 맛있음요 ㅋㅋㅋ 
언니가 추천해줘서 알게 된곳인데 혼자서도 자주 가고 있어요.",5
유즈라멘 만리동점,갑작스럽게 혼밥하는데 완전 좋더라구요,5
유즈라멘 만리동점,매운유즈소유 라멘이랑 츠케멘 먹었는데 진짜 맛있음,5
유즈라멘 만리동점,매운 게 더 맛있어요,5
유즈라멘 만리동점,"- 첫 방문: 유즈시오라멘
상큼한 유자향 + 맑은 육수 + 루꼴라 조합이 아주 신선했음! 차슈랑 반숙계란도 맛있었음
중간에 면 반 개에 육수 추가해서 먹으니까 새 음식이 되어서 아주 좋았음 ヽ(&acute;&forall;｀●)ノ

- 두 번째 방문: 🌼매운유즈시오라멘🌼
쇼유라멘도 맛있긴 했으나 일행들과 골고루 맛본 결과 만장일치로 결정! 앞으로는 요거다",5
유즈라멘 만리동점,맛도 좋고 가성비도 좋은 찐 라멘 맛집이에요!!!,5
유즈라멘 만리동점,몬가 어색한 조합으로 생각했눈데 안질리고 계속 들어가여,5
유즈라멘 만리동점,유즈시오라멘 매운맛 강추,5
유즈라멘 만리동점,"오랫만에 맛나게 먹은 라멘(시오라멘, 매운시오라멘) 웨이팅 보람있었어.
맛없는 집은 리뷰안달고 문제있는 집 정보차원으로 리뷰달고.
치킨가라아게 수제느낌 확실하고 너무 맛남.
더워지면 웨이팅 힘드니 봄, 가을 자주 가야지.",5
유즈라멘 만리동점,색다른 맛의 유자맛 라멘 맛있다,4
유즈라멘 만리동점,"메인인 유즈시오라멘 먹었는데 챠슈 존맛탱이라고해서 추가했는데 후회안함,,, 이미 유자가 좀 들어간탓에 중간에 조금 더 넣으니 유자향이 너무강해져서 처음 그대로 쭉 먹는게 나앗을수도! 하지만 완그릇👍",4
유즈라멘 만리동점,"면 무한리필+맛+차슈 최고
일찍가면 웨이팅 없으나 점심시간때 되면 웨이팅 기다려야하니 참고하시길!",5
유즈라멘 만리동점,"여기, 라멘에 감동을 담다.
반오십(가까이) 살았지만 누구에게나 부담없이 추천할 수 있는 라멘집 딱 하나를 고르자면 이곳 유즈라멘입니다.
담백한 시오라멘 국물과 진짜 맛있는 면을 유자와 루꼴라(인것같음)가 깔끔하게 받쳐 줍니다. 이베리코 차슈는 그 자체로 별미이고 일본 현지 느낌의 가라아게에 레몬즙을 살짝 얹으면 입 안이 황홀합니다.
상당합니다 이곳.
친구와 주기적으로 방문하기로 했습니다. 왠 그지같은 놈이 구석에서 라멘 먹고있으면 저입니다...",5
유즈라멘 만리동점,라면은 좋았지만 자리가 협소하고 찾는사람이 많아 힘들었음. 점심시간 30분 전 11시30분부터 직장인들 대기시간 너무 길어서 한시간 서있다가 들어감. 대기시간 얼마안걸린다더니.. 굳이먹을거면 점심시간피해서 가야겠음,3
유즈라멘 만리동점,"개인적으로 제입맛에는 좀 아쉬웠네요
유자 향때문에 먹는다고들 하시는데 
개인적으론 유자향이 뭔가 따로 노는 느낌이었어요. 그리고 저 루꼴라라는 채소도 좀; 
원래 일본에서 저 채소를 써서 조리하는지는 
모르겠지만 생소한 채소라 맛이 어색했어요. 
오히려 차슈는 두툼하고 안질기고 좋았어요.
반숙계란도 맛있었습니다. 
나중에 츠케멘 한 번 도전해보려구요",3
유즈라멘 만리동점,"맛있는데, 서울에 이만큼 하는 라멘집 쌔고 쌨어요.
피크타임때 가면 '얼른먹고 가라' 이런기분 낭낭히 느낄수 있음^^
시오는 괜찮고 쇼유 비추. 쇼유랑 유자향이랑 따로놀아요",2
유즈라멘 만리동점,"시오라멘의 진한 국물에 고흥유자즙 들어가서 상큼한 맛이 더해져 질리지 않고 계속 들어가요! 먹다가 중간에 조금 더 넣어서 먹는게 더 취향이었음.
면을 그렇게 좋아하는 타입이 아닌데 여기는 다 먹고 추가할까 고민했어요. 매일 뽑는다더니 계속들어가요. 토핑에 루꼴하가 들어가길래 의아했는데 루꼴라와 같이 먹는 면 맛이 일품 ㅠㅠ",5
유즈라멘 만리동점,"맛은 있으나 서울에 이정도 하는 라멘집은 많아요
한시간 가까이 기다려 먹을 정도는 아닙니다.
음악소리 너무 시끄럽고, 좁아서 뒤로 직원들이 왔다갔다 해서 먹는데 집중이 안되요",3
유즈라멘 만리동점,먹는 내내 이게 줄 30분 서서 먹을 맛인가하고 생각 하게 됨...,2
유즈라멘 만리동점,"밑에 리뷰들에 공감하지만 
별점5점인 이유는 특색있는곳이었기 때문이에요.
가게 인테리어도 특색있었고 
무엇보다 유자향을 라멘에 섞는다는 
아이디어 자체가 신선하더라구요.
그 아이디어에서 별 4점은 먹고 들어갔습니다.
다만 웨이팅은 좀 힘들더라구요.
중간에 면추가 하시는분들도 많이 계셨고 
매운라멘인데 그냥 칼칼한 정도였습니다.
맵고수님들은 실망할듯

재방문 의사? 흠 70% 돌아서면 약간 생각나는 맛이긴 한데 메뉴가 다양하지 않아서 그냥 칠십퍼 !!",5
유즈라멘 만리동점,"유자향이 진한 유즈라멘을 먹을 수 있어 궁금하던 차에 방문했다. 기본으로 올라가는 차슈는 이베리코 돼지를 사용하며, 추가로 버크셔 K 샤브샤브를 더할 수 있다.
다른 식감의 고기를 즐길 수 있고, 맛 또한 고기의 누린내가 없으며 질기지 않았다. 
유자향을 더하고 싶으면 테이블의 유자즙을 취향껏 넣을 수 있으니, 유자를 좋아한다면 꼭 가봐야할 것이다.",4
유즈라멘 만리동점,"처음 가신다면 일단 시오로 주문하는게 좋을 것 같아요
쇼유로 먹었는데 개인적으론 유자랑 어울리진 않았습니다. 시오로도 먹오보곤 싶은데 1시간 기다려서 먹을정도인지는 모르겠어요
그래도 맛있긴 맛있습니다",4
유즈라멘 만리동점,"금요일 여섯시 전에 웨이팅 없이 들어갔어요. 
국물과 면이 잘 어울렸고 루꼴라 조합도 새로운 맛을 더해주어 재밌었어요. 도톰한 차슈도 매력 포인트. 다음엔 유자가 안들어간 버전으로 먹어보고 싶어요. 김치 양념이 함께 있어 느끼하지 않게 먹기 좋네요.
+직원분들이 활기 넘치고 친절하세요.",5
유즈라멘 만리동점,"맛있어요
양은 남자가 먹기엔 약간 부족할 것 같음
그래서인지 다들 면추가함 
물론 맛도 있어서 추가하는거지만..",4
유즈라멘 만리동점,"주말 저녁오픈 시간에 맞춰 갔더니, 오픈하고 바로 앉아 먹을 수 있었습니다. 유자맛이 느껴지는데 엄청 특이하다 느낌은 아니었고 루꼴라가 있던게 밸런스를 잘 잡아준 듯 해요. 소금 맛있어요",4
유즈라멘 만리동점,유즈 시오 라멘과 가라아게 추천 ! 국물도 깔끔하니 맛있고 가라아게는 폭신하면서 바삭한게 계속 먹고싶어지는 맛이네요,5
유즈라멘 만리동점,맛있지만 너무 너무 오래 기다려야함,4
유즈라멘 만리동점,"21.08.02 월요일 맑음

유즈시오라멘 10000

매장이 되게 분위기가 좋아요
특이한 구조로 되어있습니다
자리는 많지 않아서 웨이팅이 심할듯요
저는 사람 없는 시간대에 가서 바로 먹었네요
직원분들 친절하시고
되게 맛있었어요 유자향이 아주 좋아요
잘 먹었습니다",4
유즈라멘 만리동점,넘 맛있어서 조만간 또 갈거 같아요. 주문도 간편하고 안내도 잘해주셨어요. ☺,5
유즈라멘 만리동점,오랜만에 맛있는 라멘이었어요! 국물도 깔끔하고 루꼴라랑 잘어울려서 좋네요,5
유즈라멘 만리동점,"아무래도 유명해져서 손님이 많아져서
사장님이 이 지점에 안 계셔서 그런지
처음의 맛은 안 나네요

입구쪽 바자리 들썩거리는 의자 밑에 휴지 끼워넣고 라멘 먹고있는데 옆자리로 이동해달라는 직원 말이 너무 불편했어요 

대기중이면 모르겠지만 음식 먹고있는데 옮기는건 너무 번거롭지 않나요? 편한 자리도 아니고 의자가 높은 바자리에서요..

짜면 육수 제공된다지만 너무 들쑥날쑥한 육수 맛에 뜨거울땐 맛있다가 조금 식으면 혀가 아려옵니다

알바생들끼리는 한계가 있어보여요

서울 오면 꼭 먹던 라멘이었는데 여러모로 아쉬워요",3
유즈라멘 만리동점,가라아게가 맛있습니다. 오래 기다려가며 먹을 맛은 아닌듯 합니다..,3
유즈라멘 만리동점,"가야는이유 : 맛에 대한 고민과 연구의 흔적이 느껴지는
안가는이유 : 진한 국물맛과는 다른 계열

유즈시오,쇼유,가라아게 : 전체적으로 가벼운 느낌, 유자의 맛은 생각보다 약하고 조금 더 뿌려먹는 것을 추천, 유자보다는 루꼴라가 킥이라고 생각될만큼 잘 어울리는, 이베리코를 쓰는 차슈는 두께와 부드러움이 상당한, 개인적으로 가라아게는 평범했고 맥주와 같이 먹을때 추천하고픈

키오스크 주문 후 교환권을 주는 순서로 대기, 주말 1시 전후로 사람들이 몰리고 회전은 빠른편, 고깃집 도마 운영, 안국에는 도마와 콜라보한 2호점 운영",4
유즈라멘 만리동점,라멘의 정석 ◡̈,5
유즈라멘 만리동점,"일반 유즈시오라멘이 제일 맛있었던거로 기억함,,
웨이팅이 점심ㅡ저녁 다 있지만 한 번쯤 가볼만하다",5
유즈라멘 만리동점,미쳤음...,5
유즈라멘 만리동점,"츠케맨이 더 맛있네요
시오라면 국물 깔끔하니 좋아요 
40분 기다렸는데 음..",4
유즈라멘 만리동점,"츠케멘 먹었는데 호불호 갈리는 스타일의 츠케멘 같아요~~ 
연남동 ㅎㄴ 스타일을 좋아해서 그런가 그냥 그랬습니다..! 
그러나 분명 맛집인 건 사실인 게 면도 맛있고 챠슈와 계란 등등 맛있습니다 적당히 친절하시고요 (사진 속 츠케멘은 멘마 추가한 것)",4
유즈라멘 만리동점,"츠케멘 먹었습니다 ! 
면 온도를 선택할 수 있는지 모르겠지만, 아쉬운 점은 면이 따뜻했으면 면도 부드럽고 소스도 잘 배고 속이 편했을 것 같아요!!!
대부분 국물라멘 드시던데 다음에 가면 국물라멘 먹어보려구요. 
면은 차가웠어도 고소하고 맛있네용.
그냥 면이랑 챠슈랑만 먹으면서 고소한 맛 느끼고 마무리 될 때쯤 소스 조금 먹으면 더 맛있네용.",4
유즈라멘 만리동점,"시오라멘을 먹었는데 느끼하지 않고, 깔끔한 국물맛이 인상적이었어요. 꼭 다른 메뉴도 먹어보고 싶어요! 휴일 점심 때 가니 조금 기다려야 들어갈 수 있었는데, 가게가 좀 더 넓었다면 하는 아쉬움이 있네요.",5
유즈라멘 만리동점,맛있어요..웨이팅필수,5
유즈라멘 만리동점,맛있어유 가격이 뙤까 비싸디만 ㅜㅜ,5
유즈라멘 만리동점,라멘집중 원탑🫶🏻🫶🏻🫶🏻,5
유즈라멘 만리동점,여기 라멘이 일본에서 먹었던것보다 더 맛있는집이예요 굿굿,5
유즈라멘 만리동점,이 동네 살면서 이 맛을 이제서야 알다니 억웅해,5
유즈라멘 만리동점,"맛이 없는건 아닌데 웨이팅1시간까지 기다릴 맛은 전혀아님
그러나 면, 육수 리필되는거는 장점이긴한듯",3
유즈라멘 만리동점,웨이팅이 좀 괴롭지만 맛있음^0^,5
유즈라멘 만리동점,라멘 국물이 유자향 때문에 호불호가 갈릴 수 있습니다. 그것만 아니면 괜찮은 라멘집이라 생각됩니다. 이 집의 다른 장점은 면과 국물 무한 제공보다도 사이드메뉴 퀄리티입니다. 어지간한 이자카야보다 카라아게가 더 나았습니다.,4
유즈라멘 만리동점,"인생 탑5에 꼽는 라멘. 깊지만 산뜻하고 유자 향이 자연스럽게 묻어난 풍미 있는 맛. 줄은 길지만 면, 육수 리필 가능하고 친절하다.",5
유즈라멘 만리동점,차슈가 맛있고 국물은 깔끔한 맛으로 먹을만하긴 했는데 너무 기대해서 그런가&bull;&bull;&bull; 기대했던 것보단 별로였고 국물에서 유자향이 나는 게 살짝 낯설었음,3
유즈라멘 만리동점,"호불호가 갈릴수도 있지만.
무난한 시오라멘에 산뜻하고 
색다른 변화를 주는 유자즙의 맛이 좋았어요.

매운맛은 진순이도 먹을수 있는 맛입니다.
먹다보면 약간 누적되는
입안에 약간 은은하게 매콤?함이 남는 맵기에요.

--‐‐----------------

개인적으로 아쉬웠던건, 
라멘의 느끼한 맛을 산뜻하게 
씻어줄 수 있는 락교, 초생강이 없고 
부추김치만 있었다는 점 입니다. 

대다수의 한국인 입맛에는 김치가 맞을수있겠지만, 
초생강이 많이 땡기는 맛이에요...

칼국수맛집의 배추김치와 같이 잘 어울리거나 
특별히 맛있는 김치도 아니였고.

저에게는 유자즙을 넣은 산뜩한 라멘을 먹는데.
마늘,고춧가루가 들어가 숨 죽은 
그저그런 맛의 부추김치는
라멘맛을 좀 헤쳤어요.
단가문제인건지, 느끼하다고 무조건 김치를 외쳐대는 고객층 때문인지는 모르겠지만.

선택지가 부추김치만 있는부분이
유명한 맛집임에도 아쉬운점이에요. 

--------

유자즙은 소금 넣듯이 조금씩 넣으며,
입맛에 맞는 농도를 찾아보심을 추천합니다.
넣어보고 아니다 싶으면 국물 추가 요청해서 희석해서 드셔보세요.",5
유즈라멘 만리동점,"유즈시오라멘...* 
: 국물이 밍숭맹숭하다(합격) 
국물안짜서 드링킹 가능!
그리고 국물에서 유자맛이 나긴 나는데 인위적인 향이 나는게 아니고 신맛이 가미된 느낌이라 
잘 어울리고 맛있다! 
왜 사람 많은지 알겠다..
그리고 김치가 맛있다.. 김치 리필 3번함
이 집이 오래가는건 김치가 맛있기 때문
가라아게도 시켰는데 바삭바삭하이 튀김껍질 얇아서 더 좋았다",5
유즈라멘 만리동점,지나갈 때마다 사람 많아서 항상 궁금했었는데 맛있긴 진짜 맛있네요.. 적당히 기름지고 맛있음 근데 차슈가 진짜 미친 개맛도리👍  차슈추가 무조건!!!,5
유즈라멘 만리동점,엄청난 웨이팅을 감수할만한 서울역 체고조넘 라멘 맛집,5
유즈라멘 만리동점,"평일저녁인데도 웨이팅이 너무 길어요 ㅠㅠ
맛은 건강하고 재료의 풍미를 잘 살린 라멘입니다.",5
유즈라멘 만리동점,토요일4시반에 가서 웨이팅없었음. 이런집은 애매한 시간을 노리시라~~ 그치만 딱히 맛집이라기엔...국물이 너무 맑은편,3
유즈라멘 만리동점,오랜 시간 줄 서서 기다린 보람있는 맛👍 라멘 굿물 맛 계속 생각나는데 줄이 너무 길어서 사실 또 가기 쉽지 않을 듯 합니다 ㅠㅠ 치킨가라아케도 맛남👍👍,5
유즈라멘 만리동점,호불호가 갈리는 라멘,3
유즈라멘 만리동점,"⭐️이중 웨이팅. 캐치테이블 1차, 주문 후 2차
15분 정도 추가 대기함. 

라멘 자체는 굉장히 깔끔한 맛! 깊고 진한 맛은 아님. 그래도 준수한 편

근데 라멘이랑 부추김치랑 안 어울림..유자랑 부추 둘 다 향이 강한데 고춧가루를 넣은 김치니ㅠ그리고 차슈가 살짝 태운 한방수육에 가까움. 그래서 차슈랑 부추김치랑 먹으면 맛있음ㅋㅋ면, 육수 추가 가능해서 가성비 괜찮다고 봄.",4
유즈라멘 만리동점,지나가다 우연히 들어왔는데 라멘 찐 맛집이네용 맛있게 먹었습니당,5
유즈라멘 만리동점,"요리에 진심인 사장님과 직원들
개선의견을 적극 반영하는 자세...  최고 라멘집.",5
유즈라멘 만리동점,너무 웨이팅이 길어요..노답..,3
유즈라멘 만리동점,최고!! 안국역점이랑 둘다가봤는데 똑같아요 직영점 맞음 정말 잘 먹었습니다~~,5
유즈라멘 만리동점,"친구랑 둘이 가서 먹었어요 비오는 날이라 대기줄이 쫌 있었어요 

맛은....계란 5개도 먹을수있어요
면도 좋았고 챠슈 너무 부드러웠구요
친구랑 다음에도 또가서 먹기로 했네요
아이랑 같이 먹을 분위기는 아니예요",5
유즈라멘 만리동점,"왜 웨이팅해서 먹는지 이해 안 됨

유즈시오 매운유즈시오 먹었는데 유즈시오 첫입 먹자마자 
너무 새콤해서 놀랐음
내 입맛에는 별로
차라리 매운유즈시오가 더 맛있음

너무 느끼해서 다 못 먹었는데 다른 사람들은 면 추가해서 많이 먹는걸 보면 내 입맛에는 안 맞는 모양

취향 떠나서 존맛까지는 아니니...웨이팅 30-40분 해서 먹을 라멘은 아니라고 생각",3
유즈라멘 만리동점,잘 먹고 갑니다 &hellip;. 유자 들어서 이상할줄 알았는데 너무 맛있어요 ㅠ ㅅ ㅠ,5
유즈라멘 만리동점,"기차 기다리면서 들렀어요 ㅎㅎ
분위기도 맛도 좋네요 :)",5
유즈라멘 만리동점,라멘 별로 안좋아하는데 여기는 맛있어요,5
유즈라멘 만리동점,"특별한 일본식 라멘이 땡길때 추천
하지만 30분이상 기다려서 먹을 맛은 아닙니당
적당히 기다릴 때 가서 드셔보세용
차슈 부들부들 맛있어용!!",3
유즈라멘 만리동점,맛도 좋고 아늑한 인테리어가 좋아요,5
유즈라멘 만리동점,맑고 산뜻한걸 알겠으나  인상찌푸려질정도로 짜던데. 웨이팅 하고나서 제일 실망한집. 차슈도 냄새났음.,1
유즈라멘 만리동점,"이거참 맛집이로세
캐치테이블하면 웨이팅도할만하고 닭육수 깔끔하고 차슈튼실하고 면도 꼬돌하니 리필 필수❤️ 시오라멘 유자추가도 굿",5
유즈라멘 만리동점,"낯선 유자라멘의 풍미가 미쳤어요...
먹어본 라멘중에서 두 번째로 맛있습니다.",5
유즈라멘 만리동점,음식이 신선하고 맛있었어요.,5
유즈라멘 만리동점,매운음식 잘 못먹는데 매운라멘도 맛있더라고요! 담백 든든!,5
유즈라멘 만리동점,"너무 맛있음 😋😋😋
면추가가 공짜라 좋음",5
유즈라멘 만리동점,대기가 길지만 마싯슴,4
유즈라멘 만리동점,면킬러라 라멘집 진짜 많이 다녔는데 여기도 탑순위 안에 들 정도로 맛있었어요 국물맛이 느끼하지 않고 시원한게 계속 들어갔어요,5
유즈라멘 만리동점,유자의 맛이 감칠맛 나게 엄청 맛있습니다^^,5
유즈라멘 만리동점,국물이 진하고 면발도 굿임👍🏻 갠적으로 인생라멘집임,5
유즈라멘 만리동점,"사진-유즈시오라멘 ,치킨 가라아게
가라아게는 부드럽고레몬이 생각보다 잘어울립니다
시오라멘은 유자추가해서먹는게 확실히 덜느끼해서 좋았습니다 루꼴라 추가하는게있으면 좀더 느끼함 잘잡아줄듯?

시설 시원하고 깨끗 + 자리가 좁은대신 각테이블마다 가방이나 짐놓을 수있는 바구니가 있어서 편의성 굿
재방문의사 O",5
유즈라멘 만리동점,"웨이팅만 힘들지 않다면 매일 오고 싶은 곳 ㅠㅠ
여기보다 맛있는 라멘집은 아직 만나지 못함.
특히 차슈가 정말 맛있음.
직원분들도 친절하고 면과 육수 계속 리필되는 것도 좋음.
가격도 괜찮은 편.",5
유즈라멘 만리동점,요즘 최애라면집. 기본 충실하고 메뉴도 많아서 좋음,5
유즈라멘 만리동점,가성비도 좋고 친절해서 좋아요 ㅎㅎ 자주 갈게요,5
유즈라멘 만리동점,"가성비도 좋고 메뉴도 다양하며, 음식들 퀄리티가 높아서 맛있게 잘 먹고 왔습니다.",5
유즈라멘 만리동점,"가격이 비싸고, 제 입맛에는 너무 안맞았습니다
유자향이랑 라멘이랑 안어울렸어요
하지만 제 주변에 앉은 분들은 만족하면서 드시는 걸 보니 저만 별로였던 것 같아요",2
유즈라멘 만리동점,분위기가 매우 아늑했어요.,4
유즈라멘 만리동점,한 번씩 웨이팅해서라도 먹고싶은 깔끔한 라멘,5
유즈라멘 만리동점,국물도 진한데 면발이 진짜 쫄깃하고 맛있어요 &gt;_&lt;,5
유즈라멘 만리동점,"그럭저럭 괜찮아요
근데 차슈추가 비싼데 양이 너무 적어요",4
유즈라멘 만리동점,유즈라멘먹고 일본라멘이 좋아졌어요. 조만간 또 방문할게요~,5
유즈라멘 만리동점,라멘은 오랜만에 먹는데 일본에서 먹던 그 맛이었어요.,5
유즈라멘 만리동점,유즈라멘은 처음 먹어보는데 신선하면서도 정말 맛있네요.,5
유즈라멘 만리동점,라멘 러번데 여기 찐 라멘 맛집 인정~~ 조만간 재방문예정,5
유즈라멘 만리동점,"이 근방에서는 두툼과 더불어 최고로 인기가 많은 맛집, 절묘한 국물맛은 감동입니다. 요즘 상위권 맛집이 그렇듯 웨이팅 압박이 단점 아닌 단점.",4
유즈라멘 만리동점,"느끼한걸 별로 안좋아해서 라멘을 잘안먹는 편이었습니다 예전에 서울역에 볼 일이 있어서 들림김에 맛있는 식사가 하고 싶어서 찾았던 곳인데 정말 정말 맛있습니다.
시오라멘이라 담백한데 상큼한 유자 맛이 가미되어 더욱 깔끔한 맛을 냅니다.
오늘은 낮맥도 땡기는 날이라 맥주를 주문하는 김에 가라아게도 시켜봤는데 겉은 바삭하면서 살짝 쫄깃하고 튀김 옷 안에 닭고기 육즙이 가득하며 허벅지 살의 부드러운 결이 잘느껴졌습니다.
왠만해서 이렇게 길게 리뷰를 잘안남기는데 정말 좋아하는 곳이라 할 말이 많네요..ㅎㅎ
항상 웨이팅 30분 이상씩 하지만 시간 아깝지 않습니다 
기회가 되신다면 꼭 가보세요!",5
유즈라멘 만리동점,진짜 면이 살아있어요,5
유즈라멘 만리동점,다시 가고 싶은 마음이 들게 하는 식당입니다.,5
유즈라멘 만리동점,분위기와 음식 모두 만족스러웠어요.,4
유즈라멘 만리동점,음식의 질과 서비스 모두 만족스러웠어요.,5
유즈라멘 만리동점,라멘안좋아했는데 여기껀 국물면발 다 굿굿,5
유즈라멘 만리동점,이런 신 라면(sour 라면) 처음 먹어보는데 너무 특이하고 좋았음.,4
유즈라멘 만리동점,직원분들이 친절하시고 맛도최고임,5
유즈라멘 만리동점,최고..,5
유즈라멘 만리동점,유즈라멘 독특하지만 맛있다,4
유즈라멘 만리동점,"와우 너무 맛있다 
유자소유면 육수 면 다 너무 완벽하거 맛있엇어요 
유자소금이랑 매운유자간장도 먹었는데 유자소유가 젤 맛있었음 면이랑 육수 리필해주는 것도 넘 좋네요 !",5
유즈라멘 만리동점,라멘은 처음엔 맛있고 다 먹어갈때쯤 느끼한데 여긴 부추김치??? 가 신의한수 넘넘 맛있당 히히 직원분들도 친절쓰하공 화장실은 안가봄~,5
유즈라멘 만리동점,진짜 완전 인생라면이라 할 정도까진 아니얐지만 밸런스가 좋았습니다. 맛있게 잘먹었습니다. 또 올께요,5
유즈라멘 만리동점,"아직 시오만 먹어봤지만 면,육수 모두 맛있습니다.
많이 먹어왔던 돈코츠랑 다르고 유자향이 잘어울려서 
흔치않은 맛이에요.",5
유즈라멘 만리동점,깔끔한 맛 유자맛이 독특함.,5
유즈라멘 만리동점,합리적인 가격 맛도 괜찮음,4
유즈라멘 만리동점,"이베리코 차슈가 어마어마함. 차슈는 반드시 추가하자. 후회하지 않을 것임. 
자가제면이고 면과 스프 추가 무료. 넉넉한 인심에 감동. (19년 현재 8개 추가가 기록이라고 함.)
유자소스는 테이블에도 준비되어 있음. 머리가 긴 손님을 위해 고무줄도 준비해두신 디테일함에 한 번 더 감동.
겨울시즌 메뉴로 하루에 20그릇만 한정판매하는 백합트러플라멘은 기회가 되면 꼭 먹어보길.
&mdash;&mdash;1년만에 평가 추가&mdash;&mdash;
여전히 내 마음속 원탑라멘집. 깔끔한 국물이 생각나면 무조건 여기임. 올 여름에 추가된 육회츠케멘과 메밀소바도 아주 맛있음. 사진추가함.",5
유즈라멘 만리동점,국물이 일품이네요^^ 담에 또 갈게여~~,5
유즈라멘 만리동점,우리나라에 쇼유 시오라멘 자체를 잘만드는집이 없어서 그냥 평범하게 만든 라멘도 다들 맛집이라고 추켜세우는듯... 오늘 서울역간김에 갔는데 굳이 찾아갈 맛도 아니고 그냥 평범에 또 평범했음...,3
유즈라멘 만리동점,"맛은 대체로 짜요
그리고 사장님 이 나간 그릇은 이제 좀 바꾸시죠
국물 마시다 깜짝 놀랐어요
일행 먹는 동안 화장실 다녀 왔더니 그릇도 치우고 혼자 나와서 기다리네요",3
유즈라멘 만리동점,명불허전 유명한곳은 이유가 있음,5
유즈라멘 만리동점,"제일 좋아하는 라멘, 차슈가 일품",5
유즈라멘 만리동점,맛도 내부구조도 특이함ㅋ 혼밥러들이 많이온다,5
유즈라멘 만리동점,유자시오,5
유즈라멘 만리동점,"경기도 사는데 먹으러 오는 맛 
벌써 6번째",5
유즈라멘 만리동점,오늘도 간다,5
유즈라멘 만리동점,츠케멘 너무 맛있어요!,5
유즈라멘 만리동점,챠슈가 맛있습니당 매운라멘 맛잇어용,5
유즈라멘 만리동점,마시떵,5
유즈라멘 만리동점,맛이 있으면 뭐합니까 서비스 수준부터 올리세요,1
유즈라멘 만리동점,"일본가서 먹어보니 한국에서 먹은 라멘 다 가짜였다
여기서 진짜를 되찾음!
소유라멘 없는그 아숩",5
유즈라멘 만리동점,"유자향이 나는 독특한 국물, 얇은 면발, 두툼하고 부드러운 돼지고기, 무제한 제공되는 면과 육수,
가게가 좁고 줄서야 함.",4
유즈라멘 만리동점,맛있습니다. 유자특유의 향이 라멘과 너무 잘 어우러지네요. 국물이 정말 깔끔해요. 라멘 완뽕하였읍니다.,5
유즈라멘 만리동점,"시오라멘 맛있습니다.

 해산물 과 닭육수라서 돈코츠라멘 식으로 진한건 아니지만..

간 강하지않고 자연스런 맛 추구하는분은
지나다 드셔보실 만합니다.

짜고 맵고 이쪽류좋아하시는분은 굳이
여기아니어도 만족스러운곳 많을거에요.

주말 12시넘어가며 반즘부터 웨이팅길어지니
조금만일찍!",5
유즈라멘 만리동점,너무 맛있음.. 서울역 갈일있을때 여기서 매번 먹음 유자향과 루꼴라의 조화가 상큼함,5
유즈라멘 만리동점,한국에 흔치않은 소금라멘을 무한으로 먹을 수 있습니다. 유자도 들어가서 독특합니다.,4
유즈라멘 만리동점,평타 - 유자라면,4
유즈라멘 만리동점,"최고~ 
직원분들도 친절하심bb
나중에 생각날 것 같은 맛:)",5
유즈라멘 만리동점,"은은하게 퍼지는 유자향, 짭잘하고 진한 육수의 맛, 가늘고 쫀득한 면발의 식감, 두툼하고 적당한 간이 베인 고기, 적당한 반숙의 계란. 계속 생각나는 맛과 향",5
유즈라멘 만리동점,"유자향이 가득한 맑은 스프와 쫀득한 면발, 스테이크처럼 두툼하고 짭쪼름한 챠슈와 죽순 토핑이 완벽하게 어우러진 명품 시오라멘 배리 굿 !!!",4
유즈라멘 만리동점,유자향이 라멘이랑 잘 어울려요:) 부추 김치도 맛있고 유자소스 각 테이블에 비치해놔서 입맛에 맞게 추가할 수 있도록 한게 좋았어요.    면이 얇고 탱탱해서 다른 라멘집면이랑 다르네여~,5
유즈라멘 만리동점,"점심 때
계란 추가 하나만 했는데 둘다 계란 서비스 주심
저녁 때
다시 갔는데 계란 그냥 서비스 주심
잘먹었습니다 계란",5
유즈라멘 만리동점,"유자향 너무 좋아요!
조금 짜긴 했어도 맛있어요 ㅎㅎ
분위기 최고",4
유즈라멘 만리동점,줄서 먹을 정도는 아닌듯하며 가성비는 떨어짐. 친절한 직원들~,3
유즈라멘 만리동점,유자를 쓰는게 특이하긴 했으나 웨이팅 해가며 먹을 정도인지는 의문...,2
유즈라멘 만리동점,오 괜찮은데요? 깔끔하고 속도 편안하네요ㅎㅎ면이 뭐랄까 식감이 전 너무 좋았어요 ㅋㅋ 돼지고기는 얇은 그런게아니고 도톰한 기름진 목살이라 추가는 따로 안해도 넉넉할듯 하고요! 서울역 왔다가 큰 기대없이 갔는데 만족합니다 ㅋㅋㅋ,5
유즈라멘 만리동점,깔끔한 국물,4
유즈라멘 만리동점,"기대보다는 평범
같이 주는 부추김치랑 먹기에 조화가 좋음",4
유즈라멘 만리동점,맛은 그냥 맛있는 라멘! 직원 분의 태도는 여기는 너 아니어도 많은 손님들이 오니 알아서 먹고 가거라!라는 멋있는 자세! 머리가 긴 남자직원 분의 업무 태도에 경악하고 갑니다 ㅎ 많은 라멘집 중에 굳이?...,1
유즈라멘 만리동점,"간장보다 소금추천합니다. 국물은 간장은 짜고 조화가덜된맛이었지만 소금은 잘어우러지는 맛이어요. 국물만본다면 일본에서먹은 라멘만은 못했지만, 계란 차슈 면 은 더 나았습니다. 서울역에 간다면 들러서 먹을만한 맛집입니다.
+ 매운 라면은 간장 추천합니다. 서울역갈때마다 생각나는 맛집",5
유즈라멘 만리동점,면이 얇고 직원분이 무서워욥,4
유즈라멘 만리동점,유자랑 조화가 잘 된 라멘입니다. 깔끔한 라면 중에선 여기가 제일 맛있는 것 같습니다. 일본 라멘이 먹다보면 느끼하다인데 여긴 그런 게 없어요. 추천합니다!,5
유즈라멘 만리동점,이거너무맛있잖아요...이번주에두번갔어요....,5
유즈라멘 만리동점,한국인 입맛용의 라멘이었습니다. 정통파는 실망하실 겁니다,1
유즈라멘 만리동점,"돈고츠 라멘을 좋아하시는 분이라면 여긴 별로일 수 있어요
대신 저처럼 느끼하고 무거운 국물을 싫어하신다면! 그리고 루꼴라를 좋아한다면! 꼭 와보세요
면도 직접 통밀로 뽑으신다는데 식감이 너무 좋고요
죽순을 꼭 추가해서 드세용",5
유즈라멘 만리동점,돈코츠 맛있어요,4
유즈라멘 만리동점,"나름 먹을만한 곳입니다
새로운 시도가 좋은 유자향입혀진 라멘이
이곳의 특징입니다
차슈를 자꾸 극찬하는게 조금 의아한
무난한 맛입니다",3
유즈라멘 만리동점,Dont go 츠 라멘을 먹을걸 그랬어,3
유즈라멘 만리동점,"무척 맛있어요!!!!!!!!!!
라면에 유자랑 루꼴라의 조화가 미쳤음ㅠㅠ
라면에 얘네들이 이렇게 어울릴줄 몰랐어요!!
느끼함도 잡아주고 뒷맛이 깔끔해요!!!
차슈도 두툼하니맛있어요 말해뭐함ㅠㅠ
직원분도 친절하시고
사람이 많은데 어느정도 기다릴만해요!!!",5
유즈라멘 만리동점,차슈 진짜 맛있음 ~,4
유즈라멘 만리동점,여기 차슈는 스테이크급,5
유즈라멘 만리동점,인생라멘집. 아후리라멘급!,5
유즈라멘 만리동점,"'장사는 이렇게 하는 것이다' 라는 것을 보여주는 맛집. 실수로 사이다 컵을 깨뜨렸는데도, 괜찮다면서 계속 다치신 곳 없냐고 물어봐주시던 사장님. 
사이다도 그냥 리필해주셨어요.(죄송해요)
-
라멘 너무 맛있구요, 가라아게도 부드럽고 바삭해요. 라멘에 넣어먹는 유자 소스가 특색있었어요.
단무지, 그냥 김치 나오는 곳은 봤어도 부추김치 나오는 곳은 처음이었네요. 라멘이랑 이것도 잘 어울려요. 웨이팅이 있는 편이지만, 조만간 또 갈거예요",5
유즈라멘 만리동점,"츠케멘 먹었어요
루꼴라를 넣은 것도 신선하고
챠슈 두꺼워서 좋았고
소스에도 유자 들어가서 새콤한 맛이 좋았고
국산 고흥 유자를 써서 농가 수입도 올리고 좋았어요

근데 스프와리가 안 된다네요?
츠케멘은 모름지기 소스에 육수를 부어서 마무리짓는 게 도리인데...
원래는 안 되는 거다 그러면서 선심쓰듯이 말하더라구요. 여기서 기분이 좀 안 좋아졌어요. 안 되는거면 '츠케멘은 면/육수 추가 안 드립니다' 써놓던지..

암튼 여차저차 해서 스프와리(소금육수) 해봤는데 맛있더라구요. 가다랑어 육수인 듯?
왜 안 되는 건지 모르겠어요. 맛있는데. 안 해봐서 그런가?",5
유즈라멘 만리동점,유즈소금라멘 먹음. 면을 직접 만드는 건지 선반 아래 밀대포대 있는 게 인상적이다. 국물도 깔끔하고 고기도 두툼하니 맛있었다. 라멘 위 채소가 좀 겉도는 듯한 느낌 외에는 다 무난하니 괜찮았음,4
유즈라멘 만리동점,너무 맛있다 흐흑 서비스도 좋고 맛도 정말 최고예요ㅜㅜ 유자향 너무 좋아요,5
유즈라멘 만리동점,"차슈,면발,육수,달걀,루꼴라까지 어느하나 부족한 맛이 없다. 유자향이 육수와 정말 잘 어울린다. 웨이팅만 아니라면 매일가고싶은 곳!",5
유즈라멘 만리동점,자꾸 생각나 ...,5
이조식당,"너무 많아서 남길 정도의 6000원 보리밥.
그리고 서비스라는 말로는 표현할 수 없는 정성.",5
이조식당,"고물가 시대에 서울에서 이정도가 6천원?
심지어 맛도 좋음 거기다 원산지가 전부 국내산임
남는게 있으실 지 걱정될 정도.
거기다가 계좌이체 요구 이런 것도 일절 없고 사장님도 너무 친절하심.
서울역 올 일 있을 때 재방문 의사 100%",5
이조식당,친절하시고 양도 많습니다 서울에서 이 가격에 팔기 쉽지않으실텐데 음식도 맛있어요,5
이조식당,"강력 추천. 우선 가격 저렴.
그런데 맛도 있고 푸짐함.
양이 다른 곳의 거의 곱배기 수준.
국수가 정말 맛있는데 육수가 멸치를 사용했는데도 멸치의 비린내는 거의 없고 가벼운 육수의 맛이 납니다.
혹시 서울역 근처의 한끼를 생각하시다면 추천 드립니다.",5
이조식당,"남자친구랑 잔치국수, 비빔밥 하나씩 시켜먹었는데 여태 같이 밥먹으면서 그렇게 행복한 표정 짓는걸 처음봄.. 많이 못먹는데 1.8인분 정도 되는 양을 둘이서 하나씩 다먹었다&hellip; 사장님도 친절하시고 음식도 너무 맛있었다. 다음에 서울역오면 무조건 여기 오고싶음&hellip;

+ 비빔밥 드실때 양념장 2스푼-3스푼 까지만 넣으세요!!!! 싱거울거 같다고 더 넣어 드시면 진짜 후회함 진짜 딱 저정도만 넣어야 고소하며 맛있습니다",5
이조식당,맛도 최고 사장님 친절 최고,5
이조식당,사장님도 너무 친절하시고 양도 많고 요즘같은 고물가시대애 가성비 끝판왕이여 진짜 개강추,5
이조식당,"맛 가성비 모두 최고입니다. 가격이 저렴하다고 해서 맛이 별로일 거라 오해하시면 안됩니다. 
주의사항) 사진은 일반입니다. 곱배기 양이 생각보다 많으니 여성분들은 주의하세요.",5
이조식당,참 뭐랄까&hellip;그냥 콩나물비빔밥인데 참 맛있어요. 콩나물이 하나하나 다 살아있고 아삭아삭한 맛이 있습니다. 사장님께서 콩나물에 대한 자부심이 있는 거 같아요ㅋㅋ 일단 요즘같은 물가에 6천원+어마무시한 양이 말도 안 됩니다. 재료의 싱싱함으로 승부하는 곳이라고 생각하면 될 거 같아요. 분위기는 걍 노포인데 전 밥이 맛있으면 상관없어서 다음에 근처 들를일있으면 무조건 또 갈겁니다. 그리고 전 오늘 보리밥이 아니라 흰쌀밥이었어요.,5
이조식당,"믿기지 않는 가격에 믿기지 않는 양
너무 배불러영ㅎㅎㅎ
사장님도 짱 친절하세요",5
이조식당,전 직장 근처의 맛집. 을지로3가 근처 점심시간 최애 식당입니다~,4
이조식당,"친절하고, 푸짐하게 나오는 음식에 놀라게 됩니다.",5
이조식당,정말 맛있습니다. 요즘 자주체했는데 콩나물비빔밥 한그릇 다먹고도 속이 편안합니다. 사장님도 너무친절하세요,5
이조식당,할머니 최고에용..&hearts; 추천합니당,5
이조식당,최고~,5
이조식당,2번째 방문인데 또 먹어도 맛있네요!! 주기적으로 서울역 갈 일 만들어라도 이조식당 가야합니다,5
이조식당,값싸고 든든하면서도 맛이 좋습니다. 오래도록 번창하셨으면 좋겠네요^^,5
이조식당,"친절도는 말할 것도 없고 김치도 국산이다. 직접 담그신다고 한다.
가격이 옛날에 비해 천원 오르긴 했는데 물가가 오른 걸 감안하고, 재료가 더욱 풍성해진 걸 생각하면 문제가 없는 부분이다.",5
이조식당,"주인이 바뀌신것 같다 약간 세팅이 변했다
혼밥하기 아주 좋다 싸다고 무시하지 말자
김치 국 있을거 다있고 배부르게 기분좋게 먹고올수 있다
아주머니가 친절하시다",4
이조식당,"친절, 맛 모두 잡은 보리비빔밥&amp;잔치국수 맛집.
사장님 너무 친절 하심.
국내산 멸치를  진하게 우려낸 육수는 비빔밥을 주문해도 맛을 볼 수 있음.
부추와 콩나물이 잔뜩 들어간 투박한 비빔밥은 말 그대로 고향의 맛.",4
이조식당,"친절 왕
가성비최고",5
이조식당,"사람이 없을 시간, 아침 일찍 방문을 하게 됐습니다. 콩국수를 먹어보고 싶었는데 아직 시작한 때가 아니라 비빔밥과 잔치국수를 먹게 됐어요. 그런데 이게 웬걸, 비빔밥은 먹을 수록 고소한 향이 입안 가득 퍼지면서 점점 맛있어지더라구요. 잔치국수도 비빔장을 조금 섞어 먹었는데 깔끔하고 시원한 맛이 났습니다. 사장님과 담소도 조금 나누고, 기분 좋은 하루를 시작하게 됐네요.",5
이조식당,마음이 따뜻해지는 곳,5
이조식당,콩나물비빔밥~친절하시고 맛있게 먹었습니다,4
이조식당,"조미료 안들어간 건강한 맛! 야채도 듬뿍듬뿍 주시고 국수 육수랑 양념장도 맛있네요.
맛도 있지만 사장님들 너무 친절하셔서 사람이 많은거 같아요. 너무 따뜻하게 응대해주셔서 감사합니다. 다음에 꼭 또 갈게요( ᐕ)੭

비빔밥 잔치국수 다 4000원이고 추가시 1000원이에요.",5
이조식당,사천원의 행복 ^^,3
이조식당,가성비 좋은 혜자 맛집,5
이조식당,"이런 착한가게는 영원해야 합니다. 깔끔한 맛, 착한 가격, 친절까지^^",5
이조식당,"할머니가 운영할 때가 정말 맛있었다.

별 하나도 주기 싫고 아깝다.
단순히 가격이 싸서 가던 곳이 아니었다. 맛있어서 가는 곳이었고 추가적으로 가격도 착했던 것이다.
삼!천원이 중요한게 아니라 맛!있는데 삼천원 이었던 것이지.

그런데 할머니가 몸이 아파서인지 그만두면서 아줌마에게 넘겼는데 한동안은 콩나물 비빔밥에 부추만 추가하더니.. (이때도 부추 안넣고 먹었다. 넣으면 맛없어져서)

코로나로 지금은 폐업한 찜질방을 가는 일이 없어져서 정말 오랜만에 갔더니만
다른 채소를 추가하고 가격은 천원을 올렸다.

결론적으로 맛이 더럽게 없어졌다.
맛의 밸런스가 완전히 깨졌고 이런 맛은 내가 집에서 대충 만들어도 더 맛있게 만들 자신이 있다.
어느 동네 김밥천국에 가서 비빕밥 먹어도 이것보다 맛있다.

양념장의 맛이 정말 중요한데 할머니가 운영할때에 비해서 양념장 자체도 맛이 없어졌다.
무슨 생각이지? 그냥 싸면 땡? 친절하면 땡? 채소 몇가지 더 넣으면 더 맛있는게 되나?
맛있는게 최우선이 되어야하는데... 이게 무슨 짓인지

그 할머니가 오랜시간 정말 단순한 재료지만 맛집으로 만들어놨는데 이어받아서 인수하고 몇달사이에 자기가 더 잘난것마냥 맛을 완전히 배려놨다.

채소 더 넣어서 영양가는 좀 더 있겠지. 그런데 영양있게 하려면 맛도 과거보다 못하지 않은 수준으로 밸런스를 잡고 유지는 시켰어야지.

예전 할머니가 운영하시던 그맛이라면 오천원, 육천원이어도 곱빼기로 사먹는다.

그런데 채소 몇가지 더 넣고 양념장 맛은 제대로 신경 안쓰는 집에서 대충 만드는 것보다 못한 맛으로 가격만 올려놨으니 앞으로는 그냥 맛 때문이 아니라 싸면 아무거나 입에 쳐넣는 뜨내기들이나 남게 될것이다.

그리고 그 뜨내기들은 근처에 더 싸게 한끼 때울 곳이 생기면 그곳으로 바로 옮겨가겠지.
진짜 너무 한심하다.

이곳은 과거에 유명했던 곳과는 완전히 다른 맛의 가게이니 이곳에 갈바엔 근처 김밥천국 가는 것을 추천한다. 돈 천원 더주고 김밥천국 비빕밥 사먹어라. 그게 이 가게 마인드 대로면 채소가 더 들어가서 더 영양가 있으면서 실제로 맛도 훨씬 나으니까...

예전 할머니가 하시던때 먹어본 사람이 지금 것이 맛있다고 하는 사람이 있다면 그사람은 그냥 미각이 뭘 먹어도 맛있는 사람이고... 양념장부터가 배렸는데 무슨...

인수해서 간판, 메뉴 그대로 유지하면서 손님들도 이어받았는데 맛과 가격은 바꿔놨다.
이게 현실이고 팩트다.",1
이조식당,"조미료 안들어간 건강한 맛! 야채도 듬뿍듬뿍 주시고 국수 육수랑 양념장도 맛있네요.
맛도 있지만 사장님들 너무 친절하셔서 사람이 많은거 같아요. 너무 따뜻하게 응대해주셔서 감사합니다. 다음에 꼭 또 갈게요( ᐕ)੭

비빔밥 잔치국수 다 4000원이고 추가시 1000원이에요.",5
이조식당,싸고 맛있어요. 친구랑 같이 가서 잔치국수랑 비빔밥 시켰는데 많이 먹을것 같다고 곱빼기로 주셨어요 ㅎㅎ,5
이조식당,"친절한 주인분들
가격도 착하고 맛도 좋네요
간단하게 한끼하기 좋음
단,현금결재임",5
이조식당,오천원의 행복,5
이조식당,"본인은 잔치국수 안 즐겨먹는 타입임. 이 날도 우연히 차 세워두고 통화하다가 마침 밥 때 길래 그냥 들어가서 콩국수를 주문했음. 같이 간 친구는 잔치국수를 시킴

식사를 기다리며 친구한테 말했음

&lsquo; 잔치국수는 뭔가 돈주고 사먹기 아깝지 않냐? &lsquo;

시간이 흘러 내가 주문한 콩국수가 먼저 나왔음
맛은 괜찮았으나 면이 너무 소면이라 내 취향에 좀 아쉬웠음

여튼 내 콩국수를 거의 다 먹은 상태에서 
친구의 잔치국수를 한입 뺏어먹음

그 순간 

진짜 눈이 번!!!!!쩍!!! 하고 뜨였음

와 이게 뭐야?
그냥 멸치 국물이 너무 진하디 진해서,
국물이 아닌 &lsquo;면만&rsquo; 먹었는데도
멸치육수의 진한 맛이 쫙 올라옴

놀라움에 나도 모르게 

&lsquo;와!!! 이거 왜이렇게 맛있어?!&rsquo; 라고 크게 말함 ㅋㅋㅋ

주방에 계신 사모님께서 뿌듯하셨는지 나와서 자랑을 하셨음. 사용하시는 멸치가 뭔 성인남자 손가락만한 대멸치임. 말씀들어보니 이 대멸치를 한박스씩 넣어서 육수를 낸다고 함. 

역시&hellip; 맛은 재료에 대한 집착에서 나온다는 걸 다시금 확인함 &hellip; 

이미 콩국수를 다 비웠지만 이 기세를 몰아서 잔치국수추가주문 후 완국수 끝내버림

한마디로 정리하자면,

&lsquo;잔치국수 대한민국 1등&rsquo; 

근처에 살지 않아서 자주 못가긴하지만
앞으로의 내 남은 인생에 충정로 서대문 근처를 올 일이 있다면 여기서 한끼를 해결하기로 마음먹음 

다른 후기보니 현금결제밖에 안된다는 불평이 있던데,

솔직히 난 그냥 음식맛에 감동해서 자발적으로 계좌이체 드리겠다고 먼저 얘기했음

근데 내가  계좌준다하니깐 걍 카드로 해도 된다고하셧음 

하지만 난 맛에 감동한 집은 현금결제를 한다는 나만의 원칙이 있기에&hellip;",5
이조식당,사장님이 정이 많으시고 따뜻하세요. 잔치국수는 국물이 깊고 맛있습니다. 사장님과 단골손님들의 정감 가는 대화에 기분도 좋아졌어요.,5
이조식당,"사장님의 따뜻함에 반하고, 비빔밥의 맛에 반하고
간이 짜지도 싱겁지도 않게 삼삼히 먹을 수 있고, 안에 채소가 많이 들어서 건강을 생각하는 부분에서도 매우 만족했습니다 ^^

이쪽이 지대가 넓어서 걸을 일이 많으실텐데, 든든히 먹고 활동 할 수 있었어요~

외국인들 오면 이게 한국의 정! 이다, 비빔밥이다 하고 소개해 주고 싶네요~

5천원 맛있음!
양 많음!
정!",5
이조식당,"맛과 가격, 친절함까지 정말 훌륭한 식당이라고 생각합니다.",5
이조식당,"비빔밥 맛납니다. 서울 한복판에서 가능할 것 같지 않은 가격이구요. 사장님은 아마 개별로 각 가정집에서 나물 다 해서 비빔밥 만들면 힘들테니 그거 감안해 이 가격에 대량생산으로 밥을 제공하시는 것 같아요, 이 가격에.
느네 집에서 못 만드는 맛을 이 식당이 해 주신다고요, 적은 값에. 그게 싫으면 너히들도 집에서 나물 일일히 간 맞춰서 처 만들어 먹든가. 
여기서 호텔 레스토랑급 서비스를 바라면 그거 정신병자죠? 부족함 없이 정도 해주시는게 당연한겁니다. 꼭 나아누눈!!!! 써어비스를 받을거야아아아아암!! 하시는 분은 근처 조선호텔 가시기 바랍니다. 조선호텔 서비스 fee는 비싸서 못 내겠고 오천원짜리 가성비 밥집에서 좀 나대야 나를 인정받을 수 있다... 세상에 ♪♬~ 얼마나 그지같은 환경에 살고 계신건지? 여기서 난동부리면 느그들이 밥 한끼 먹을 수 있는 공간이 없어져요. 좀 나대지 마.",5
이조식당,"주인이 바뀌신것 같다 약간 세팅이 변했다
혼밥하기 아주 좋다 싸다고 무시하지 말자
김치 국 있을거 다있고 배부르게 기분좋게 먹고올수 있다
아주머니가 친절하시다",4
이조식당,"친절도는 말할 것도 없고 김치도 국산이다. 직접 담그신다고 한다.
가격이 옛날에 비해 천원 오르긴 했는데 물가가 오른 걸 감안하고, 재료가 더욱 풍성해진 걸 생각하면 문제가 없는 부분이다.",5
이조식당,값싸고 든든하면서도 맛이 좋습니다. 오래도록 번창하셨으면 좋겠네요^^,5
이조식당,"정말 가성비도 좋고 맛도 양도 최고예요!
사장님도 넘 친잘 하세요!",5
이조식당,이 가격에 이맛이라 5점이 아니라 맛만봐도 5점이에요. 밥도 비빔밥에 딱맞은 밥이고 맛도 아주 슴슴하니 괜찮고 육수도 최고..,5
이조식당,콩나물 비빔밥 진짜 너무 맛있어요! 국물도 맛있구요..,5
이조식당,JMT,5
이조식당,우연히 들어왔는데 정말 맛있네요  콩나물비빔밥 잔치국수 둘 다 맛있습니다,5
이조식당,"음식이 기본에 충실해서 맛있는 맛이여
양, 맛, 가격까지 다 매우 훌륭해요
자꾸 자꾸 생각나는 맛
사장님도 굉장히 친절하셔서 대만족",5
이조식당,"잔치국수 - 간단하게 먹으러 들어갔다가 호되게 혼났습니다. 첫번째 사진이 나온직후고 두번째가 배가 다 불렀을때, 세번째가 배터지기 직전입니다. 면이 새끼를 쳐요. 맛, 가격 훌륭했고 사장님도 매우 친절하셨습니다.",4
이조식당,친절하시고 맛있고 양 적당하고 가격은 6000원밖에 안한다는게 우리집앞에 있지 않은거 빼고 다 좋아요,5
이조식당,신나게 먹느라 사진을 미처 못찍었네요. 국물이 참 맛있습니다. 국수 한그릇에 입도 즐겁고 배는 든든하고 마음까지 훈훈해지는 곳입니다. 조용해서 식사에 온전히 집중할수 있어 더 행복했네요. 또 먹으러가겠습니다. 늘 건강하세요!,5
이조식당,"6000원에 배 찢어짐 1.7인분임 ㄹㅇ
포장시 1000원 추가고, 빨리나오고, 비빔은 간장 베이스 소스임
근처살면 여기 맨날 갈 듯",5
이조식당,맛있고 가성비 좋아요. 사장님도 친절하세요. 잔치국수랑 콩나물밥 말고도 콩국수랑 보리밥도 맛있습니다.,5
이조식당,"6천원에 이정도 양과 맛이라니... 당황스러울 정도네요
사장님도 너무 친절하시고 잘 먹고 갑니다",5
이조식당,할머니 최고에용..&hearts; 추천합니당,5
이조식당,최고~,5
이조식당,2번째 방문인데 또 먹어도 맛있네요!! 주기적으로 서울역 갈 일 만들어라도 이조식당 가야합니다,5
이조식당,비빔밥 하나 국수하나 시켜서 둘이 나눠먹었는데 너무 맛있게 먹었어요! 잘먹었습니다. 사장님께서도 너무 친절하셔서 감사했습니다,5
이조식당,콩나물비빔밥~친절하시고 맛있게 먹었습니다,4
이조식당,4천원 최고의 가성비!! 사장님이모님 너무 친절하시고 음식도 신선한 재료인게 느껴지고 무엇보다 맛있습니다. 번창하세요!,5
이조식당,사천원의 행복 ^^,3
이조식당,"음식이 기본에 충실해서 맛있는 맛이여
양, 맛, 가격까지 다 매우 훌륭해요
자꾸 자꾸 생각나는 맛
사장님도 굉장히 친절하셔서 대만족",5
이조식당,우연히 들어왔는데 정말 맛있네요  콩나물비빔밥 잔치국수 둘 다 맛있습니다,5
이조식당,JMT,5
이조식당,"친절하고, 푸짐하게 나오는 음식에 놀라게 됩니다.",5
이조식당,이 가격에 이맛이라 5점이 아니라 맛만봐도 5점이에요. 밥도 비빔밥에 딱맞은 밥이고 맛도 아주 슴슴하니 괜찮고 육수도 최고..,5
이조식당,"정말 가성비도 좋고 맛도 양도 최고예요!
사장님도 넘 친잘 하세요!",5
이조식당,마음이 따뜻해지는 곳,5
이조식당,비빔밥 하나 국수하나 시켜서 둘이 나눠먹었는데 너무 맛있게 먹었어요! 잘먹었습니다. 사장님께서도 너무 친절하셔서 감사했습니다,5
이조식당,"사람이 없을 시간, 아침 일찍 방문을 하게 됐습니다. 콩국수를 먹어보고 싶었는데 아직 시작한 때가 아니라 비빔밥과 잔치국수를 먹게 됐어요. 그런데 이게 웬걸, 비빔밥은 먹을 수록 고소한 향이 입안 가득 퍼지면서 점점 맛있어지더라구요. 잔치국수도 비빔장을 조금 섞어 먹었는데 깔끔하고 시원한 맛이 났습니다. 사장님과 담소도 조금 나누고, 기분 좋은 하루를 시작하게 됐네요.",5
이조식당,정말 맛있습니다. 요즘 자주체했는데 콩나물비빔밥 한그릇 다먹고도 속이 편안합니다. 사장님도 너무친절하세요,5
이조식당,"잔치국수 - 간단하게 먹으러 들어갔다가 호되게 혼났습니다. 첫번째 사진이 나온직후고 두번째가 배가 다 불렀을때, 세번째가 배터지기 직전입니다. 면이 새끼를 쳐요. 맛, 가격 훌륭했고 사장님도 매우 친절하셨습니다.",4
이조식당,"맛 가성비 모두 최고입니다. 가격이 저렴하다고 해서 맛이 별로일 거라 오해하시면 안됩니다. 
주의사항) 사진은 일반입니다. 곱배기 양이 생각보다 많으니 여성분들은 주의하세요.",5
이조식당,맛도 최고 사장님 친절 최고,5
이조식당,친절하시고 양도 많습니다 서울에서 이 가격에 팔기 쉽지않으실텐데 음식도 맛있어요,5
이조식당,4천원 최고의 가성비!! 사장님이모님 너무 친절하시고 음식도 신선한 재료인게 느껴지고 무엇보다 맛있습니다. 번창하세요!,5
이조식당,"남자친구랑 잔치국수, 비빔밥 하나씩 시켜먹었는데 여태 같이 밥먹으면서 그렇게 행복한 표정 짓는걸 처음봄.. 많이 못먹는데 1.8인분 정도 되는 양을 둘이서 하나씩 다먹었다&hellip; 사장님도 친절하시고 음식도 너무 맛있었다. 다음에 서울역오면 무조건 여기 오고싶음&hellip;

+ 비빔밥 드실때 양념장 2스푼-3스푼 까지만 넣으세요!!!! 싱거울거 같다고 더 넣어 드시면 진짜 후회함 진짜 딱 저정도만 넣어야 고소하며 맛있습니다",5
이조식당,"고물가 시대에 서울에서 이정도가 6천원?
심지어 맛도 좋음 거기다 원산지가 전부 국내산임
남는게 있으실 지 걱정될 정도.
거기다가 계좌이체 요구 이런 것도 일절 없고 사장님도 너무 친절하심.
서울역 올 일 있을 때 재방문 의사 100%",5
이조식당,"강력 추천. 우선 가격 저렴.
그런데 맛도 있고 푸짐함.
양이 다른 곳의 거의 곱배기 수준.
국수가 정말 맛있는데 육수가 멸치를 사용했는데도 멸치의 비린내는 거의 없고 가벼운 육수의 맛이 납니다.
혹시 서울역 근처의 한끼를 생각하시다면 추천 드립니다.",5
이조식당,"너무 많아서 남길 정도의 6000원 보리밥.
그리고 서비스라는 말로는 표현할 수 없는 정성.",5
이조식당,참 뭐랄까&hellip;그냥 콩나물비빔밥인데 참 맛있어요. 콩나물이 하나하나 다 살아있고 아삭아삭한 맛이 있습니다. 사장님께서 콩나물에 대한 자부심이 있는 거 같아요ㅋㅋ 일단 요즘같은 물가에 6천원+어마무시한 양이 말도 안 됩니다. 재료의 싱싱함으로 승부하는 곳이라고 생각하면 될 거 같아요. 분위기는 걍 노포인데 전 밥이 맛있으면 상관없어서 다음에 근처 들를일있으면 무조건 또 갈겁니다. 그리고 전 오늘 보리밥이 아니라 흰쌀밥이었어요.,5
이조식당,"친절, 맛 모두 잡은 보리비빔밥&amp;잔치국수 맛집.
사장님 너무 친절 하심.
국내산 멸치를  진하게 우려낸 육수는 비빔밥을 주문해도 맛을 볼 수 있음.
부추와 콩나물이 잔뜩 들어간 투박한 비빔밥은 말 그대로 고향의 맛.",4
이조식당,전 직장 근처의 맛집. 을지로3가 근처 점심시간 최애 식당입니다~,4
이조식당,사장님도 너무 친절하시고 양도 많고 요즘같은 고물가시대애 가성비 끝판왕이여 진짜 개강추,5
이조식당,친절하시고 맛있고 양 적당하고 가격은 6000원밖에 안한다는게 우리집앞에 있지 않은거 빼고 다 좋아요,5
이조식당,콩나물 비빔밥 진짜 너무 맛있어요! 국물도 맛있구요..,5
이조식당,"6000원에 배 찢어짐 1.7인분임 ㄹㅇ
포장시 1000원 추가고, 빨리나오고, 비빔은 간장 베이스 소스임
근처살면 여기 맨날 갈 듯",5
이조식당,신나게 먹느라 사진을 미처 못찍었네요. 국물이 참 맛있습니다. 국수 한그릇에 입도 즐겁고 배는 든든하고 마음까지 훈훈해지는 곳입니다. 조용해서 식사에 온전히 집중할수 있어 더 행복했네요. 또 먹으러가겠습니다. 늘 건강하세요!,5
이조식당,"친절한 주인분들
가격도 착하고 맛도 좋네요
간단하게 한끼하기 좋음
단,현금결재임",5
이조식당,"비빔밥 맛납니다. 서울 한복판에서 가능할 것 같지 않은 가격이구요. 사장님은 아마 개별로 각 가정집에서 나물 다 해서 비빔밥 만들면 힘들테니 그거 감안해 이 가격에 대량생산으로 밥을 제공하시는 것 같아요, 이 가격에.
느네 집에서 못 만드는 맛을 이 식당이 해 주신다고요, 적은 값에. 그게 싫으면 너히들도 집에서 나물 일일히 간 맞춰서 처 만들어 먹든가. 
여기서 호텔 레스토랑급 서비스를 바라면 그거 정신병자죠? 부족함 없이 정도 해주시는게 당연한겁니다. 꼭 나아누눈!!!! 써어비스를 받을거야아아아아암!! 하시는 분은 근처 조선호텔 가시기 바랍니다. 조선호텔 서비스 fee는 비싸서 못 내겠고 오천원짜리 가성비 밥집에서 좀 나대야 나를 인정받을 수 있다... 세상에 ♪♬~ 얼마나 그지같은 환경에 살고 계신건지? 여기서 난동부리면 느그들이 밥 한끼 먹을 수 있는 공간이 없어져요. 좀 나대지 마.",5
이조식당,싸고 맛있어요. 친구랑 같이 가서 잔치국수랑 비빔밥 시켰는데 많이 먹을것 같다고 곱빼기로 주셨어요 ㅎㅎ,5
이조식당,"할머니가 운영할 때가 정말 맛있었다.

별 하나도 주기 싫고 아깝다.
단순히 가격이 싸서 가던 곳이 아니었다. 맛있어서 가는 곳이었고 추가적으로 가격도 착했던 것이다.
삼!천원이 중요한게 아니라 맛!있는데 삼천원 이었던 것이지.

그런데 할머니가 몸이 아파서인지 그만두면서 아줌마에게 넘겼는데 한동안은 콩나물 비빔밥에 부추만 추가하더니.. (이때도 부추 안넣고 먹었다. 넣으면 맛없어져서)

코로나로 지금은 폐업한 찜질방을 가는 일이 없어져서 정말 오랜만에 갔더니만
다른 채소를 추가하고 가격은 천원을 올렸다.

결론적으로 맛이 더럽게 없어졌다.
맛의 밸런스가 완전히 깨졌고 이런 맛은 내가 집에서 대충 만들어도 더 맛있게 만들 자신이 있다.
어느 동네 김밥천국에 가서 비빕밥 먹어도 이것보다 맛있다.

양념장의 맛이 정말 중요한데 할머니가 운영할때에 비해서 양념장 자체도 맛이 없어졌다.
무슨 생각이지? 그냥 싸면 땡? 친절하면 땡? 채소 몇가지 더 넣으면 더 맛있는게 되나?
맛있는게 최우선이 되어야하는데... 이게 무슨 짓인지

그 할머니가 오랜시간 정말 단순한 재료지만 맛집으로 만들어놨는데 이어받아서 인수하고 몇달사이에 자기가 더 잘난것마냥 맛을 완전히 배려놨다.

채소 더 넣어서 영양가는 좀 더 있겠지. 그런데 영양있게 하려면 맛도 과거보다 못하지 않은 수준으로 밸런스를 잡고 유지는 시켰어야지.

예전 할머니가 운영하시던 그맛이라면 오천원, 육천원이어도 곱빼기로 사먹는다.

그런데 채소 몇가지 더 넣고 양념장 맛은 제대로 신경 안쓰는 집에서 대충 만드는 것보다 못한 맛으로 가격만 올려놨으니 앞으로는 그냥 맛 때문이 아니라 싸면 아무거나 입에 쳐넣는 뜨내기들이나 남게 될것이다.

그리고 그 뜨내기들은 근처에 더 싸게 한끼 때울 곳이 생기면 그곳으로 바로 옮겨가겠지.
진짜 너무 한심하다.

이곳은 과거에 유명했던 곳과는 완전히 다른 맛의 가게이니 이곳에 갈바엔 근처 김밥천국 가는 것을 추천한다. 돈 천원 더주고 김밥천국 비빕밥 사먹어라. 그게 이 가게 마인드 대로면 채소가 더 들어가서 더 영양가 있으면서 실제로 맛도 훨씬 나으니까...

예전 할머니가 하시던때 먹어본 사람이 지금 것이 맛있다고 하는 사람이 있다면 그사람은 그냥 미각이 뭘 먹어도 맛있는 사람이고... 양념장부터가 배렸는데 무슨...

인수해서 간판, 메뉴 그대로 유지하면서 손님들도 이어받았는데 맛과 가격은 바꿔놨다.
이게 현실이고 팩트다.",1
이조식당,"이런 착한가게는 영원해야 합니다. 깔끔한 맛, 착한 가격, 친절까지^^",5
이조식당,오천원의 행복,5
이조식당,가성비 좋은 혜자 맛집,5
이조식당,사장님이 정이 많으시고 따뜻하세요. 잔치국수는 국물이 깊고 맛있습니다. 사장님과 단골손님들의 정감 가는 대화에 기분도 좋아졌어요.,5
이조식당,"사장님의 따뜻함에 반하고, 비빔밥의 맛에 반하고
간이 짜지도 싱겁지도 않게 삼삼히 먹을 수 있고, 안에 채소가 많이 들어서 건강을 생각하는 부분에서도 매우 만족했습니다 ^^

이쪽이 지대가 넓어서 걸을 일이 많으실텐데, 든든히 먹고 활동 할 수 있었어요~

외국인들 오면 이게 한국의 정! 이다, 비빔밥이다 하고 소개해 주고 싶네요~

5천원 맛있음!
양 많음!
정!",5
이조식당,"맛과 가격, 친절함까지 정말 훌륭한 식당이라고 생각합니다.",5
이조식당,"믿기지 않는 가격에 믿기지 않는 양
너무 배불러영ㅎㅎㅎ
사장님도 짱 친절하세요",5
이조식당,"친절 왕
가성비최고",5
이조식당,"6천원에 이정도 양과 맛이라니... 당황스러울 정도네요
사장님도 너무 친절하시고 잘 먹고 갑니다",5
이조식당,맛있고 가성비 좋아요. 사장님도 친절하세요. 잔치국수랑 콩나물밥 말고도 콩국수랑 보리밥도 맛있습니다.,5
이조식당,"본인은 잔치국수 안 즐겨먹는 타입임. 이 날도 우연히 차 세워두고 통화하다가 마침 밥 때 길래 그냥 들어가서 콩국수를 주문했음. 같이 간 친구는 잔치국수를 시킴

식사를 기다리며 친구한테 말했음

&lsquo; 잔치국수는 뭔가 돈주고 사먹기 아깝지 않냐? &lsquo;

시간이 흘러 내가 주문한 콩국수가 먼저 나왔음
맛은 괜찮았으나 면이 너무 소면이라 내 취향에 좀 아쉬웠음

여튼 내 콩국수를 거의 다 먹은 상태에서 
친구의 잔치국수를 한입 뺏어먹음

그 순간 

진짜 눈이 번!!!!!쩍!!! 하고 뜨였음

와 이게 뭐야?
그냥 멸치 국물이 너무 진하디 진해서,
국물이 아닌 &lsquo;면만&rsquo; 먹었는데도
멸치육수의 진한 맛이 쫙 올라옴

놀라움에 나도 모르게 

&lsquo;와!!! 이거 왜이렇게 맛있어?!&rsquo; 라고 크게 말함 ㅋㅋㅋ

주방에 계신 사모님께서 뿌듯하셨는지 나와서 자랑을 하셨음. 사용하시는 멸치가 뭔 성인남자 손가락만한 대멸치임. 말씀들어보니 이 대멸치를 한박스씩 넣어서 육수를 낸다고 함. 

역시&hellip; 맛은 재료에 대한 집착에서 나온다는 걸 다시금 확인함 &hellip; 

이미 콩국수를 다 비웠지만 이 기세를 몰아서 잔치국수추가주문 후 완국수 끝내버림

한마디로 정리하자면,

&lsquo;잔치국수 대한민국 1등&rsquo; 

근처에 살지 않아서 자주 못가긴하지만
앞으로의 내 남은 인생에 충정로 서대문 근처를 올 일이 있다면 여기서 한끼를 해결하기로 마음먹음 

다른 후기보니 현금결제밖에 안된다는 불평이 있던데,

솔직히 난 그냥 음식맛에 감동해서 자발적으로 계좌이체 드리겠다고 먼저 얘기했음

근데 내가  계좌준다하니깐 걍 카드로 해도 된다고하셧음 

하지만 난 맛에 감동한 집은 현금결제를 한다는 나만의 원칙이 있기에&hellip;",5
정원레스토랑 어반가든,"좋아요 
분위기 좋고 서비스 좋고
음식 맛있고 ㅎㅎ",5
정원레스토랑 어반가든,불만리뷰 삭제하고 좋은리뷰만 가지고 가는곳,1
정원레스토랑 어반가든,음식 맛이 완전 예술임!!! 디너메뉴를 시켰는데 되게 사진찍게 분위기도 좋고 맛있어서 눈호강 입호강하고 갑니다!!,5
정원레스토랑 어반가든,"여자친구랑 데이트가서 분위기도 좋고 맛있게 먹고 왔네요
여자친구가 무척 좋아했어요~",5
정원레스토랑 어반가든,리뷰어 광고쓰는 곳 와드,1
정원레스토랑 어반가든,"여기 주차가하기 편하고 전망도 좋아서 왔습니다 ㅎㅎ
맛도 좋고 양도 많이 줘요 
무엇보다 분위기가 쵝오입니다!!",5
정원레스토랑 어반가든,"인테리어 예쁜데 조금 옛날 느낌이에요. 요즘 인스타 갬성은 아니지만 아늑해요.
불친절 후기가 많은데 직원분들 바뀌신건지 되게 친절하셨어요.
다만 가격에 비해 맛이 평범해서 아쉬웠어요. 양은 많았습니다.",3
정원레스토랑 어반가든,우연히 들린곳인데..분위기도 너무 좋고 사진찍을곳도 많아요 ㅎㅎ 음식종류도 다양하고 푸짐하고 맛있어요!!데이트코스.외식등등 좋은거 같아요,5
정원레스토랑 어반가든,서대문에 이렇게 분위기 좋은 레스토랑이 있는지 몰랐네요 데이트하기에도 좋고 음식도 맛있어서 좋아요 담에 또 재방문 할게요~,5
정원레스토랑 어반가든,"네이버 리뷰는 글자수에 제한이 심해서 여기에 남깁니다 
11월 19일 오후 1시에 예약잡고 갔습니다. 입구쪽 좌석을 배정받았고 자리가 협소했지만 늦게 예약하기도 했고 사람도 많아서 그러려니 했습니다. 음식은 버섯크림리조또와 불고기 파스타, 사이다를 시켰습니다. 카카오맵 리뷰가 좋은글밖에 없길래 꽤나 기대했는데 결론적으로는 음식도 서비스도 실망입니다 

1. 서비스. 제 일행은 기둥이 옆에 있는 좌석에 앉았습니다. 기둥 아래쪽에 콘센트가 있었고 직원분들이 개인핸드폰 충전기를 꼽아놓으셨었는지 저희가 주문하고 얼마안되서 오시더니 뽑아서 가져가시더라구요. 근데 그 콘센트 위치가 앉아있는 다리 바로 옆이었습니다. 
한번은 그래요. 그럴수 있죠. 그분이 충전기 빼가시고 얼마 안되서 여직원분이 오셔서 저희 자리 뒤쪽에 있는 크리스마스 조명을 키려고 콘센트를 꼽으려고 하셨습니다 근데 뭐가 작동이 안되는지 저희가 식사하는데 내내 옆에서 코드를 꼽았다 뺐다 하시더라구요. 제가 참다참다 이따가 해달라고 말씀드렸는데 잠깐 가시는 것 같더니 다시오셔서 마저 꼽고 가시더라구요? 근데 그게 손님이 있는데도 꼭 해야하는 행동이었을까요? 저희 그 식당에서 삼십분? 있었습니다 주문하고 밥먹은 시간 포함해서요. 그 30분 전구 꺼져있는게 그렇게 보기가 싫어서 밥먹는 손님옆에서 그러셨던 건지. 정말 생각할수록 불쾌하네요. 그리고 그런 행동을 하셨으면 사과라도 제대로 하시던가 아니면 행동하시기 전에 먼저 저희에게 양해를 구하셨다면 이렇게까지 불쾌하진 않았을텐데요. 이 글을 언제 보실지 모르겠지만 꼭 저희가 있던 그 시간에 직원분들이 그 구석에 콘센트에서 몇분을 보냈는지 찾아보시기 바랍니다. 

2. 질. 음식은 생각보다 비쌌고 많이 짠편입니다. 뭐 서울물가 관광지 물가 생각하면 그래요. 또 그러려니 해볼게요. 근데 왜그렇게 음식이 짠가요.. 기본적으로 짜게 드시는 분들에게는 안짜다고 느낄 수 있으시겠지만 평소에 짜게 먹는 저에게조차도 짜다고 느껴졌습니다. 그정도면 음식이 전체적으로 짠편이라고 생각합니다. 

부디 제 리뷰는 지우지 마시길 바래요. 일이 잘 해결되면 제가 직접 수정하도록 하죠. 다른 손님분들도 그 가게가 어떤 가겐지 알고 가셔야하니까요.",1
정원레스토랑 어반가든,"분위기가 너무 좋아요 ㅎㅎ
오랜만에 친구보러 가면서 맛집 알아보고 갓는데
가서 같이 밥도먹고 얘기도 많아하고 좋앗어요!!
음식도 깔끔하고 이쁘게 나와요",5
정원레스토랑 어반가든,엄마랑 데이트하고 우연히 밥먹으러왔는데 이렇게 분위기 좋은 레스토랑이 있는지 몰랐어요 음식종류도 다양하고 엄청 푸짐해요!! 다음에 남자친구랑 먹으러 와야겠어요~~~,5
정원레스토랑 어반가든,"도심속의 정원 분위기가 아주 좋습니다.
직원도 참 친절하고 음식도 퀄리티가 있네요",4
정원레스토랑 어반가든,"친구랑 같이 갔았는데 너무 맛있어요!!
친구도 엄청 좋아 했어요
관자의 식감이 너무 촉촉했어요 면도 잘익고 분위기도 좋아서 다음에 또 오고 싶네요",5
정원레스토랑 어반가든,"여기 남친이랑 기념일이라서 갔었는데 존맛임
분위기도 좋고 스테끼 육즙 팡팡임
샐러드또한 bb
걍 맛없없!!!
데이트코스로 최고!!!!
야외 정원도 예뻐서 인생샷 개많이찍고옴",5
정원레스토랑 어반가든,"깨끗하고 잘 꾸며진 내집처럼 분위기 예뻤어요 👍 
파스타 간이 적절하고 파스타와 함께 조리된 해산물은 새우와 조개의 맛이 살아 있고
함께 주문한 피자 또한 치즈가 쭉쭉들어나 고소하고 담백해요~
전반적으로 깔끔하고 감칠맛이 제 입맛과 잘 맞네요 👏 👏 👏 👏 👏 👏",5
정원레스토랑 어반가든,"예전에 점심 스파게티를 맛있게 먹은 경험이 있어서 다시 갔어요. 오늘 저녁은 특별히 1인분에 11만원 짜리 정식을 시켰는데 메인디시 빼고 다 맛있었어요. 결혼기념일이라 어렵게 선택했는데, 세상 세상 이런 스테이크는 처음이라 많이 당황스러웠네요.",1
정원레스토랑 어반가든,"내 인생 최악의 레스토랑이었음. 인테리어는 분위기는 좋지만 어딘지 엉성한곳들 투성이고, 음식들은 하나같이 예쁘기만하고 실속은 전혀 없는, 전형적인 인스타전용 레스토랑. 뭐 맛보단 감성이나 보여주기가 중요한 누군가들에겐 괜찮은곳일지도

무엇보다도 가성비가 정말 무지막지하게 최악임. 아무리 미디움레어로 시켰다지만 거의 무슨 생고기수준으로 나와서 씹기도 힘든 토마호크, 스프라이트 때려넣고 대충 만든 듯한 싸구려티 팍팍 나는 에이드, 보기에만 그럴 듯하지 결국 면밖에 안 먹게되는 파스타, 그 가격대 식당에서 제공하는거라곤 믿기 힘든 수준의 스프와 디저트. 식전빵이 별로여서 남기게 될 때부터 쎄하더라니. 전반적으로 양은 많이 줌. 근데 코스요리는 높은 퀄의 음식을 조금씩 차례차례 즐기려고 주문하는 거 아니었나??

개인적으로는 매우 비추함. 솔직히 우리 갔을 땐 (무려 할로윈 토요일 저녁인데도) 홀도 거진 텅텅 비어있더만, 뭐 그렇게 빡빡하게 예약제로 운영하는지도 잘 모르겠음. 결제할 때 돈 아까워서 손이 떨릴 지경이었음",1
정원레스토랑 어반가든,맛집 인정이에요~ 풍경도 너무 좋았습니다 ^^  다음에 또 오고싶을 것 같아요!!,5
정원레스토랑 어반가든,"불친절~ 요리도 별로. 짜고 질김.
메뉴판 갖다주지도 않고, 다른 메뉴판 보고있으니 그건 안된다라고 말도 안함ㅋㅋㅋㅋ직접 이것도 해당되냐고 하니까 &ldquo;아니요?&rdquo; ㅋㅋㅋㅋㅋ 별관도 좀 신경써주세요.",1
정원레스토랑 어반가든,평점 조작,1
정원레스토랑 어반가든,"평일에 가서 사람이 별로 없었어서 그런지
저는 매우 만족했음.
평점이 극과 극이라 찝찝했지만.. 굉장히 친절하셨음

명란 로제파스타 존맛탱이고 관자알리오올리오였나 암튼 맛있었음
콤보스테이크?는 걍 숯불닭갈비+돼지고기여서 평범쓰...

근데 파스타가 진짜 존맛이였음ㅠㅠ",5
정원레스토랑 어반가든,"예약은 뭐하러 했나 싶을정도로 말도안되는 자리 앉은것도 짜증남
예약하지말고 그냥 가세요~ 어딜 앉아도 시끄럽고 어수선합니다
식전 스프가 1도 안뜨거움 ..
데워달라요청했더니 걍 미적지근하게 데워다주심..
입도 대기 싫어서 두어스푼 떠먹고 말았음
스프 나오자마자 메인음식 같이줌ㅋㅋㅋㅋㅋㅋ
롯데리아보다 음식 빨리나옴
여유와 음식 맛이라고는 즐길 수 없는 레스토랑
파스타 심지어 너무짜서 물 계속먹음
걍 노답.....
짠거좋아하고 빨리 음식먹고싶은분은 가세요~
내가진짜 리뷰 잘 안남기는데 리뷰남겨야겠다고 밥먹는내내 생각함
별 한 개도 아까운 레스토랑",1
정원레스토랑 어반가든,"여기 점수 왜 좋은거에여&hellip;? 저 가본 식당 중에 탑3 안에 들정도로 최악이었어요ㅎ;

일단 들어갈 때부터 무슨 똥냄새..?같은게 나길래 아, 여기 식당 컨셉이 풀숲이라 거름이 있는건가 생각했는데, 자세히 보니 위생 때문이 아닐까 하는 생각이 자꾸 들더군요ㅎ

맛은 뭐&hellip; 그냥 평범해요. 한국인이 좋아하는 자극적인 맛..? 아 이베리코 스테이크는 너무 딱딱해서 씹기가 힘들어 거의 못 먹었지만요.

그런데 여기 직원들이 모두 하나같이 너무ㅋㅋㅋㅋ 아~주 좋게 표현하면 와일드 합니다.
와인도 무슨 소주 따르듯이 괄괄 따라 주더니 따른 후엔 병 주둥이 부분을 본인 팔에 슥 닦고 가고, 음식도 조심스럽게 안 놔두고 던지듯이 ㅋㅋㅋ 턱턱 ㅋㅋ

진짜 옷만 구색 맞췄지 직원들의 에티튜드는 전혀 그 가격대의 레스토랑 서버라고는 믿기지 않았습니다. 

같이 간 친구 말이 여기 점심 때 대기 한다 그래서 충격 받았어요. 여길 대기해서 들어온다고..?ㅎㅎㅎㅎㅎㅎㅎㅎㅎ 왜지?? 왜???? 뭐땜에???",1
정원레스토랑 어반가든,저번에도 가서 셋이 단품 하나씩 시켰었는데 이번엔 2인 이상은 세트메뉴만 시켜야한다하고 이래저래 제약이 많더라구요. 직원들은 바빠서 힘든건지 많이 지쳐 보이구요. 음식은 그냥 평균입니다...,2
정원레스토랑 어반가든,"그닥..
서비스도 그닥
옛  추억만...",1
정원레스토랑 어반가든,사진만 잘 나와요,1
정원레스토랑 어반가든,"분위기도 좋은곳에서 맛있는 음식과 함께하니 맛도 두배로 맛있네요~ 
고기가 부드러워서 맛있었습니다 ^^ 
직원분도 친절하셔서 좋아요",5
정원레스토랑 어반가든,기념일에  갔는데 대만족 스테이크 맛있네요 잘구워져서 꿀맛!!  입에서 녹아요 직원분도 친절하게 응대해주시고  분위기도 좋고예뻐서 데이트코스로 최고 ~동화속  숲속에 들어와 식사 하는 느낌입니다. 추천해요,5
정원레스토랑 어반가든,"영화 속 화창한 날 열리는 야외 결혼식 뒷풀이 장소 같은 분위기라고 할까요~ 평소 모던하고 시크한 감성을 좋아하는 남자친구도 너무 예쁘다며 감탄했는데요^^
가끔 색다른 레스토랑을 방문하는 것도 너무 좋은 것 같아요~~",5
정원레스토랑 어반가든,와 여기 음식뿐만 아니라 분위기 맛집이네요 ㅎㅎ 저녁에 갔는데 같이 간 사람도 분위기 왤케 좋냐고 잘 왔다고해요 ㅎㅎ 음식 추천해주시는걸로 주문했는데 전부다 맛있었습니다 !! 감사합니다,5
정원레스토랑 어반가든,"맛없음 가격비쌈 서비스 안좋음
발렛파킹 아저씨는 사이드브레이크 걸어놓고 기어는 d단에 해놨더라 뭐지싶었음",3
정원레스토랑 어반가든,"음식은 참 맛있다.
건물이 오래되다보니 복잡하고
번잡스런 느낌이 든다.",4
정원레스토랑 어반가든,"맛은 그럭저럭 괜찮은데 2층 직원이 그닥~
특별히 불친절한 거라곤 할 수 없겠지만...그런 어두운 표정. 우울한 태도, 기분나쁜 서비스로 점수를 깎아먹넹. 오너가 아무리 신경쓰며 리뷰에 신경쓰면 뭐하낭~사람을 잘 뽑아야 하는데...오너 친척인가?~^^",3
정원레스토랑 어반가든,"와 이거 후기 6월쯤엔가 썼었는데 그후로 댓글 알바 풀었네 ㅋㅋㅋㅋ 개빡쳐서 별점 2점줬던거 1점으로 내림

돈 많아서 음식 맛 같은건 상관없이 그냥 돈 많이 내고 분위기 나쁘지 않은 곳에서 모임식사 하고 싶다-하는 분들만 가세용.. Family set 4인 세트 먹었는데 인당 45,000원짜리 맛과 퀄리티가 절대절대 아님..

주말 점심 (이른 시간도 아녔음 오후 1시) 이었는데 연어 샐러드도 안되고 피자도 안된다고하고ㅠ 매니저 분은 모르겠는데 서빙하는 분 두 분 계셨는데 두 분 다 힘들어서그러신건지 되게 귀찮아보이셨어요,, 16년 전에는 이런 레스토랑이 별로 없어서 잘 운영되어왔을지 모르겠으나, 요즘은 여기보다 저렴한데 분위기도 좋은 레스토랑 널렸어요",1
정원레스토랑 어반가든,"오랜만에 친구와 서울나들이갔다가 먹은 파스타집
신선하고 맛있어서 친구랑 둘다 허겁지겁 먹었네용 
다음에 또 서울나들이 할때 먹고싶어요!

지난번 갔다 또 가봤는데 역시나 맛있네용👍🏻",5
정원레스토랑 어반가든,"곧 남편이랑 결혼기념일이라 분위기 내보려고 방문했는데 인테리어도 너무 이쁘고, 음식도 맛있어서 엄청 만족하고 왔어요! 파스타 맛집이라는 후기보고 간건데 파스타 진짜 너무 맛있고, 스테이크도 엄청 부드럽고 맛있어요! 남편이랑 간만에 분위기도 내고, 기분좋게 맛있는 음식 먹으면서 좋은 시간 보내고 갑니다ㅎㅎ 내년 결혼기념일에도 다시 방문할게요:)",5
정원레스토랑 어반가든,스테이크 육즙 풍부하니 맛있고 분위기도 정말 좋았습니다!,5
정원레스토랑 어반가든,항상 갈때마다 느끼는거지만 분위기도 맛도 너무좋아요^^  메뉴도 다양해서 선택할수있는게 많고 한곳에서 디저트까지 같이 할수있어좋아요,5
정원레스토랑 어반가든,여기 분위기 맛집이라고 소문이 자자해서 왔어요~ 정말 분위기 좋구 음식맛도 좋고 잘찾아 온거 같아요! 다음에 또 방문할게요,5
정원레스토랑 어반가든,피스타 대박이에효.. 과자처럼 생겼는데 씹으니 쫀득하고 일반 파스타면보다 더 맛있었어요😻 소스도 수제로 만드시는 것같구요 레스토랑 자주는 못오지만 한번씩 생각나면 올것같아요,5
정원레스토랑 어반가든,"너무너무 맛있어요
데이트코스로 좋아요 힐링 하고왔네요
또 찾아올게요^^",5
정원레스토랑 어반가든,"서비스 구림 안경낀 남자 완전 별로 ㅇㅇ 
맛도 그냥 그럼 비싸긴 비쌈",1
정원레스토랑 어반가든,이 가격에 이 맛은... 아닌 것 같습니다...,1
정원레스토랑 어반가든,예약전화로 브런치 시간 예약하는데 너무 친절하게 안내해주셨어요~ 11시20분이 라스토 오더라고해서 10시30분에 만나서 먹었는데 너무 좋았습니다^^,4
정원레스토랑 어반가든,따스한 연말 분위기 가득해서 너무 좋아요! 가족단위로 오기에도 좋은 것 같아요 직원분들도 친절하셔서 좋네요!,5
정원레스토랑 어반가든,"분위기도 너무좋고 맛은 왜이렇게 좋은가요ㅠㅠ
애들이랑 갔다왔는데 엄청 잘먹어서 제가 너무 뿌듯했어요 ㅎㅎㅎ 여럿이서 먹기에 자리도 괜찮고 정말 추천합니다",5
정원레스토랑 어반가든,정원처럼 잘 꾸며져 있어 분위기가 좋다. 살짝 올드한 느낌도 있는데 오히려 정동스러워 매력적이다. 음식도 맛있었다 특히 크림리조또!,3
정원레스토랑 어반가든,"분위기 너무 좋아요. 
모임 때문에 방문했는데 이야기하기 좋고 
음식도 맛있었어요!",5
정원레스토랑 어반가든,"샐러드부터 메인요리까지 다 맛있네요. 
기념일에 갔는데 넘 분위기 좋아서 
행복했습니다~~~🥰🥰",5
정원레스토랑 어반가든,인테리어가 진짜 정원에 있는 것 같아서 기분 좋더라구요 :) 음식 맛도 맛있고 양도 많아서 정말 맛있게 먹었습니다!,5
정원레스토랑 어반가든,분위기 이쁘고 음식 맛있습니다 추천받아왔는데 너무 좋네요,5
정원레스토랑 어반가든,올드한 느낌일줄 알았는데 예쁘고 분위기 좋아요! 피자가 굉장히 푸짐합니다. 모임 하기에도 좋을 것 같아요,5
정원레스토랑 어반가든,"셰프코스로 테라스 쪽에서 식사하고 있습니다! 에피타이저까지 먹었는데 맛있고, 진짜 식물들이 옆에 있어서 예뻐요.",5
정원레스토랑 어반가든,"분위기  넘  이쁘고  
음식도  정말 맛나네요^^친목모임",5
정원레스토랑 어반가든,직원분들 친절하시고 음식도 매우 맛있습니다.아이와 근처 놀러 왔다가 맛난 것 먹고 갑니다.,5
정원레스토랑 어반가든,리뷰알바,1
정원레스토랑 어반가든,"분위기가 너무 좋아요~~
레스토랑 친구가 데려가 줬는데 넘 이뻐서 후기도 남겨봅니다 ㅎㅎ
너무 맛있게 잘 먹었어요 친절하시고 좋네요 ㅎㅎ",5
정원레스토랑 어반가든,"와인에 파스타랑 피자랑 해서 먹었는데
너무 잘 어울리더라구요 ^^
양도 많고 또 가고 싶은 레스토랑이에요~~",5
정원레스토랑 어반가든,"전부터 궁금했던 곳인데 특별한 날에 드디어 왔습니다!
분위기 너무 좋구 도심속에 이런 곳이 있는지 몰랐어요. 도심 속 정원
가격
가격은 좀 있지만 특별한 날에 또 오고 싶어요!
매장이 넓어서 복잡하지도 않아요.",5
정원레스토랑 어반가든,"친목모임 ᆢ모임할곳 검색해서 찾아 간곳 ᆢ 
올해 벌써 3번째  방문을 하게 되었네요
음식맛도 괜찮고 ᆢ분위기도 좋아 ㆍ 특히 
모임할수 있는 룸이 있어서  완전좋아요 ᆢ
ㆍ
모임 하기엔  이만호곳도 없고 
분위기 있는 레스토랑 찾는다면 추천합니다 ᆢ 
ㆍ
전  3월 26일 또 갑니다 ᆢ
지난번 모임하고 다들 좋다해서 총무님이 또
예약하셨다네요 ᆢ",4
정원레스토랑 어반가든,분위기 미친 맛집입니다&hellip; 여친이랑 갔는데 둘다 너무 만족하고 힐링했어요.. 멀리 안가고 앞으로 분위기 차리고 싶을때 오려구요 ㅎㅎ,5
정원레스토랑 어반가든,아기자기하고 조용한 분위기가 좋고 기분 내기에 괜찮은 레스토랑이네요. 소개팅 데이트코스 데이트하거나 기념일에 오기 좋은 곳입니다~~,5
정원레스토랑 어반가든,제가 좋아하는 고르곤졸라피자 와 누룽지뚝배기파스타 맛날거 같아요. ~^^,5
정원레스토랑 어반가든,아침부터 파스타가 너무 먹고싶어서 찾다가 검색했는데~인테리어도 너무 이뻐서 사진을 몇장이나 찍었는지 몰라요ㅎㅎ파스타도 플레이팅이 너무 이쁘고 맛도 있어서 나중에 친구들이랑 한번 더 방문할려구요!,5
정원레스토랑 어반가든,애인이랑 기념일이여서 예약하고 방문했어요:D 분위기도 아늑하니 따뜻하고 고급진 게 딱 특별한 날에 알맞더라고요 게다가 직원 분들도 친절하셔서 편안한 분위기 속에서 애인이랑 오붓하게 즐길 수 있어서 만족스러웠어요!! 메뉴들도 다양해서 골라 먹는 맛이 있더라고요 애인 입맛에도 맞다고 해서 너무 뿌듯하네요~ 곧 부모님 결혼 기념일인데 그 날에도 예약해드려야겠어요 😃,5
정원레스토랑 어반가든,분위기도 조용하고 맛있어요,4
정원레스토랑 어반가든,분위기 좋고 맛나 맛있어요,5
정원레스토랑 어반가든,분위기는 좋습니다만 맛이 따라와주질 못합니다. 뭔가 미리 만들어놓은 것 같은 식감이랄까..,2
정원레스토랑 어반가든,"아이들과 나들이 후 들르기 좋아요
정원가든이라 예쁘고 분위기도 좋아요
맛도 맛있습니다",4
정원레스토랑 어반가든,가족들과 예배 끝나고 방문 했는데 넘 평화롭고 맛있는 일욜 오후를 보냈어요~ 음식도 맛있구 가든 샐러드 특히 추천이용! 음악도 공간과 넘 잘 어울리고 도심 속 너무 이쁜 가든이에요🌿,5
정원레스토랑 어반가든,전체적인 파스타 면빨리 쫀득하고 맛있어요 ㅎㅎ 그리고 특별한 날 가기 좋을 거같은 게 이름을 너무 찰떡같이 지었다고 느껴질 만한 정원의 분위기가 좋아요~ 빽빽한 건물 숲 사이에 있는 정원인 분위기예요! 추천합니다 ~,5
정원레스토랑 어반가든,"어반가든 분위기도 좋고 정말 맛있어요~
서비스가 좋아요! 스테이크도 취향에 맞춰서 잘 구워주셔서 맘에 들어요! 양도 푸짐합니다:)",5
정원레스토랑 어반가든,"해산물토미토스파게티는 해산물이 가득 들어가있어서 좋았고 파스타면도 아주 잘 삶겼어요! 모듬 스테이크는 소고기, 돼지도마호크, 로스트치킨, 랍스타, 홍합, 구운야채로 구성되어 있어서 푸짐합니다~ 
브레이크타임도 없고 모임하기 좋은 장소로 강력 추천!",5
정원레스토랑 어반가든,분위기 좋고 대화하기 편합니다.,5
정원레스토랑 어반가든,사랑하는 사람이랑 분위기 좋은곳에서  맛있는 음식 먹고  왔어요 ~,4
정원레스토랑 어반가든,"맛집이라고 추천받고 연말에 친구랑 모임하러갔었는데, 물컵에서 물비린내 나고,가격도 비싸고, 맛도 없고,토마호크인지 그건 질겨서 먹지도 못하고 남겼네요.불친절하고,후식으로 커피를 안준대서 추가금액 지불하고 시켰는데, 머그가 아닌 받침이 있는 컵인데 컵받침도 없이 덜렁 가져다 주었는데 심지어 컵밑부분이 살짝 깨진 상태였어요.
가본 음식점중에 최악이였어요",1
정원레스토랑 어반가든,친구랑 시간내서 방문했는데 예약시 처음이라고 말하니 안내도 너무 친절했고 직원분들이 너무 잘 해주셔서 기분이 좋았는데 가격에 비해 양도많아 가성비가 정말 좋아 나중에 데이트코스나 소개팅때 와야겠다라고 생각했어요~~,5
정원레스토랑 어반가든,"분위기는 물론 음식 맛, 양, 친절도 등 모든 방면에서 뛰어난 수준입니다.",5
정원레스토랑 어반가든,"와이프의 생일이라 방문했는데 분위기 최고였어요~ 코스로 주문했는데 나오는 음식마다 그림같아서 먹기가 불편할 정도였어요. 직원분도 친절하게 설명도 해주시고 무엇보다 날씨가 추웠는데 따뜻한 물에 레몬향이 은은하게 퍼져 입안이 개운하네요
세심하게 배려한게 손님들까지 느껴지더라구요 메인 나왔을때 직원분에 생신 축하드립니다 하는데 기분 너무 좋았다네요^___^ 정말 센스 만점인 멋진 식당입니다. 다음번에는 아이들과 함께 방문 예정입니다.",5
정원레스토랑 어반가든,어우 리뷰알바는 얼마주고쓰나요 어지간하면 안쓰는데 너무 별로입니다 별점에속아서 가지마세요 맛도 서비스도 0점입니다 돈아깝네요,1
정원레스토랑 어반가든,"연휴에 중구쪽에서 놀다가 맛집으로 유명하다길래 방문했어요!
정원컨셉으로 인테리어가 되어있는게 이색적이고 예뻤어요
모든 음식들이 깔끔하고 맛있었고 샐러드는 야채의 신선도가 중요한데 신선하고 맛있었어요 !
다음에 또 방문하고싶어요~!",5
정원레스토랑 어반가든,남자친구랑 기념일이라서 갔다가 분위기도 너무 좋은데 친절 하더라규요 레스토랑인데 가성비도 너무 좋고 상견례 하기도 좋을거 같은 분위기네요 또 올게요,5
정원레스토랑 어반가든,"추천받아서 왔는데, 너무 만족스러워요! 분위기도 아늑한 크리스마스느낌.. 런치로 와서 더 가성비있게 즐기는 듯! 재방문할게요!",5
정원레스토랑 어반가든,분위기 너무 좋은 레스토랑~~음식도 하나하나 다 맛있어요~~해산물 스파게티 먹었는데 일단 재료 자체가 신선해서 그런지 느끼하지 않고 아주 맛있었습니다. 친구들과의 모임으로 왔는데 도심속의 정원을 만끽할 수 있는 분위기에 맛난음식 까지. 일석이조 삼조의 레스토랑이네요~~또 방문하고 싶어요👍,4
정원레스토랑 어반가든,맛없고 카운터 남자 불친절해요 돈아까웠어요,1
정원레스토랑 어반가든,분위기가 정말 좋아요,3
정원레스토랑 어반가든,남자친구와 기념일을 맞이해서 오랜만에 분위기 좋은 곳에서 데이트 했어요 !! 음식도 진짜 맛있는데 분위기까지 좋으니까 맛이 두배 더 좋더라구용 🥰 다음엔 친구들이랑 또 방문할게요 ~~!,5
정원레스토랑 어반가든,"플레이팅부터 너무 예뻐서 설레는맘으로 한입먹자마자 행복해졌습니다..진짜 너무 맛있어요!
데이트하기에도 정말 좋은 분위기네요~!",5
정원레스토랑 어반가든,메인은 당연하고 샐러드까지 맛있는 식당입니다,5
정원레스토랑 어반가든,모임장소 적극 추천합니다,4
정원레스토랑 어반가든,이쁘고 맛있습니다 추천!,5
정원레스토랑 어반가든,맛있고 친절해요,5
정원레스토랑 어반가든,분위기 최고 맛 최고 어반 가든 ㅎㅎㅎ 특별한날에 오기 딱 좋아용 굿굿,5
정원레스토랑 어반가든,분위기 좋고 맛도 갑 데이트 장소로도 좋아요,5
정원레스토랑 어반가든,광화문에서 공연보고 들른 정원레스토랑 어반가든! 예약시간보다 한시간 일찍 왔는데 친절하게 안내해주셔서 기다리지 않고 저녁식사 할 수 있어서 좋았어용~^^ 식전빵도 따뜻하고 감자스프도 맛있어요. 샐러드도 상큼하네용. 트러플 파스타도 너무 맛있네요~~,5
정원레스토랑 어반가든,우연히 들어온 가게인데 분위기좋고 음식 맛있어요 셰프코스 시킴 굿,5
정원레스토랑 어반가든,"데이트나 소개팅하기 딱 좋은 분위기예요~
벌써 4번째 방문인데 항상 만족하며 갑니다
개인적으로 루꼴라피자가 아주 좋았고, 쉐프코스도 특별한 날에 먹기 좋아요~",5
정원레스토랑 어반가든,분위기도 너무 좋고 맛있어요,5
정원레스토랑 어반가든,"뚝배기에 누룽지 마시서영
근데 피자 넘 커서 가성비갑,,, 치즈양 무엇이조? 꿍",5
정원레스토랑 어반가든,조용하거 맘에 들어요 ㅎㄹ,5
정원레스토랑 어반가든,"공간은 좁지만 오먹조목 예쁘게 꾸며놨어요!
분위기 있는 곳을 원하신다면 강추",4
정원레스토랑 어반가든,5점짜리는 대부분 리뷰 조작이네ㅋㅋ 댓글 쓴 내역 들어가보면 딱 티남. 모든 가게 5점 주거나 여기 한 군데 밖에 리뷰 없음,1
정원레스토랑 어반가든,한산한 시간에 방문했더니 여유롭고 좋았어요 인테리어도 이쁘고~ 다음에 모임할때 와도 좋을거 같았습니다 감사합니다~,5
정원레스토랑 어반가든,"무슨 예약하고 갔는데도 별관을 안내하고 
3명인데도 4명 세팅해놓고 테이블마다 벨이 아니라 한 홀에 벨 하나있고 
벨을 여러번 눌러도 직원은 오지도 않고 
피클 가져다달란말을 10분간격으로 3번 얘기해도 그걸 하나 안가져다주고 서비스 최악입니다.",1
정원레스토랑 어반가든,"아쉬워요,,,,,",1
정원레스토랑 어반가든,"해산물 파스타 시켰는데 해산물이 싱싱하지 않았어요. 음식에 정성이 있는지 재료를 보면 알수있어요. 
직원분들도 불친절까지는 아니었지만 무뚝뚝한거같아요 친절하고 웃으라는 이야기는 아니지만 썩 느끼기에 기분이 유쾌하지는 않더라구요. 
좋은 곳이되려면 맛에서도.. 직원들 태도에서도 노력을 해야할거같습니다~
처음가봤는데 굳이 다시 지인을 데리고 오지는 않을거같아요",2
정원레스토랑 어반가든,최근1월에 리뷰 알바 푼듯? 아마도 1/18 리뷰가 오점만점짜리가 우수수 올라왓네ㅋㅋㅋㅋ 가격은 청담급 코스가격인데 맛은 그냥 동네맛이구요. 무엇보다 서비스가ㅋㅋㅋㅋ 몇번말해도 안갖다주고 그냥 지나가고  거기다가 퉁명스럽기까지해요.. 포기하고 그냥 먹음;;; 인테리어도 90년대 감성이라서 촌스럽던데.. 대체왜? 이가격에 여길? ;; 머 당근 취향존중은 합니다만!! 직원 교육은 좀 시키셔야할듯,1
정원레스토랑 어반가든,가게도 예쁘고 맛도 괜찮다,5
정원레스토랑 어반가든,"친구들과 함께 저녁식사하고 왔습니다.
해산물크림파스타 먹었는데 홍합도 신선하고 해산물 특유의 잡내도 없어서 아주 맛있게 먹고 왔습니다^^ 직원분들도 너무 친절하시고 만족스러운 저녁모임이였습니다!
다음에 데이트하러 올게요~!",5
정원레스토랑 어반가든,"와~우!!!!
넘.넘.넘..
맛 나네요?!
모든게퍼펙트!!!!^^
까르보나라스파게티!
무조건 강추!!!입니다.",5
정원레스토랑 어반가든,입구부터 연말 분위기가 물씬 풍겨서 기분이 좋았어요!! 코스요리로 시켰는데 음식도 빨리 나오고 맛도 너무 맛있었습니다~~ 남자친구가 예약해서 한번 와봤는데 직원분들도 너무 친절하고 다음에도 또 오고싶네요~~~ㅎㅎㅎ,5
정원레스토랑 어반가든,"오늘 날씨가 영하 10도가 넘는데
실내정원에서 최애 스테이크 300g과 해산물오일파스타 
최고 핫한  곳!!",5
정원레스토랑 어반가든,법카 있을때나 어쩌다 먹지 내돈내고는 절대 안먹는곳,2
정원레스토랑 어반가든,그냥 그래요.,2
정원레스토랑 어반가든,여기 별로였는데...평이 왤케좋져? 일단 인테리어가 너무 90년대 스타일같이 촌스러워서 음식나오고도 친구랑 한번도 카메라를 안켰어요.. 그리고 코로나인데 진짜 손님들을 환기도 안되는 구석에 다 몰아놓고 창문도 안열리더라고요 ㅠㅠ 불안해하면서 먹은 기억이 있네요 서비스도 별로였구...리뷰 왠지 조작같음;;,1
정원레스토랑 어반가든,최악이다...,1
정원레스토랑 어반가든,분위기도 너무 좋고 음식도 너무 맛있고 데이트 코스로 짱이에요! 커플세트 시켰는데 양도 많고 구성도 딱 좋아요~,5
정원레스토랑 어반가든,"손님이 많으니 15분후에 오라는 카운터분 말씀 듣고 웨이팅 명단 작성해야 하지 않냐 물으니 그냥 오라더군요. 
웨이팅 명단 작성이 없어 의아했었는데,
주위에서 시간을 보내다가 시간 맞춰서 가니
재료소진에다 그냥 오는대로 미리 손님들 다 채우고 더 이상 안받는다고 하네요. 
고맙습니다.",1
정원레스토랑 어반가든,후.... 제일 좋은건 세상친절하신 발렛아저씨,1
정원레스토랑 어반가든,기념일때 다녀가기 좋은곳,5
정원레스토랑 어반가든,"커플세트로 시켰구 트러플크림파스타랑 이베리코 돼지고기 스테이크..?택해서 먹었습이다! 가격은 66,000원인데 진짜 엄청 맛있고 양도 넘쳐서 아쉽게도 좀  남기고 왔어요..!!!
.
코스는
- 식전빵
- 고구마스프
- 샐러드
- 트러플크림파스타
- 이베리코 돼지고기
- 망고푸딩
이렇게 였어요!
.
식전빵은 그냥 그랬고, 고구마스프는 고구마향과 버터향이 적당히 올라오는 맛있는 스프였습니다
샐러드는 메추리알같이 생긴 고소한 치즈랑 토마토, 청포도와 채소가 잘 어우러진 샐러드였어요
트러플 크림파스타는 트러플향도 강하고 버섯도 많이 들어가있어서 제 입맛에 잘 맞았고, 이베리코는 진짜....................개맛있고 부드럽고 난리난리
망고를 안좋아해서 망고푸딩은 기대안했는데 질감이 상당히 부드럽고 생각보다 망고향이 나지않아서 다 먹었어요!",5
정원레스토랑 어반가든,"오후5시쯤에 갔는데 사람들이 많지 않은 시간대라 그런지 안전하게 먹었는데, 봉골레가 제일 맛있었고, 분위기 좋았어요~",5
정원레스토랑 어반가든,"코스 먹었는데, 연예인들 엄청 많이 왔다갔다봐요 유명한 사람들은 다찾은 듯 ㅎㅎ 맛도 괜찮고 인테리어랑 분위기도 좋아서 사진 찍기도 좋아요!!",5
정원레스토랑 어반가든,"정원맛있네여 리조또 먹었는데, 진짜 JMT.... 디너 코스 먹고 추가로 주문했는데, 디너도 맛있지만 요거 리조또 꼭 먹어야 합니다. 우선 서비스도 좋고 분위기 까지 좋더라구요~~ 나중에 데이트 하러 또 광화문 오면 재방문 무조건 !!  ^^ bb",5
정원레스토랑 어반가든,아니 서비스를 개선할 생각은 안하고 리뷰 신고만 계속 먹이면 어떡해요... 욕설을 쓴 것도 아니고 다른 소비자들 보라고 직접 느낀걸 쓴건데,1
정원레스토랑 어반가든,안좋은 리뷰들은 다 신고먹여놔서 리뷰를 볼수가없네;;;,3
정원레스토랑 어반가든,"결혼식 손님 받아야 된다고 멀리서 찾아온 손님 나가라고 하는 가게. 카톡플친에게 광고는 오지게 보내고, 찾아가니 나가라 드립.",1
정원레스토랑 어반가든,"맛도 있고 (토마토 보다는 크림이 진짜 맛있음) 가게 분위기도 괜찮은데요, 주문 받고 서빙하시는 남자 직원분 원래 그런 태도로 일하시는건지요?^^.. 주문 할때부터 퉁명스럽게 받으시길래 &lsquo;뭐지..? 무슨 컨셉이지?&rsquo; 싶었는데 이후 식전빵, 물티슈, 촛불 주실때도 툭툭 놓으시길래 정말 벙쪘습니다. 피클 리필요청이나 추가 주문을 해야하는데 눈치보여서 참..^^! 직원 태도 때문에 밥맛이 죽는 곳은 처음이네요~

그래도 여성 직원분은 친절하게 응대해주셔서 그나마 밥이 무슨 맛인지는 잘 느끼며 먹고 왔습니다*^^*",3
정원레스토랑 어반가든,후기가 케바케네요,3
정원레스토랑 어반가든,"식기 세척이 엉망이라 손자국 그대로 남아있음
맛은 가격대비 그냥 저냥 가격도 비싼편 본식당은 꽉찬것도 아닌데 외부로 안내 처음엔 코로나 때문에
거리 띠우기때문인가 했는데 그것도 아님 안내 받은곳은 사람 꽉참 조용히 식사하고 편안함을 원하는 사람을은 비추 너무 시끄러움 두번 방문 의사는 없음
평점 낮게 주면 삭제 한다는 글도 여기서 보이네요",2
정원레스토랑 어반가든,트러플 향이 좋음,4
정원레스토랑 어반가든,조금 아쉬웠습니다. 벨을 3번 눌러도 오지 않는데 옆 테이블 단체 손님은 벨을 안 눌러도 정기적으로 와서 필요한거 없는지 물으시더군요. 무엇이 맛있는지 묻는 질문에 답은 없고 메뉴판만 전달하고 가버리시고. 6만9천원 커플 세트는 4만9천원 정도 해도 되지 않을까 싶었네요. 와이파이는 잠겨 있는데 개방을 해도 될 것 같네요. 누가 점원에게 일일히 패스워드를 물을지.. 물 더 달라고 하기도 어려울 것 같은 곳. 글쎄 다시 찾고 싶은 레스토랑은 아니었던 것 같습니다. 사장님은 아실런지.,3
정원레스토랑 어반가든,맛집정도의 수준은 아니며 단체손님도 많고 테이블 간격도 좁기 때문에 그닥 추천은 하지 않지만 기념일날 저렴한 레스토랑을 찾는다면 한번쯤은 가볼만하다.,3
정원레스토랑 어반가든,이베리코 비비큐 굿,4
정원레스토랑 어반가든,재료 본연의 향이 살아있는 좋은 맛집,4
정원레스토랑 어반가든,파스타,3
정원레스토랑 어반가든,Mood &gt; Food,3
정원레스토랑 어반가든,"미리 예약 후 갔는데 너무 식당이 정신 없어서 물어보니 결혼식이  겹쳐 있다고 하더군요. 그러면  예약 시 미리 양해를 구해야 하는 것 아닌가요?  wife 의 생일 축하 겸 가족 식사였는데 결혼식인 줄 알았으면 결코 예약을 하지 않았을 것입니다. 중간에 음료에서 프라스틱 같은 조각까지 나와  화가 너무 났으나, 꾹 참고 가벼운 항의만 했습니다. 방역수칙이 어떻게 바뀌었는지 모르겠지만 자리 띄어 앉기는 전혀 없었습니다.음식도 너무 늦게 나왔습니다. 여기는 어려운 자영업자 분들과는 전혀 상관 없는 곳 같더군요.
음식도 결코 칭찬할 수준이 못 되었읍니다. 커플세트 정도만 가성비가 평균  정도라고 생각되고 다른 세트 메뉴는 결코 추천할 만한 수준이 아닙니다. 온라인에 올라와 있는 세트 메뉴의 구성과도 차이가 있어서 물어보니 아직 업데이트를  못하여서 그렇다는 어이없는 답을 들었습니다. 아뭏튼 식사 후 이렇게 기분이 안 좋기는 처음 인 것  같군요. 저희 가족이 운이 없게 유난히 바쁜 시간에  와서 이럴수도 있었겠지만  외식을  즐기는 저로서도 다시는  찾고 싶지 않은 곳입니다.",2
정원레스토랑 어반가든,"가격에 비해 퀄리티가 좋진 않음
직원이 아닌 알바 느낌이 나는 서비스",3
정원레스토랑 어반가든,"● 여기 조작- 별점 낮은 리뷰들은 신고해서 내려버립니다. 제 예전 리뷰도 그렇게 삭제됐어요. 그리고 리뷰업체(조작) 쓰는듯합니다. 댓글들 잘 보세요.. 
직접 가본사람으로서 비추합니다. 음식이 가격에 비해 매우 별로, 
+지금까지도 주기적으로 조작질 이젠 그만좀 하세요. 그런 부정직하고 더러운 짓거리에 들이는 에너지와 비용을 여기 언급되는 본인들 문제점 개선 및 품질 향상시키는 데 집중하라고요, 자꾸 기만으로 덮으려고만 하지 말고요!",1
정원레스토랑 어반가든,"가격비 맛이 별로에요
분위기도 좀 어수선하네요
물은 잘 챙겨줘요",2
정원레스토랑 어반가든,서비스가 미흡해서 불편했어요,1
정원레스토랑 어반가든,"남친이랑 기념일차 방문했어용 !!
좀 색다른 맛집찾다가 방문해서 커플세트 시켰어요! 치킨스테이크 JMT...! 먼가 분위기가 다른 레스토랑이랑 다르게 정원테마다보니 동화속에 들어온기분인듯! 전체적인느낌너무좋았어요 !

이정재싸인갖고싶당 ..",5
정원레스토랑 어반가든,"파스타를 먹었다. 맛은 중상 정도인데 너무 비싸다. ₩18,000 이상이다. 그리고 양은 엄첨 작다 늦게 저녁으로 먹었는데 새벽 5시가 되니 배가 고파서 잠이 깰 정도다.  다시는 안간다.",2
정원레스토랑 어반가든,여친이 어떻게 이런곳 알았냐면서 칭찬해줬어요 ㅋㅋㅋ 음식점도 이쁘고 음식도 맛있구 덕분에 그날 기분좋게 데이트 정말 잘했어용,5
정원레스토랑 어반가든,남편과 기념일에 방문했어요! 도착해서 자리에 앉으려는데 꽃다발이 있더라고요^^ 선주문할 수 있어요!! 커플세트인데 샐러드부터 스테이크까지 다 맛있었어오~ 기념일에 분위기 잡기 좋은 곳이예요♡ 당일 생일에는 와인서비스가 있어요~  덕분에 어반가든에서 행복한 주말보냈어요!,5
정원레스토랑 어반가든,밥은 맛있게 먹었는데 세트에 디저트가 포함됐는데  요리 접시 치우시고 디저트가 30분이 넘게 안나와서 그냥 갔네여..카운터 직원분은 그와중에 디저트는 따로 또 시켜야 한다고 하고..대환장 파티더라구여.. 시킨 메뉴에 디저트가 포함인데 참... 결재하시는 분은 메뉴 숙지가 안되어있나보네요...옆에 테이블은 심지어 저희보다 늦게 식사 끝냈는데 바로 나오더라구요 디저트가^^ 디저트 30분 기다리다 열받아서 나왔네요,2
정원레스토랑 어반가든,"트러플풍기 파스타~ 대~~~~박!!!
정통이면서 우리 입맛을 아는 진짜 파스타를 먹을 수 있어서 감사했습니다",5
정원레스토랑 어반가든,정말 친절하십니다.,1
정원레스토랑 어반가든,분위기도 좋고 음식도 맛있게 잘먹었어요ㅎㅎ 오랜만에 외식하러 가서 만족스럽게 먹고 갑니당  특히 파스타 넘 맛있네요ㅎㅎ자주 방문하려구요!,5
정원레스토랑 어반가든,"근처가 직장이라 종종 갑니다. 
맛은 별4. 
인테리어 별3. 테이블간 간격 너~무 좁음
서비스 별1. 예약 했는데 누락되서 앉아있으라고함
       아침에 예약 확인 전화까지 받았는데 예약좌석 없었음(10분 늦도착해서 치웠다고 생각됨, 그럴수 있다치고..)
키작은 여직원에게 오더하는데 검정옷에 어깨에 비듬이 잔뜩.  생일자가 있어서 가져온 조각 케익 먹어도 되냐 물었다가 좋게 먹지 말라고 하면 될것을 훈계를 함. '기분 나쁜일 있냐'물으니 아니라며 ㅋㅋㅋ 그제서야 웃음. 췟! 계산할때 컴플레인 하려다가 그래도 파스타를 좋아하고 맛때문에 참고 나감.",2
정원레스토랑 어반가든,"가격, 맛, 찬절도 모두 평균이하입니다.
여기저기 나눠진 매장도 불편하기만 합니다.
옛날에는 고급스러운 느낌이 있었는데
지금은 관리에 별로 투자를 안하는듯 하네요.

이제는 모임장소를 바꾸어야 할듯",2
정원레스토랑 어반가든,분위기 좋아요,4
정원레스토랑 어반가든,"별점 낮게 썼더니 다 신고먹였네^^ 어이없어서 다시써요
알바들 물만 들고 왔다갔다 돌아다녀서 신경쓰이고요
새우머리는 6개인데 새우살은 3개에요 왜그러냐고 물어보니까 원래 그렇대요 가격 싼 편 아니고요 인테리어 기대이하에요
공감8개 받을정도면 다른 사람들도 대체로 그렇게 느꼈다는건데 반말로써서 삭제된것같아 존댓말로 다시 씁니다^^ 
학교앞 8000원 파스타집이나 다니는 대학생이 맛없게 느낄 정도면 말다했죠 근데 음식맛이나 가격보다 리뷰 신고하는게 더 빡쳐요^^",1
정원레스토랑 어반가든,코스 먹었는데 맛은 그냥 그렇고 서빙하는 직원들이 별로네요 스테이크 서빙하는데 손님 가방에 소스 줄줄 흘리면서 다니고 죄송하다 말한마디 없이 쿨해요ㅋㅋ 휴대폰에 흘리신 다음 분은 사과는 하시더라고요 디저트로 나온 아이스커피는 커피향 나는 물에 또 물탄 것 같고 무엇보다도 주방직원들이 아무도 마스크를 착용하지 않았습니다~ 손님은 많네요 ^^,1
정원레스토랑 어반가든,음식들 수준이 높아요~ 제가 갔을 때는 서비스도 괜찮았어요,5
정원레스토랑 어반가든,"직원분들 교육좀 더 시키세요 라고 말하고 싶지만 오히려 매니저란 사람의 대처를 보고 너무 기분이 나빴습니다. 기본적으로 직원들도 무관심하고 서빙도 투박하고 물잔이 비워져 있는지 그릇을 치워야 하는지 관심이 없고 벨을 눌러도 관심이 없어요. 
근데 알아서 가져다 주지도 않던 후식 주문한 뒤 좀 투박하게 그릇 치우던 문신한 직원이 내 바로 앞에 있던 물잔을 깼네요. 다행이 다치지는 않아서 넘어가려고 했죠 앞에 유리조각 물 엎어져서 치우고 있어서  옆자리 앉아도 되냐고 물어봤는데 뭐라 궁시렁 하고 듣지도 못함) 그러곤 주방에서 망고푸딩 가져와서 다 치우지도 않은 식탁에 서빙을 하네요? 상당히 불쾌해서 일어나서 괜찮으니까 가겠다고 말하고 계산하러 갔는데 
매니저란 사람이 괜찮냐고 물어보지도 않고 오히려 기둥뒤로 숨어요 ㅎㅎㅎ 저랑 눈 마주치니까 직원뒤로 숨어서 귓속말 하는데 '너가 실수했으니 사과하고 너가 계산해' 하는 느낌 이던데요?
 푸딩 서빙 기분 나쁜거 직원분께 말 하고 나오려다 매니저 행동 보고 직원한테 말해서 될 문제가 아니다 생각돼서 그냥 나왔습니다. 
서비스 별로라고 댓글 많던데 매니저를 바꾸셔야 할 것 같네요 매니저가 컴플레인 무서워하는 겁쟁이라니...",1
정원레스토랑 어반가든,정원레스토랑이라는 이름에 걸맞게 분위기 넘 좋아요.. 종종 들리는 곳인데 항상 잘 먹고 갑니다^^,5
정원레스토랑 어반가든,"오랜만에 친구들 만나서 정원레스토랑 갔는데 역시나 분위기도 좋고
음식도 깔끔하면서 맛있어요 
나중에 여자친구랑 밥먹으러 가면 좋을것같아요",5
정원레스토랑 어반가든,모임 장소를 찾다가 지인 추천으로 예약해서 방했는데 생각했던것보다 너무 맛있어서 놀랬어요 ㅎㅎㅎ 분위기도 너무 좋아서 모임하는 친구들이 다들 칭찬을 .. 아주 뿌듯했습니다!! 다음에 또 방문할게요! :),5
정원레스토랑 어반가든,도심 사이에 이런곳이있었다니 너무 좋아요 정원보면서 식사할수있으니까 멀리 갈필요없네요 맛도 맛있고 김념일에 가도 좋을거같아요 ㅎ,5
정원레스토랑 어반가든,서비스 불친절.. 맛도 없어요..ㅠ,1
정원레스토랑 어반가든,가족들이랑 오랜만에 외식했는데 맛도 좋고 좋은곳에서 즐거운 시간 보내고 갑니다~~,5
정원레스토랑 어반가든,"식당 후기는 남겨본 적이 없는데 꼭 남겨야 할 것 같아서 굳이 로그인까지 함 역시 후기를 무시하면 안됨 제 꼴 납니다~

원래 예약하려던 곳이 예약불가여서 좋지않은 다음 후기를 감수하고도 네이버로 예약했는데 예약 명단 관리를 하는건지 안하는건지 남자 매니저가 명단에 없다면서 사람 앞에두고 &lsquo;아이씨&rsquo;를 연발한다 다른 여자 매니저는 식사 다 하고 나니 더 이상 손님이 아니라고 생각하는지 마당에서 잠깐 대기하는데 걸그친다며 쌀쌀맞게 비켜달란다

그리고 들어오실때 문턱 꼭 조심하세요~ 입구가 어두운데 주의 문구도 없이 턱이 있더군요 넘어졌다고 연고나 밴드 없냐고 물었더니 들은체도 안하고 예약 명단 뒤지며 &lsquo;아이씨&rsquo;만 연발하더이다 
홀 서빙 직원들이 그나마 친절해서 참고 먹었지만 가격에 비해 맛도 그냥저냥 

진상떨고 화내는 고객만 무서운 건가? 주의 경고 안 붙인거 따지면서 보상이라도 해달라고 법전 뒤지며 진상이라도 부릴걸 그랬나? 서비스업 C/S 에서 가장 무서운건 한번 이용 후 불만족해서 조용히 다시 오지 않는 이용자들인데&hellip;
매니저들이 다들 뭔가에 화나있는 것처럼 고객 응대하고 기본 예의도 없고 차라리 홀 서빙 직원들한테 배워야할듯
전 다시는 안갈랍니다",1
정원레스토랑 어반가든,"여기 진짜 별로,,, 관리하는 후기에 속지 마시고 솔직한 후기 찾아보세요! 저는 사람많은 연말시절에 갔는데 아직도 화가 나서 기억이 똑똑히 나서 후기씁니다.

1. 직원이 별로다 -제가 갔을 때는 불친절까지는 아니었으나 잠깐 고용한 임시직원인지 무슨 음식이 나오는지도 제대로 모르고, 기본적인 서비스조차 이루어지지 않더라구요. 물 달라고 하는데 물을 음식 위를 지나치며, 음식 위에서 따라주는 건 아니지 않나요? 고급레스토랑은 아니더라도 이 가격에 이런 기본적인 서비스조차 갖춰지지 않는 걸 보고 충격받았습니다.


2. 너무 긴 대기시간 -코스요리는 타이밍이 중요하다고 생각합니다. 손님들이 음식을 다 먹었으면 다음 음식이 나와야 하는데, 음식 사이의 텀이 너무 깁니다. 메뉴 하나를 거의 2~30분 정도 기다리고 나서야 받았어요. 예약이 많으면 적당히 손님을 받으셔야지, 주문도 제때 처리 못 할 정도로 받아놓으면 모든 기다림은 다 손님의 몫이죠-


3. 가격에 비해 분위기가 별로 -아까도 말했지만 여긴 가격이 꽤나 센 편입니다. 하지만 사람 많은 시즌에 오면 거의 시장바닥처럼 손님들이 바글바글합니다. 프라이빗함까지는 아니어도 적어도 대화가 원활하게 이루어질 정도는 되야 하지 않을까요? 심지어 코로나 시국임에도 다닥다닥 촘촘하게 테이블 배치해서 손님 받으시는 모습에 돈독이 제대로 올랐다는 걸 느꼈습니다.


4. 위생 -제가 먹은 곳은 야외테라스에 천막처져있는 곳이었습니다. 근데 바닥이 흙이더라구요? 아무리 얌전히 걸어도 흙은 먼지가 날릴 수 밖에 없는데 무슨 생각으로 인테리어를 해놓으신 건지, 그냥 분위기만 좋으면 된다는 생각으로 한 것 같아요. 기본적인 생각이 없는 것 같습니다.
그리고 야외테라스라 그런지, 먹는 내내 추워요.


5. 맛 -이 가격에 이 맛이요? 돈 아깝습니다. 객관적으로 &ldquo;맛없다 / 맛있다&rdquo; 이분법적으로 나누면 맛있다는 축에 속하겠죠. 하지만 이 가격에 이 맛이요? 더 맛있는 곳 널리고 널렸습니다. 돈 아까워요. 다른 곳 가세요. 저는 이 집에서 아까워서 다 먹긴 했지만 너무 아쉽고 상처받아 2차 갔어요.



대부분의 후기가 일관적으로 별로라고 하는데 좋은 날 기분 망치러 가지 마세요. 돈 버리러 가지 마세요.",1
정원레스토랑 어반가든,"분위기도 좋고 맛있습니다~!
매니저분도 친절하게 응대해주셨고 괜찮습니다.
와이프 데리고 한번 더 와야겠습니다.",5
정원레스토랑 어반가든,여기 너어어어무 예쁘고 음식도 맛있어요! 특별한 날 오면 너무 좋을 것 같습니다😆,5
정원레스토랑 어반가든,모임하기에는 좋은장소입니다 일단 내부가 크고 음식도 맛있었습니다 !!,5
정원레스토랑 어반가든,"전체적으로 완전 실망....
89.000원/1인기준
돈 아깝다라는 생각
음식 : 스테이크 질기고.. 랍스터 퐁퐁냄새남
절대 추천 못합니다...",1
정원레스토랑 어반가든,인테리어가 예뻐서 솔직히 맛은 기대 안했었는데 제가 주문한 메뉴 다 넘 괜찮았어요 ㅎㅎ 부모님 모시고 가족 신년모임으로 갔는데 다들 맛있게 잘 드셔서 넘 뿌듯했어요!,5
정원레스토랑 어반가든,"오랜~만에 다시 간 어반가든!
골목을 돌아설 때, 눈에 확 들어오는 느낌이 항상 좋다.다른 나라, 계절의 건물 앞으로 순간!이동한 듯한:-)
음식은 뭐 말해 뭐해!
닭고기 넘~ 부드럽고, 머스타드 잔뜩 올려진 양고기처럼 생긴 이베리코 돼지고기! 음삭에 혹! 해서 사진도 못찍었네ㅋ 상하이 파스타의 매콤함이랑 균형이 그냥~~. 쵝오! 
2층 테라스애 처음 앉아봤는데&hellip; 담에도 요기다.
누릉지파스타 먹으로 곧~!!",5
정원레스토랑 어반가든,뚝배기파스타 존맛탱 다른것도 먹어보러 갈게요,5
정원레스토랑 어반가든,너무너무 좋았어요 친절하고 음식도 맛있고 분위기도 좋았어요,5
정원레스토랑 어반가든,"음식도 맛있고 분위기도 좋네요!
다음에 또 오고싶어요~",5
정원레스토랑 어반가든,맛있었고 가성비짱,5
정원레스토랑 어반가든,"스테이크 너무 맛있었어요 분위기도 너무 좋았고
데이트 하기 딱 좋았습니다:)",5
정원레스토랑 어반가든,"맛도 최고 직원분들 서비스도 최고!
다음에 또 올게요~",5
정원레스토랑 어반가든,언제가도 맛있는곳,5
정원레스토랑 어반가든,"친구들과 망년회 한다고 갔는데,
만족하고갑니다 !",5
정원레스토랑 어반가든,인스타보다가 이집이 나오길래 예전에 다녀온 기억을 더듬어 리뷰남김. 기본적으로 손님들 연령대가 있음 50대부터 시작된다고 보여짐. 그 취향에 맞게 기물들도 세련된 것과는 거리가 멀고 좀 몰취향적인 느낌... 유럽풍 느낌을 내려는 싼마이 인테리어 느낌. 맛은 맛있다 와는 거리가 멀고 평범함. 매장이 전반적으로 어수선하고 자리배치들도 어수선함. 재방문의사 제로! 서울엔 이미 이쁘고 맛있는 식당이 넘치고 넘친다,2
정원레스토랑 어반가든,"남자친구랑 기념일이라서 커플세트 먹었는데
1) 직원 서비스 불친절
- 창가자리 있길래 그쪽 앉아도 되냐고 했더니 이미 예약되어있다고 안된다고 함. 근데 먹는 내내 그자리 비어있었음..대충 앉히려고 둘러댄 듯
- 물잔 비어도 신경 안써줌
- 그냥 일하기 싫은 느낌이고 쌀쌀맞음. 간신히 접객하는 느낌..^^
2) 음식 맛
- 수프 너무 달아요 한입먹고 깜짝 놀람 애피타이저로 하기엔 너무 자극적
- 샐러드 소스도 자극적&hellip;
- 이베리코 스테이크 진짜 충격 그 자체. 일단 음식이 다 식어서 나옴ㅋㅋㅋㅋ 식기 안 데우고 막 담아서 플레이팅한거같고&hellip; 나이프는 어찌나 안썰리는지 ㅠㅠ 커트러리 관리도 안되는거 같네요ㅠ
그리고 고기 되게 질겨요. 육즙도 없고;;
* 음식 양이 적진 않습니다. 양을 아끼진 않는데 플레이팅 별로, 기본 관리(커트러리, 식기 온도 등) 안되어있고, 그저 빨리 담아서 내 가기 바쁜 공장같은 느낌.
* fancy한 느낌 기대하고 가면 절대 안될 곳,,, 레스토랑에 응당 기대하는 기대수준을 만족시키지 못하는 곳.. 가격을 감안해서라도요.

그래도 분위기는 나름 컨셉 있는 식당같은데&hellip; 음식에 좀더 신념을 갖고 서비스하면 좋겠습니다. 직원 관리도 그렇고요.",2
정원레스토랑 어반가든,기념일 가기좋은 레스토랑,5
정원레스토랑 어반가든,"여기 명란로제 파스타랑 샐러드, 랍스터 구이가 맛남. 스테이크도 소소했음. 인테리어 도 친환경적이고 다만 남녀 화장실 분리 안된게 마이너스",5
정원레스토랑 어반가든,"외관은 괜찮은데 내부 인테리어는 soso
코스로 나오긴하는데... 맛도 soso~ 그저그런곳",3
정원레스토랑 어반가든,3번 갔는데 3번 다 맛있었어요. :),4
정원레스토랑 어반가든,분위기도 너무 좋고 여친이랑 갔는데 맛있게 먹고 왔어여~~~,5
정원레스토랑 어반가든,"이베리코 스테이크는 쏘쏘였지만, 파스타와 스프는 괜찮았어요!
본관 2층 분위기가 좋네요~ 특별한 기분을 내고 싶을 때 오세요^^",3
정원레스토랑 어반가든,"개인적으로 좋아하는 음식들이 아니지만,
좋은 식당은 맞다.

짬뽕이 파스타보다 싼 이유를 모르겠다.",3
정원레스토랑 어반가든,"맛잘알 남친이 여기저기 검색해보고 기념일에 데려와준 곳
다른 건 둘째치고... 트러플크림파스타 너무 맛있어요....미쳤음..
기념일인데 체면은 버려두고 수저로 소스 막 떠먹음ㅋㅋㅋㅋ 수프인줄
흔들리는 남친 동공에 리듬타듯 수저질함
집에서도 직장에서도 멀어서 다시 갈 일은 있을지 미지수지만..
이곳 때문에 어디가서 트러플 크림파스타를 먹어도 아쉽기만 함
잊지못해 다른 곳에서 먹었다가 사무치게 그리워서 미뤄뒀던 리뷰씀",5
정원레스토랑 어반가든,가게가 서울에 있는곳인데 꽃이 많아서 이쁘고 음식들도 다 양이 많고 맛있어서 행복하게 식사했습니다ㅠ//ㅜ) 치킨 스테이크가 제일 취향인데 또 재방문한다면 다른 음식도 먹어봐야겠어요ㅎㅎ 담에는 피자도 먹을수있는 시간대에 들려보겠습니다~,5
정원레스토랑 어반가든,데이트코스로 적격,5
정원레스토랑 어반가든,여자친구랑 가기 정말 분위기 너무 좋습니다~^^ 꼭 가보세요 강추!!,5
정원레스토랑 어반가든,"커플 데이트 완전 좋아요~

가족이랑 같이 외식 하는것도 보기 좋네요~~",5
정원레스토랑 어반가든,"이번에 여자친구와 데이트장소로 선택해서 갔었는데
분위기가 너무 이뻤네요~
친절한 서비스 감사합니다!
또방문할게용",5
정원레스토랑 어반가든,좋은 날 데이트 하기엔 언제가도 좋은 곳~여자친구 한테 점수 따기엔 참 좋음,5
정원레스토랑 어반가든,가족과 함께 간만에 좋은시간 보냈어요~ㅎ 재방문 의사100%!!!,5
정원레스토랑 어반가든,정원느낌 레스토랑인데 분위기 너~무 좋고 음식도 다 맛있었어요ㅠㅠ! 고급스러운 느낌? 데이트도 많이오고 비즈니스모임 하시는 분들도 계셨던거 같아요. 제 친구들 데이트코스로 알려주면 만족할만한 레스토랑같아요~ 한번씩 또 들릴게요!!&hearts;,5
정원레스토랑 어반가든,괜찮네 ㅎ 분위기 좋고 진짜 정원 느낌 나는 곳. 서울에 이런 곳도 있구나 싶었다.,4
정원레스토랑 어반가든,"인테리어 완전 대박.. 분위기도 좋고 친절하셔서 부모님 모시고 가니 너무 좋아하셨음ㅠㅠ 친구들이나 남친이랑 와도 좋을 듯 주변에 놀거리도 꽤 있어서 맛있게 밥 먹고 산책하기도 좋아ㅎㅎ 사장님 나중에 또 가겠습니다~,~",5
정원레스토랑 어반가든,맛도 좋았지만 인테리어가 정말 이쁜 가게인 것 같습니다 분위기도 좋아서 연인끼리 가시면 정말 좋을 것 같아요!!,5
정원레스토랑 어반가든,모임 장소를 찾다가 지인 추천으로 예약해서 방했는데 생각했던것보다 너무 맛있어서 놀랬어요 ㅎㅎㅎ 분위기도 너무 좋아서 모임하는 친구들이 다들 칭찬을 .. 아주 뿌듯했습니다!! 다음에 또 방문할게요! :),5
정원레스토랑 어반가든,여자친구가 파스타랑 스테이크가 너무 먹고싶다고해서 찾아보다가 방문을 했는데 정원도 너무 이쁘고 인테리어도 너무 이쁜데다가 분위기도 진짜 대박이더라구요 무엇보다 음식맛 진짜 인정이였어요 파스타 스테이크 샐러드 전부 다 대박 대박 다음에 부모님 모시고 또오려구요,5
정원레스토랑 어반가든,"요즘처럼 날씨 화창한 날 덕수궁 돌담길 여자친구랑 데이트를 즐기는데 너무 배고프길래 
주변 맛집을 찾았는데 어반가든 진짜 고풍스럽더라고요~~ 괜히 이곳 인기 많은게 아니였어요~~ 
정원레스토랑 컨셉에 맞게 테라스에서 맛있는 파스타 먹으면서 맥주 한잔의 여유까지 죽여주네요! 
다음에는 모임 장소로 다시 방문할 의사 100%입니다 앙기모띠해요 ^^",5
정원레스토랑 어반가든,여자친구랑 스테이크랑 파스타를 먹으로 갔는데요 정말 입에서 스테이크 녹아요...대박입니다! 파스타도 농도도 너무좋구 참맛나네요 인생맛집입니다 가게 분위기도 너무좋았어요! 담에 또 꼭 다시 간다고 사장님이랑 약속하고 왔네요! 굳굳,5
정원레스토랑 어반가든,분위기 있는 곳에서 먹음직 스럽게 세팅 된 음식들 잘 먹고 왔습니다. 맛도 좋아 재방문 의사 있답니다^^,5
정원레스토랑 어반가든,"분위기는 어수선하고, 서빙하시는 분들은 알바 느낌에.. 주문하는 벨은 몇 번을 눌러야 주문을 할 수 있는 건지요. 음식은 이 가격이면 얼마든지 다른 곳들에 가서 먹을 수 있습니다. 기대하고 갔는데 많이 아쉬워요.",2
정원레스토랑 어반가든,너무 예쁜곳에서 좋은 친구들과 맛있는 음식먹고 좋은 시간보낼수 있어 너무 좋았네요. 다음에 가족들과 다시 오고 싶네요^^,5
정원레스토랑 어반가든,"오랜만 방문인데도 파스타 역시 맛있네요.
겨울분위기도 너무 좋아요✨️✨️",5
정원레스토랑 어반가든,무슨날엔 비추.  근처 갈데없어서 가는정도.. 전에 날에 갔다가 주차힘들고 큰 가게답게 사람구경만 왕창하다 온듯. 가격도 비싼데 맛있으면 이런글 안씀. 그래도 밤 정동 근처 분위기는 인정하지만 손님 수보다 맛에 더 신경쓰시길.,3
정원레스토랑 어반가든,"어반가든...어버이날 기념 방문했어요... 도심안에 요런 동화속 숲속이 있다니... 넘흐넘흐  예쁜 레스토랑이네요...

스몰웨딩도 진행하는 예쁜...
다시... 또 이런데서라면 결혼식 하고 싶네요
^^ㅎㅎㅎ",5
정원레스토랑 어반가든,삐까번쩍한 레스토랑은 아니지만 따뜻한 분위기에서 여유를 즐길수있슴다..!,5
정원레스토랑 어반가든,시그니처 파스타 독특하고 맛있아요~ 풍경도 푸릇푸릇 예뻐요 먹을맛나요^^,5
정원레스토랑 어반가든,분위기가 정말좋고 음식도 양도많고 맛있어요😀,5
정원레스토랑 어반가든,"공간 자체가 주는 힐링스러움 덕에 나의 사랑하는 사람들과 방문해서 즐기는 한 끼가 이렇게 행복하구나, 감정 돋게 만드는 곳!

특히나 제철 식재료 아낌없이 사용해서 만든 양많은 파스타와 샐러드는 언제나 최애인 곳이예요. 2층은 올라갈 때마다 여기서 하우스웨딩하면 참 좋겠다, 싶어 마음속 1순위 찜콩해둔 곳. 

가족모임으로 가면 부모님 단골집 될 곳이고, 피로연이나 세미나, 회사 행사 장소로 잡아도, 칭찬 받을 곳!

일단 음식 최고 맛있고, 특히나 시청역파스타 맛집이라 불릴만큼 최고의 파스타는 당연하고, 아보카도 러버라면 무조건 픽! 아보카도 샐러드까지!!!! 찐 추천 맛집입니다.",5
정원레스토랑 어반가든,커플세트 먹었는데 양도 많고 맛도 있네요!!,5
정원레스토랑 어반가든,신랑과 결혼기념일 기념으로 방문한 레스토랑💛제가 좋아하는 광화문근처에 이렇게 좋은분위기의 레스토랑이 있는줄 몰랐었는데 맛이며 분위기이며 커플들이 먹기좋게 커플세트구성도 넘조았어요!!모든 구성 다 맘에 들었고 특별한날 오니 더욱 특별했던 정원가든레스토랑~ 결혼기념일이나 단체 회식등 추천🫶🏻,5
정원레스토랑 어반가든,어반가든 고추장파스타랑 알배추 샐러드 맛있어요!!👍👍👍,5
정원레스토랑 어반가든,토마호크 세트 먹었는데 스테이크 잘먹고 가요 파스타도 맛있구 샐러드도 맛있네요 분위기 좋아서 가족모임으로 딱이었어요,5
정원레스토랑 어반가든,상견례 소개팅,5
정원레스토랑 어반가든,조용하게 혼자 식사하기 좋아요 뚝뱌기파스타 내용물도 많이 들어있네요!,5
정원레스토랑 어반가든,"트러플하몽피자 진짜 짱이네요
트러플 향이 그득그득해요 
감바스도 명란이 들어가 맛잇엇어요!!",4
정원레스토랑 어반가든,피자가 진짜진짜 맛있었어요 도우가 너무 쫄깃해서 👍 피자테두리까지 다먹었어요 개운한 누룽지 뚝배기파스타까지 넘 찰떡 조합이었습니다,5
정원레스토랑 어반가든,음식도 맛잇고 친절합니다.,5
정원레스토랑 어반가든,"직원이 너무 불친절하고 가격 비쌈. 

뭐 물어보는데 안돼요 틱틱 말하는 태도가..

결제하고 나오는데 식당에서 기분 나빴던건 처음이네요 매니저인지 알바생인지 다시 교육 시키세요",1
정원레스토랑 어반가든,피자도 맛있고 분위기도 좋아요!,5
정원레스토랑 어반가든,"도시 안의 휴식공간 같아요 
맛있어요
샐러드 양 많음
사진은 안에 있는 꽃병이에요.
이런 디테일이 좋아요.",5
정원레스토랑 어반가든,"친구랑 왔다갔는데 사람들이 괜찮다는 사람 안괜찮다는사람 호불호 던데 .. 다들입맛이 고급이신건가 저는 너무너무 맛있고 💘 직원분들 
다 친절하시던데 꽃도냄새좋고 나중엔 아침와서 커피한잔 하고싶네요 🫧🤎 분위기 진짜 좋아서 추천ㅎㅐ요 :) 나중엔 부모님도 꼭 모시고 가려구요 &hearts;",5
정원레스토랑 어반가든,분위기가 좋고 맛있어요!,5
정원레스토랑 어반가든,"아이들과 같이 역사박물관 들렀다 왔어요 
분위기도 좋고 맛도 훌륭해요!",5
정원레스토랑 어반가든,맛있게 먹었어요,3
정원레스토랑 어반가든,"너무 맛있게 잘 먹었습니다~~ 
맛도 좋고 분위기도 좋았고 직원분들도 너무 친절했어요!!!",5
정원레스토랑 어반가든,직원분들 친절함. 따뜻한 가게 분위기 맛집. 음식맛도 기본이상임. 세트구성도 다양해서 모임장소로 제격임. 다만 가격은 있는편임.,4
정원레스토랑 어반가든,"날씨 좋은 주말 ♡
가족과 방문했는데 입구에서부터 너무 예뻐서 힐링 되었답니다
맛있는데 양까지 많았던 연어샐러드.신선한 루꼴라 가득 피자~ 관자알리올리오.개운한 뚝배기 파스타~~
맛있게 먹느라 음식 사진 하나 못 찍고 ㅋㅋ;
친절한 직원분들 덕에 더욱 완벽한 식사였어요
그냥 나오기 아쉬워 가족사진도 찍고
바람 시원한 저녁~ 정동 산책은
완벽한 코스였어요!!
무조건 재방문입니다~~
정동길 맛집 추천입니다 ^^",5
정원레스토랑 어반가든,피자 맛집이네요 👍 분위기도 편안하고 인테리어도 예쁩니다,5
정원레스토랑 어반가든,"리뷰작업을 열심히 하셨네요
리뷰수 1인 계정 수백개로 꾸준히 작업중입니다! 혹시나 리뷰 보고 계신분들은 조심하시길 바래요!

가격에 비해 정말 터무니없는 맛과 서비스였어요. 진짜 당황스러울 정도입니다. 밀키트수준 음식들 나옵니다.",1
정원레스토랑 어반가든,"음식 맛이 너무좋아요.. 분위기도 좋구
특히 다양한 단체석이 있어서 행사에도 좋을거 같네요",5
정원레스토랑 어반가든,정원에서의 휴식과 맛난 음식 즐기고 갑니다.친목모임,4
정원레스토랑 어반가든,강아지와 가족들끼리 식사하기 위해 방문 했는데 마치 정원마당에서 식사하는 기분이 들어서 너무 좋았어요! 강아지 놓고 외식하면 집에 들어가기 바빴는데 같이 올 수 있는 점이 좋고 음식도 맛있습니다. 개인적으로 피자랑 파스타가 제일 좋았습니다.,5
정원레스토랑 어반가든,"뷰도 좋고, 식당 내부가 이쁘고 직원분이 친절해요!
커플 세트 어반가든 스테이크로 먹었는데 넘 만족스럽습니다🥰",5
정원레스토랑 어반가든,모임하기 최적의 장소. 안 시끄럽고 조용함. 파스타 및 피자는 전반적으로 간이 세지 않고 재료 맛을 강조하려는 경향이 있음. 굳이 방향을 잡자면 자연주의? 사람에 따라 좀 맹맹하다고 느낄 수도 있음. 위치 생각하면 가격도 가볍게 즐길 수 있는 메뉴부터 가격대 있는 메뉴까지 다채롭게 있으니 나쁘지 않음.,5
정원레스토랑 어반가든,"점심 코스 가성비 넘 좋아요!
직원분들도 친절하고 메뉴도 다양해서 좋습니다.
해산물 파스타에 해산물도 엄청 푸짐하고 맛도리에요!",5
정원레스토랑 어반가든,"지인 모임에 축하해줄 일이 있어서~ 
정원레스토랑 어반가든에 다녀왔지요🤗

같은 자리에서 19년째 운영중인 레스토랑 이라고
친구가 강추 하더라고요 +_+ 우와~~👍🏻

레스토랑 이름답게 구석구석 생화랑 식물들이~
너무나도 예쁘게 자리하고 있어서~ 
완전 힐링되는 느낌이었어요 ^^

룸도 여러개 있어서~ 
모임하기에 딱 좋더라고요😆

🥩토마호크 스테이크 
이건 진심 꼭 드세요~ 
오우 일단 고기 크기 완전 맘에 들어요😆
두툼한 고기가 완전 제대로 구워져서 부들부들~ 

🍝스파이시 크랩 파스타 
살짝 매콤한 맛의 로제에 가까운 크랩 파스타! 
이것도 완전 맛나더라고요😆

🍕샥슈카 살라미 피자 
대왕 큰 살라미를 아끼지 않고 듬뿍 넣어주신 피자! 
제대로 된 살라미 피자를 드실 수 있다고요😋

🥗알배추 시저 샐러드 
개인적으로 양배추 샐러드 참 좋아해서 아주 맛나게 먹었어요😆

🧀가든 치즈 플레이트
저 빼고 다들 와인 좋아하는 분들이셔서 ㅋㅋㅋㅋ 
와인이랑 같이 시켰는데 오우&hellip;
치즈 뭐죠 너무 맛있어서 제가 홀랑 먹어버렸네요😍

서울 중심에 힐링할 수 있는 정원레스토랑~
어반가든~ 꼭 가보세요😆",5
정원레스토랑 어반가든,"덕수궁,정동길 걸으며  파스타맛집 찾다가
그래도 오래동안 기억에 있는 
너무 예쁜 정원레스토랑 ,어반가든 청계천파스타맛집 으로 왔어요.
언제나 아름다운 꽃들이 많아 행복하고 맛있는곳이에요.",5
정원레스토랑 어반가든,"어반가든은 단독 룸부터 대형 공간까지 자리가 진짜 많고 넓어서 친목모임 또는 상견례, 소개팅 등 어떠한 형태의 방문에서도 추천드리고 싶은 곳이에요.
음식도 맛있는데 양도 많아서 오히려 가성비 좋다고 느껴졌고 서울에 서울같지 않은 정원이 마음에 들어 재방문 의사 있습니다!",5
정원레스토랑 어반가든,분위기도 멋지고 음식이 고급지고 정갈해영~~^^,5
정원레스토랑 어반가든,맛과 분위기도 좋고 부모님모시고 다시한번 오고 싶네여,5
정원레스토랑 어반가든,"엄마랑 예약하고 방문했는데
스테이크도 맛있는데.
명란로제 파스타 너무 맛있네요~ㅎㅎ
꽃들도 많고 분위기 좋네요.",5
정원레스토랑 어반가든,"커플세트 먹으러 갔는데 깔끔한맛이고 좋아요
정원레스토랑이라 그런지 가든분위기로꾸며놓으셧고 꽤넓은 공간이많아서 모임에도 좋을꺼같아요 와인에이드는 다른곳과다르게 와인과섞지않고 나와서 신뢰가가네요 또 간이 적당해서 부모님들입맛에도 좋을꺼같아요",5
정원레스토랑 어반가든,도심 속 숨은 분위기 좋은 식당입니다. 직원들도 모두 친절하시네요. 저는 라구 파스타 먹었는데 맛있었는데 피자는 전문성이 많이 떨어지네요. 요즘은 맛집이 많아서 맛으로 기대하고 가시기 보다는 분위기로 즐기는 장소라 생각하고 방문하시는 게 나을 것 같아요.,3
정원레스토랑 어반가든,무난합니다. 오가는 길이 예쁘고 10년전에는 핫했지만 지금은 일부러 갈 이유는 없을 듯해요.,3
정원레스토랑 어반가든,2010년 3월 6일 와이프와 어반가든에서 소개팅을 했었다 ㅎㅎ 예쁜 장소와 맛있는 음식 덕분에 우리는 곧 사귀었고 이듬해 결혼했다 그리고 지금은 예쁜 아이 둘을 키우고 있다 가끔 어반가든에서 소개팅 했던  추억을 아이들에게 우스개소리로 얘기해줬었는데 드디어 지난 주말 14년만에 아이들과 와이프와 재방문했다 여전히 장소는 따뜻했고 예뻤고 음식은 맛있었다 우리 가족에게 있어 어반은 특별한 의미가 있는 장소이다 우리와 같은 가족이 그곳에서 많이 태어나길 ㅎㅎ,5
정원레스토랑 어반가든,인테리어랑 분위기가 너무 좋고. 음식이 양도 많고 맛있어여.,5
정원레스토랑 어반가든,"도심 속에 이름 그대로 정원이 있는 레스토랑이에요. 음식도 너무 맛있고 분위기도 엔틱한게 느낌이 너무 좋은 매장이에요 :) 
재방문 의사⭐️⭐️⭐️⭐️⭐️ 별 다섯개!",5
정원레스토랑 어반가든,"도심속 조용한 정원..
음식맛도 좋아요..
강추",4
정원레스토랑 어반가든,예약까지하고갔는데 피자도우도 다떨어졌다고 아예주문 안되고 스테이크는 엄청 늦게나오고 옆테이블도 메뉴 너무 늦게나와서 다 분위기 안좋았어요;; 클스마스라고 경기도에서 힘들게 갔는데 망침.. 가지마세요 여기;; 다신안갈듯요.. 음식도 그닥 맛없고;,1
정원레스토랑 어반가든,맛있어요! 또 오고싶은 곳이에요 ㅎㅎㅎ,5
정원레스토랑 어반가든,"데이트왔다가 우연히 방문했는데 너무 맛있어요! 
친절하시고 분위기 좋아서 남자친구랑 오기 딱 좋네요ㅎㅎ 가격도 좋아서 커플세트로 배부르게 맛있게 먹고 왔습니다😊 추천해요!",5
정원레스토랑 어반가든,"정원레스토랑 어반가든~^^
공연보기전에 친구와 방문~  분위기도 좋고 맛도 좋아요~^^",5
정원레스토랑 어반가든,"서비스 맛 다 최악이었던곳에다가 리뷰작업까지 하는곳이라 괘씸해서 가끔보는데 ㅋㅋㅋㅋ새해에도 여전하네요!! 4.2?ㅋㅋㅋ


&mdash;&mdash;&mdash;&mdash;&mdash;&mdash;&mdash;&mdash;&mdash;&mdash;-&mdash;&mdash;&mdash;&mdash;&mdash;/////////////////
진짜 여기 갈거면 다른 리뷰들 잘보고 걸러서 가세요..

제가 한국나와서 간 레스토랑 중 거의 최악이었습니다. 

단체 음료 먼저 골라서 주문했더니 들어갔다 나와서는 저희 주스가 안됩니다.  메인디쉬들 정해서 주문넣었더니 또 들어갔다가 나와서는 아 저희 오늘 피자가 다 안됩니다..??!!!! 일요일 점심인데?? 예약까지 하고 왔는데 별다른 언급도 없고ㅋ
무슨 음식이 되는지 안되는지도 모르는 직원들, 
음식이야 상황이 어쩔수없다 치고,,,

식전빵 계속 기다리다가 안나와서 말을 하니까 그제서야 테이블 세팅,,, 사이드 음식을 메인디쉬 거진 다먹어갈때 그제서야 세팅,,,

음식 나온이후로는 단한번을 태이블 근처로 오지도 않고 살펴보지도 않는 직원들,, 진짜 뭔 이런 곳이 다 ㅋㅋㅋㅋㅋㅋㅋㅋㅋㅋ
어이가 없던 경험이었습니다.. 너무 놀랬어요

**네이버리뷰에는 안좋은 리뷰 달리면 그 위로 좋은 리뷰로 덮어버림.. 아 그날 아무리 생각해도 빡치는 식사였음 16년 맛집은 무슨..",1
정원레스토랑 어반가든,딸램이랑 어반가든에서 명란로제파스타와 치킨스테이크 맛나게 먹었어요~ 여유로운 분위기와 맛난 요리로 기분 좋은 시간 보내고갑니다^^,5
정원레스토랑 어반가든,분위기도 좋고 최고예요!,5
정원레스토랑 어반가든,스테이도 먹었는데 정말 부드럽고 식전빵도 바삭한 게 맛있었어요!,5
정원레스토랑 어반가든,"여자친구랑 같이와서 커플세트를 먹어봤어요.
어반스테이크랑 명란파스타가 정말 맛있네요 ㅎㅎ  다음에 또 여자친구랑 올 예정입니다!",5
정원레스토랑 어반가든,맛있구 친절해요❤️,5
정원레스토랑 어반가든,"외관부터 내부 까지 분위기 대박~~~!! 크리스마스 마을 안에서 식사하는 기분&hellip;🧡 연인,친구,가족과 꼭 한번 가보세요. 파스타,피자 등 모든~메뉴가 맛있어요. 재방문 무조건!!!",5
정원레스토랑 어반가든,"토마호크세트 2인으로 시켰는데 양도 진짜 푸짐하고,
스테이크 두께 미쳤어요!!
칼이 스윽 들어갈만큼 부드러운데 담백하기까지
진짜 다른메뉴도 다 맛있는데, 스테이크 특히 맛집이에요!! 나중에 재방문의사 너무 많이 있습니다~",5
정원레스토랑 어반가든,"맛있어요 분위기도 좋고요
기념일로 추천 감사합니다",5
정원레스토랑 어반가든,데이트코스  여자친구랑 다녀왔는데 추울줄알았는데 춥지도 않고 아늑하고 꽃향기도 좋아서 나중에 또와서 랍스타 코스 먹어볼까합니더👍👍,5
정원레스토랑 어반가든,"생일 남편이 예약해서 왔는 대
정원가든 레스토랑 너무 이뻐요^^",5
정원레스토랑 어반가든,"남자친구랑 기념일이라 찾고 찾아 왔습니다!
열심히 찾은 보람이 있더라구요! 기념일이라 하니 2층에 정원? 좋은 자리로 안내해주셔서 1차로 기분 좋았고 친절한 직원들에 맛있는 음식까지..! 전부 좋았습니다:) 특별한 날 와서 즐기기에 충분하고 다음번에는 평일 점심때 와서 런치메뉴?도 먹어봐야겠어요!",5
정원레스토랑 어반가든,"여러차례의 블루리본과 모범음식점 마크
2005년부터 운영한 곳인데 가정집을 개조한 듯 함
정동길 골목을 찾아 들어가야 하지만 너무나 예쁜 곳
특히 밤에 조명이 켜지면 전체적인 분위기가.. 크..👍
음식 하나하나 맛있었고 직원들 친절함
특히 등갈비 스테이크 퀄리티 훌륭했음.
특별한 이벤트나 모임에 적합한 장소
주차도 가능해서 좋음",4
정원레스토랑 어반가든,외관부터 분위기가 희한했습니다. 커플세트 주문했는데 가격도 저렴한편이고 맛도 좋았어요. 다음에는 코스요리 주문해보겠습니다.,5
정원레스토랑 어반가든,서대문에 이런곳이 있는 지 몰랐네요 ㅎㅎ 분위기도 너무 좋고 음식도 맛있게 잘 먹고 갑니다👍,5
정원레스토랑 어반가든,우연히 종로쪽에서 놀다가 찾은 곳이였지만 프라이빗해서 여자친구랑 바로 들어갔다!! 파스타 하나씩 먹었는데 맛도 좋고 분위기도 괜찮았다 좌석 마다 좀 다르지만 살짝 시끄러운 느낌이있는거 같긴하다,5
정원레스토랑 어반가든,분위기있는 레스토랑을 검색하다보니 우연히 찾게된 곳..기대이상의 인테리어에 깜짝 놀라고 맛있는 음식에 두번 반한곳...다음에도 계속 방문할것 같은 예감^^,5
정원레스토랑 어반가든,분위기도 좋고 편안하고 좋았어요!!,5
정원레스토랑 어반가든,커플 세트 시켜서 먹었는데 발렌타인데이 기분 좋게 잘 보냈습니다. 관자 맛있고 고기 미디움레어로 잘 먹었어요. 굳,5
정원레스토랑 어반가든,스테이크가 부드럽고 맛있었고 친절하셔서 기분 좋게 먹었습니다:) 분위기고 좋아서 모임이나 데이트로도 좋을것 같아요.,5
정원레스토랑 어반가든,올때마다 맛있게 먹고가요~ 초저학년 딸내미 입맛과 인테리어 모두 맘에 쏙 들어하는 곳!ㅎㅎ,5
정원레스토랑 어반가든,"후기 이벤트로 별점이 높은 듯
2점 정도가 적당합니다만
서비스도 별로라 저는 1점",1
정원레스토랑 어반가든,"입구부터 동화나라 온듯한 분위기에 입이 벌어졌어요
들어가서 안내에 따라 착석하고 음식 주문해서 나오기까지 10분도 안걸린것같아요 식전빵은 아주 촉촉하고 오일소스에 찍어먹어 더더욱 풍미가 한가득 물고있는것 같고 명란파스타 정말 쵝오의 맛임.... 누룽지파스타가 유명해서 왔는데 관자알리오올리와 함박에 이미 반해버렸어요 신랑과 신나게 흡입하고 사진은 50장 찍고 왓어요 직원분들 너무나 친절하고 응대를 너무 부드럽게 해주셔서 좋은 추억으로 남는 식사시간이 되었네요 한번만 가는건 절대 아닌듯... 나의 맛집으로 저~~장~~",5
정원레스토랑 어반가든,"주차할때부터 편안하게 해주시네요^^
가든이라는 이름이 왜 붙여졌는지 알겠네요
숲속 정원을 들어가는것 같은 느낌^^
아름다운 전경을 두고 사진을 안찍으면 절대 안됨~
음식맛도 깔끔하고 서비스도 좋고 좋은 기분으로 하루를 마무리 하는듯한 느낌~~",5
정원레스토랑 어반가든,"봄내음 물씬 풍기는 인테리어도 너무 이쁘고 음식도 맛있어서 기분좋게 식사할 수 있었어요. 
커플세트 꽃등심 주문했는데 들깨 맛 나는 스프 정말 고소했어요. 샐러드 야채도 신선하고  스테이크는 부드러워서 살살 녹아요. 스파게티는 관자 알리오 살짝 매콤한 맛이 느끼함을 잡아주고 관자도 식감이 입안에 한가득 행복한 맛이었어요. Good",5
정원레스토랑 어반가든,"사람이 없을때 가서 그런지 조용하고 분위기 인테리어 너무 이뻤습니다! 
음식도 저는 다른 곳 보다 헤비하지않고 맛있게 잘먹었습니다 !! 
나중엔 친구들이랑 룸잡고오려고 예약도 하고왔습니다 ㅎㅎ",5
정원레스토랑 어반가든,아이들도 좋아하고 맛있네요^^,5
정원레스토랑 어반가든,"명란알 듬뿍듬뿍 명란 로제 파스타랑 
달달한 소스 곁들여진 버거 스테이크 맛있어요 &gt;.&lt;",5
정원레스토랑 어반가든,남자친구랑 1주년 기념이라서 왔어요. 직원분들 너무 친절하고 파스타도 너무너무 맛있어요. 아기자기 이쁘고 분위기도 좋구~~~~ 자주 오고 싶네요,5
정원레스토랑 어반가든,회식이나 남의 돈으로 먹을때나 가지 내돈주고는 갈 생각도 안하게되는..ㅎ..가게 자체 분위기는 좋습니다!,3
정원레스토랑 어반가든,"뚝배기 파스타 맛보러 왔어요,
분위기 좋아요~",5
정원레스토랑 어반가든,이거 추천요! 루꼴라피자. 저 크림치즈가 맛있네요.ㅎㅎ,4
정원레스토랑 어반가든,1층은 분위기 좋아서 소개팅하기도 좋구 음식도 너무 맛있어요!!! 특히 풍기 파스타 향이... 즐거운 시간 보내구 갑니당,5
정원레스토랑 어반가든,"great food, good music!
enjoyed a holiday here with all of my classmates 🤍🎀",5
정원레스토랑 어반가든,뚝배기 누룽지 파스타가 너무 맛있어요!!,5
정원레스토랑 어반가든,"비싸기만 하고 맛 최악.... 진짜 리뷰 믿고 갔는데 너무 별로여서 리뷰 다시 찾아보니 리뷰작업 하는 곳인거 같네요ㅠㅠ 내시간, 내 돈 아까워ㅠㅠㅠ",1
정원레스토랑 어반가든,친목모임,4
정원레스토랑 어반가든,스테이크 맛있었고 특히 관자들어간 오일파스타 너무 맛있었어요~ 커플세트로 시키니 두명이서 배부르고 맛나게 먹을 수 있어 좋네요 ㅎㅎ,5
정원레스토랑 어반가든,"크림 파스타 너무 맛있어요!!
가게 내부보고 들오갔는데 저희가 인원이 많아서 1층테라스 예약 했는데 너무 좋았어요!! 이것 저것 많이 먹었지만 크림 파스타가 기억에 남는곳이에요!!",5
정원레스토랑 어반가든,분위기 외에는 큰 메리트를 못느낌..,3
정원레스토랑 어반가든,가든이라는 가게명답게 레스토랑 곳곳에 예쁜 꽃들이 즐비한 점이 특징입니다. 산뜻하게 이탈리아식을 즐길 수 있어요.,4
정원레스토랑 어반가든,런치세트 너무가성비 좋아요,5
정원레스토랑 어반가든,최악..맛은 모르겠고..내가 보기에 빈자리도보였고 대기가 얼마나 긴지 기다리실건지 묻지도않고...자기네들 실수로 오버부킹 받은게있다고 안된다고함..대기도 못건다고..잘 나가니깐 장사 이따구로 하시나??? 언젠가 망할곳..직원들도 바쁜지 썩은표정으로 일하고 응대 할 생각도 없더만...맛이 설사 좋을지라도 재방문 의향 없음,1
정원레스토랑 어반가든,"sns피드 목적으로 찍기는 음식비주얼이 막 이쁘진않음. 근데 맛은 있어요.  파스타 먼저 나오고 스테이크 나올때까지 파스타 안먹고 기다려서 시간이 좀 지났는데, 파스타 면 붇지않고 맛있었음. 파스타는 스미스한옥보다 맛있음. 스테이크도 부드럽고 맛있었음.  가니시로 초록색이 풍부하게 들어가면 색감이 더 이쁘지않을까? 소스가 맛있어요.점심타임엔 피자를 안팔아요 ㅠ",5
정원레스토랑 어반가든,"최악이었습니다. 음식은 맛이 없고 서비스 응대도 전혀 없었습니다.
주문하고 몇 분 후 피자가 솔드아웃이래서 다시 메뉴를 골라 주문하려고 했으나 열 번 넘게 벨을 눌러도 아무도 오지 않았습니다. 한 참 후에야 주문을 받았고 먼저나온 파스타를 먹었습니다. 관자 알리오 올리오는 간이 밍밍하고 뭐가 빠진 듯한 느낌이었습이다. 파스타를 다 먹고 20분가량 기다렸는데도 리조토가 나오지 않아 직원을 불러 물어보니 그제서야  주문이 밀려 5-6분정도 더 기다려야 한다고 해서 그냥 취소하고 나왔습니다. 
나중에는 벨을 연타를 했는데도 안오시는걸 보며 방치된 느낌을 받았습니다. 
다신 안 갈 가게입니다.",1
정원레스토랑 어반가든,음식도 다양하게 있고 분위기가 좋아서 가족들과 같이 방문하기 좋은곳이었어요,5
정원레스토랑 어반가든,"모임하기 좋은 곳이에요 단체석 많고
음식도 훌륭해요 어란파스타 살치살스테이크 추천합니다!",5
정원레스토랑 어반가든,가격에 비해 맛은 평범한 느낌이었어요~ 양은 푸짐해요,2
정원레스토랑 어반가든,"결혼기념일을 맞아 맛 좋고 분위기 좋은 곳을 찾아서 어반가든에 다녀왔는데, 역시나 맛도 분위기도 넘 좋네요! 👍 커플세트 먹었는데, 식전 빵, 에피타이저 샐러드, 수프, 스테이크, 후식까지 푸짐하게 나왔어요. 맛도 좋고 양도 푸짐하고, 추가로 와인에이드도 곁들였는데, 넘 좋았습니다! 행복한 시간 갖게 해주셔서 감사합니다! 💙",5
정원레스토랑 어반가든,분위기 깡패! 레알 데이트 맛집입니다. 광화문 근처 데이트 맛집 강력 추천 합니다. 분위기가 정말 대박이에요. 매장 내부도 1층 2층으로 정말 넓어요. 단체 모임이나 회식 장소로도 좋을 것 같아요. 당연히 음식도 너무 맛있고요. 재방문의사 200%입니다,5
정원레스토랑 어반가든,블로그에 진짜 속지말자.   지방에서 온다고 대접해주셔서 좋다 맛나다 하였으나.  음식 잘한다고 못하겠다.  양이 많다던 리뷰.  맛보기 소식좌인가? 둘이 3인분 먹고도 그냥 그랬고 커피도 추가비를 받아 헐~이였다. 가격에 비해 정말 그냥그랬다.,2
정원레스토랑 어반가든,맛이 좋고 분위기도 좋은 레스토랑이에요! 코스도 다양해서 특별한 날 가기 좋을거 같아요!,5
정원레스토랑 어반가든,"친절하셨고 가족모임으로 적합해요
넓은 공간이 많고
고를수 있는 음식 종류도 많은 편입니다",4
정원레스토랑 어반가든,정원이 진짜 이뻐요~~ 음식도 맛있고 아주 👍 입니다.,5
정원레스토랑 어반가든,식당도 예쁘고 음식도 맛있었어요!👍,5
정원레스토랑 어반가든,"금요일 저녁에 갔는데 너무너무너무 시끄럽고 사람이 많았어요.... 서빙하는 분들은 기본적으로 친절하셨으나 너무 바쁘셔서.... 뭐랄까 만족스럽진 않았어요. 가족 모임하기엔 너무 시끄럽습니다.
파스타는 맛잇었어요. 고기류는 그냥 그랬어요. 일단 고기가 간이 잘 안돼있어요 ㅠㅠ (그 중엔 양념 돼지고기가 젤 맛있었음) 
망고푸딩은  단적으로 완전 맛없었어요. 

음... 공간은 예뻐요. 사진 예쁘게 찍으면 그건 좋을지도...",2
정원레스토랑 어반가든,"맛있고,분위기 좋고~~!!!",4
정원레스토랑 어반가든,"알바 구인 과정에서 불만족스러운 경험을 가졌습니다.

-늦은 밤에 알바 제의 연락을 하신 점

-예정 시간에 면접 일정 조정 연락을 주신다고 했으나 몇 시간이 지나서야 연락을 주신 점 

-며칠이 지나도 연락이 없어 확인 문자를 보내니 뒤늦게 탈락 답변을 주신 점

먼저 사람을 불러놓고 시간 약속을 지키시지 않는 점은 상당히 아쉬웠습니다. 물론 고용자 편의에 맞게 사람 쓰는 것은 어쩔 수 없다고 생각합니다만..좋은 인상은 받지 못했습니다.

그렇지만 기회를 주신 점, 감사합니다.",1
정원레스토랑 어반가든,정말 친절하고 양도 많고 맛있어요!! 엄마가 여기 단골이고 좋아하셔서 저도 같이 갔다가 반해버린 곳 소개팅이나 데이트 할 때 덕수궁맛집으로 추천합니다~!,5
정원레스토랑 어반가든,맛있었어요! 트러플 풍기 파스타 처음 먹어보는데 찾아보니 트러플버섯버섯파스타 라더군요 ㅋㅋㅋ 버섯맛이 잘 녹아들어 제법 맛있었습니다.,5
정원레스토랑 어반가든,"광화문 데이트 코스로 너무 좋은 정원레스토랑이예요
기념일에 오면 좋을 것 같은 분위기인데 꽃도 많고 정원처럼 꾸며진 공간은 웨딩이 생각나는 예쁜 공간이예요!😄 음식도 맛있고 직원분들도 친절해요❤️",5
정원레스토랑 어반가든,"한번 가보려고 살펴 봤더니, 리뷰가 전부 다 돈 받고 한 것 밖에 없어요 ㅠ 방문하려다 다른 곳으로 예약",2
정원레스토랑 어반가든,"모임이 있어 예약하고 방문한 어반가든이예요.
후기가 좋아다녀왔는데 분위기가 너무 좋네요.
그리고 음식들도 다 맛있었어요",5
정원레스토랑 어반가든,같은 가격이면 다른 선택지가 너무 많을것 같아요,2
정원레스토랑 어반가든,"낮에 어반가든 방문했는데 역시나 인테리어 이쁘네요^^
직원분들도 친절하시고 음식 정말맛있어요!! 다음에 또 재방문할게요!!^^",5
정원레스토랑 어반가든,"점심에 예약하고 방문했는데 음식은 너무나 만족~!
다만 식사 후 디저트 선택 시 커피 선택하고 테이크아웃 잔에 담아달라고 요청드렸을 때 여자직원분은 알겠다고 했으나 남자직원분은 그냥 유리잔에 주셔서 한번 더 포장요청 드렸더니 그자리에 멈춰있다가 표정 안좋은 상태로 가시더라고요.
그러고 다시 가지고 오셔서 한번 더 포장요청 드리고 일회용 컵 찾기가 귀찮으신지 멀뚱멀뚱 있으시다가 전달해주시면서 툭.. 
짧은 점심시간임에도 불구하고 15만원 이상의 값을 지불하고 음식 맛있게 먹었으나, 음료 요청한 거에 기분 나빠서 다음에 갈지는 모르겠습니다.",3
정원레스토랑 어반가든,음식이 맛있고 양이 많은 집. 가격이 조금 있지만 요즘 물가와 위치생각하면 비싸진 않음. 서비스가 나쁘다는 분들은 너무 많은 걸 기대한게 아닐지. 단점은 내부 인테리어가 2000년대 후반~2010년대 정도에 멈춰있다는 점. 30대 후반에겐 분위기 있는 공간이겠지만 그 이하 연령대에서는 올드하다는 느낌을 받을수도. 그렇다고 해서 유니크한 매력이 있지도 않음.,4
정원레스토랑 어반가든,일단 가게 외부가 엄청 이쁨!! 꽃 많고 샤랄라 분위기! 음식은 무난한데 걍 전반적인 분위기가 이뿜,5
정원레스토랑 어반가든,3월 8일 가족 같이 갔어요.완전 잘 먹었어요. 음식 최고의 맛이 가지고 있어요. 환경도 좋아요.직윈들은 모두 친절하게 대응해졌어 너무 감사해요.,5
정원레스토랑 어반가든,분위기. 서비스 좋네요. 오랜만에 나들이에 맛집 찾아서 행복해요,5
정원레스토랑 어반가든,"맛있고 의외로 양이 많다, 예약없이 휴일방문 이었지만 그런데로 좋은시간 보냈다, 반드시 예약하고 따뜻한 봄에는 야외테이블에서 햇살과 여유를 만끽 하시길~!",4
정원레스토랑 어반가든,"언제라도 좋은사람과 함께 방문하고싶은 곳~
일단 맛이 정말 너무 좋고요
공간이 주는 분위기도 너무 훌륭합니다~
저는 토마호크2인세트를 먹었는데요
고기굽기는 레어로 해서 정말 부드럽고 맛있었어요~
양이 정말 대박 많고요 ㅎㅎ
샐러드, 파스타, 토마호크 다 먹으면 먹방 유튜브 찍으셔도 되세요 ㅋㅋㅋ 저희는 먹다가 포기하고 토마호크 두덩어리는 포장 ㅎㅎ 너무 맛있었기에 별 다섯개 👍 다음에 또 갈게요",5
정원레스토랑 어반가든,최근 먹은것중에 가장 실망스러웠어요. 이베리코목살 딱딱하고 맛없다는 후기에 개선하겠다고 네이버 댓글 단거 봤는데.. 정말 말만.. 여전히 딱딱하고 질기고 맛없어요.. 여전히 날파리 날아다니고. 직원들은 접시턱턱놓고. 접시 바깥쪽부터 놓느라 안쪽에 놓을때 바깥쪽 음식에 유니폼 닿이고..  대학교 근처 싸구려술집가도 이보다는 잘하겠어요&hellip; 하긴 매니저님부터가 식사하는자리 의자 밀고 다니는데&hellip; 얼핏 보이는 주방은 시커멓고 더러웠습니다. 맛없는 음식 더러운 장소에 돈쓰지마세요.,1
정원레스토랑 어반가든,"공익목적을 위한 글

1) 카카오맵 평점을 올리고자 매일 &lsquo;조작계정&rsquo;으로 5점 주는 가짜리뷰를 씀. 소비자를 속이기 위한 &lt;상습성&gt;과 &lt;고의성&gt;이 보임

2) 후기를 조작하고 허위로 쓰는 행위는 명백한 소비자 기만행위임. 스크롤 내려서 1점 준 리뷰 꼼꼼히 읽어보시길

3) 공정위: 허위 리뷰 작성은 5년 이하의 징역 또는 1500만원 이하의 벌금형에 처함",1
정원레스토랑 어반가든,"너무 맛있고 친절해요
 케잌도 다양 분위기 최고
식구 생일에 가니 멋지고 좋았어요",5
정원레스토랑 어반가든,"예약하고 가셔요.  본관 아닌곳은 , 음식이 차가워요.

주문한 와인은 식사 가 끝나가도, 직원들이 바빠, 서빙 안해주더라고요.그래서 취소 했어요.

* 화장실 관리 좀 하셔야 겠음,너무 더러워요. 뷁",3
정원레스토랑 어반가든,크리스마스 분위기는 물론 맛도 정말 체고 였습니다 다음에 재방문 하고싶네요 ㅎ ㅎ,5
정원레스토랑 어반가든,연말모임으로 룸 예약하고 방문한곳이에요. 크리스마스분위기로 인테리어가 멋스럽게 되어있어서 굉장히 마음에 들었어요. 데이트장소나 모임으로 추천드리고 싶을만큼 음식도 수준급이었습니다,5
정원레스토랑 어반가든,크리스마스 분위기 정말 좋았던 곳이에요. 실외든 실내든 다 포토존일 정도로 분위기가 대박이었는데요. 음식도 기대이상이었습니다. 식사후 크리스마스 이브날로 바로 예약잡고 왔네요,5
정원레스토랑 어반가든,최악입니다 몇일전에 점심에 방문해서 예약까지 단체로 예약해서 자리까지 선정했는데 당일날에 예약한 장소도 아니고 저희가 먼저 예약했는데 다른팀이 인원수 많다는 이유로 그쪽팀이 예약하는게 맞는건가요??? 왜 우리가 점심에 가서 먹고 이쪽으로 자리를 예약했는데 왜 우리가 아닌건가요...???  그러면 전화로 알려주셔야죠 당일에 갔는데 갑자기 예약한 장소가 아닌 다른곳인데 맞는건가요 ???? 25명인데 인원인데 최악이네요,1
정원레스토랑 어반가든,회사사람들과 다같이 갔는데 리뷰남기니 티라미슈케이크도 주시고 직원분들 불친절하단말 있었는데 되게 재밌으시고 친절하셨습니다 저희가 워낙 시끄럽게 했는데도 룸이다보니까 괜찮다하더라구요 ㅎㅎ 1월신년회도 어반가든에서 진행예정입니다!!,5
정원레스토랑 어반가든,"남자친구랑 분위기 좋은 곳 갈려고 찾아보다가
가봤는데 가게 자체가 너무 이뻤어요!!💕
파스타도 넘 맛있었습니당
연말인데 어느 누구랑 가도 만족하고 올 듯 합니다💗",5
정원레스토랑 어반가든,다른 건 모르겠고.. 분위기는 좋아요.,3
정원레스토랑 어반가든,"커플 세트로 관자 알리오올리오와 등심스테이크 먹었는데
관자랑 고기가 부드럽게 잘 익어서 맛있었어요!
오늘의 스프는 백태 스프인데 콩이 씹히는 식감이 신기하고, 전채 샐러드와 후식 푸딩도 상큼해서 맛있어요~",5
정원레스토랑 어반가든,"친절하고 맛있어요!
매장이 시원해요",5
정원레스토랑 어반가든,"음식 종류도 다양하며 맛도 좋고 분위기도 좋던 곳입니다! 직원분들도 친절하시고 넓고 쾌적하니 데이트 혹은
가족모임하기 알맞은 곳입니다. 점심, 저녁 언제 즐겨도 좋은 곳이예요! :)",5
정원레스토랑 어반가든,분위기가 좋고 좌석이 많아서 좋아요 정말 정원 안에서 먹는 기분입니다,5
정원레스토랑 어반가든,어머니와 함께 런치 세트 시켰는데  파스타도 부드럽고 음식이 맛나네요 스프는 추가로 또시켰어요.  다음에 또 오고 싶어요,5
정원레스토랑 어반가든,늘 좋은 재료로 음식을 한다는 느낌을 받는곳. 힐링되고 편안하고 맛있는 식사가 가능한곳. 잘먹었습니다!,5
정원레스토랑 어반가든,"검색하고 방문하였는데
음식도 너무맛있고 기분좋게 먹고나왔습니다.
전체적으로 직원분들은 친절하고 음식도 간이쌔지않고 적당해서 부모님모시고 와도 좋을꺼같아요",5
정원레스토랑 어반가든,"양식이 먹고싶어 주변 검색하다 찾아가서 피자 먹는데 너무 맛있게 먹고왔습니다!!

분위도 너무 좋고 다음에도 또 올예정!!",5
정원레스토랑 어반가든,"기분전환하려고 여자친구랑 양식집 방문했는데~!
잘 찾은 거 같아요 여기 저기 비교 많이해보고 갔는데 우선 매장 분위기가 굉장히 매력적이예요 예쁜 꼿들도 있기 때문에 데이티코스로 정했거든요~ 여자친구 취향저격ㅎㅎ 식전빵을 먹다가 따듯한 스프가 나왔는데요 크리미한 맛이 너무 좋고 이거 또한 여자친구 저격완료",5
정원레스토랑 어반가든,"삶에 지치고 도시에 꽃들이 나무들이 점점 안보이는 요즘&hellip;보기만 해도 힐링&hellip;💕처음 방문했는데 반했습니다 ㅋㅋㅋㅋ 어머니 모시고 가고 싶을만큼 20대~어머님들까지 연령층 제한없이 모두가 좋아할만한 곳이네요!! 
눈으로 한번 코로 한번 입으로 한번 너무너무 만족하는 아지트를 찾았습니다~^^",5
정원레스토랑 어반가든,신선한 해물.연어  소스의 풍미가 입안가득~  모든 근심이 사라지는  신기한 맛..^^  친구랑 왔는데  담엔  남편이랑  오고싶네요..소확행 ♤♡♤,5
정원레스토랑 어반가든,"외국에서 오랜안에 온 친구가 넘 좋아하네요.
아보카도샐러드.  하몽피자 . 사진 못찍었고 크랩파스타 인생피자예요
다음에는  가족들 생일축하장소로  2층 실내정원에. 예약하고 왔어요~~~
친구랑 근처 돈의문 박물관에서 공방체험도 하고 ~~~",5
정원레스토랑 어반가든,친구들과 덕수궁 구경하고 산책길 걸어가다 만난 어반가든에서 좋은 만남을 마무리했어ㅛ^^ 맛도굿 분위기 최고!!,5
정원레스토랑 어반가든,"도심속에 이런 곳이 있다니 힐링하고 가네요~
기분 좋은 하루 였어요",5
정원레스토랑 어반가든,"라구 파스타 맛있네요~
주차 편하고, 매장이 넓고 이뻐요 :)",5
정원레스토랑 어반가든,오일파스타에 차돌과 향긋한 미나리. 매콤하면서 맛있네요.,4
정원레스토랑 어반가든,평일 오후시간에 방문했습니다~한적하니 분위기도 좋고 음식도 괜찮았습니다~,5
정원레스토랑 어반가든,"어반가든 인테리어 정말 이쁘고 모임하기 너무 좋은 룸도있도 가족, 데이트 장소로도 너무 강추 입니다!!🥰🥰

음식도 너무 맛있고 공간 자체에 감동이 있어서 재방문 의사 100% 입니다~!!",5
정원레스토랑 어반가든,파스타가 정말 맛있었습니다 다음에는 부모님 모시고 방문할께요,5
정원레스토랑 어반가든,"6살아들 생일파티하려고 저녁식사 예약후 방문했는데
너무 맛있게 잘먹었습니다&gt;_&lt;
룸으로 부탁드렸는데 너무 편하고 좋았어요🥰🎂🎂",5
정원레스토랑 어반가든,"분위도 괜찮앗고 음식도 맛잇게먹엇습니다
특히 뚝배기파스타가 정말맛잇네요 다음에 와도 또먹을꺼같아요",5
정원레스토랑 어반가든,"별 기대를 안 하고 방문했는데
편하게 와인 한잔하기에 너무 좋은 분위기라
깜짝 놀랐습니다
음식의 양도 상당하고 가성비가 훌륭하게 느껴집니다
재방문 의사가 있습니다 좋습니다",5
정원레스토랑 어반가든,맛있고 친절해요 피자랑 누룽지파스타가 맛있어요 다른 메뉴도 먹고싶어요,5
정원레스토랑 어반가든,새우로제 리조또와 블루베리피자 주문해서 먹었는데 너무 맛있어요!!! 피자 도우도 얇고 블루베리 피자는 궁금해서 시켰는데 기대 이상으로 너무 좋았습니다!!!,5
정원레스토랑 어반가든,"두번째 방문이에요
좋아하는사람들과 가야지 하는곳 중 하나입니다
특별하게 먹을수있어서 좋고 사장님, 직원분들 모두 친절해요^^ 가게도 넘 이뻐요
담번에 또 올게요^^",5
정원레스토랑 어반가든,"시청역맛집 정원레스토랑 어반가든!
마치 유럽 정원에 있는 레스토랑에서 먹는기분!
치즈 잔뜩 올라간 피자, 파스타, 감바스 너무 맛있었어요!
데이트 장소로 최고!
매장도 깔끔하고 직원분들도 친절하셔서 넘 좋았어요!",5
정원레스토랑 어반가든,파스타 세트는 그냥 그랬음 비싼만큼 양이 많고 분위기좋아요,3
정원레스토랑 어반가든,스파이시 로제 파스타랑 루꼴라 피자 주문했는데 너무 맛있게 먹었어여~ 네이버로 미리 예약해서 주말 점심에 대기없이 바로 들어올 수 있었어요ㅎㅎ 메뉴도 다양해서 데이트하기 좋은 것 같아요🎶,4
정원레스토랑 어반가든,"패밀리세트~
맛있어요..",5
정원레스토랑 어반가든,"직원분들 엄청 친절하고 인테리어도 완전 짱짱
음식도 스테이크랑 파스타 엄청 맛있어용!!
덕분에 여자친구에게 칭찬 받고 좋은 시간 보내용👍👍",5
정원레스토랑 어반가든,코스요리 잘나오는 곳이고 분위기가 좋아요!,4
정원레스토랑 어반가든,친구 4명과 함께 4인세트 주문해서 먹었는데 양도 푸짐하고 메뉴 구성도 다양해서 배부르게 먹은것 같아요. 분위기도 가게이름처럼 도시속에 이런 정원이 있다는게 참 분위기 좋고 이쁘게 잘도있는것 같네요. 좋은 시간 보내고 갑니,5
정원레스토랑 어반가든,고기가 많이 비려요 많이 찔기구요,1
정원레스토랑 어반가든,비싸기만 더럽게 비싸고 맛 개없음 스테이크 냉동쓰세요?ㅋㅋㅋ,1
정원레스토랑 어반가든,"개인적으로 맛. 분위기 좋은 곳 입니다.
남자친구랑 데이트 겸 방문했습니다.
곳곳에 꽃도 많고 분위기도 좋아서 가족. 모임 단위로 많이 있었습니다. 직원분들 전부 친절하셨고 음식 퀄리티도 좋았습니다. 2층 테라스가 이쁘니 추천드려요 ㅎㅎ
음식은 전부 늦지 않게 나오고 맛있었어요
요즘 양식집 어딜가든 가격 비슷한데 분위기 없는데서 갓성비로 먹을바에 좀 더 주고 넓고 쾌적한 곳에서 식사하는게 좋더라고요 ㅎㅎ 식사 후 디저트랑 차 한잔도 가능해서 밥먹고 대화하기 좋았습니다.",5
정원레스토랑 어반가든,"회사 근처 분위기 좋은 식당 찾다 알게 되었는데, 
후기가 극곽극이라 도저히 감이 안잡혀서 음식 사진만 보고, 고민하다 궁금한 건 못참는 성격이라 방문했어요.
혹평과 호평 중 저의 생각은 중간 이상의 맛 이라는 식당으로 결론내렸습니다.
재료 본연이 맛을 잘 살렸고, 고기도 부드러웠습니다.
서울에 정원이 있는 레스토랑이라 힐링도 되는 무난한 이탈리안 레스토랑이라고 생각합니다.",4
정원레스토랑 어반가든,분위기도 좋고 직원분들도 모두 친절한 편이지만 기대를 너무 많이 하고 가서 그런가.. 맛은... 그저그래요ㅠ 해산물 샐러드가 제일 맛있었어요ㅠ,2
정원레스토랑 어반가든,맛있어요. 분위기도 좋아요.,5
정원레스토랑 어반가든,괜찮은 곳입니다..,5
정원레스토랑 어반가든,"분위기도 좋고 친절해요.
음식도 맛있어요! 
키즈메뉴도 있어서 더 좋아요~
정동 가족모임으로 강추합니다. ^^",5
정원레스토랑 어반가든,"별점 논란 종결
뱔점 5점은 서비스 푸딩 받으려고 남기는 분들이지 알바가 아닙니다.

푸딩만으로 5점입니다. 너무 맛있어요

관자 알리오올리오 파스타 너무 맛있습니다. 5점 드립니다.

어반피자 평범한 맛이지만 맛있습니다. 

크림리조또는 조금 소스가 얕은맛 입니다.

모든 메뉴가 다 엄청 맛있을 수는 없습니다. 그렇지만 관자 알리오 올리오와 망고푸딩 진짜 맛있어요 솔직히 푸딩 먹으러 다시 가고싶습니다.",4
정원레스토랑 어반가든,"너무 이쁜 정원레스토랑 어반가든이에요.
분위기가 너무 좋아서 또 방문하고 싶어지는 곳이에요. 맛도좋고 가격대비 양도 많아서 정말 마음에 들어요. 가성비가 좋아서 회식이나 가족모음 단체모임에도 좋을거같아요. 아줌마들모임으로 맛있는 파스타와 타파티분위기로도 추천드려요.",5
정원레스토랑 어반가든,식물이 많아 어르신분들이 좋아하실 만한 분위기라 회사에서 자주 이용중이지만... 맛은 가격에 비해 그냥 그렇습니다 특히 크림 리조또는 종류막론하고  데리고 간 사람들마다 평이 별로인 편이니 참고하세요..!,3
정원레스토랑 어반가든,"서울에 위치한 정원레스토랑이 있다고 해서 분위기 내려고 어반가든에서 식사했어요.

커플세트에 키즈메뉴까지 추가했는데 메뉴 구성도 알차고 양도 푸짐해서 너무 맛있는 분위기 있는 한끼였어요.  
광화문역 근처 기념일 데이트 맛집 인정입니다. 
다음 결혼 기념일에 또 방문하거나 부모님 모시고 가도 좋을것 같아요!!",5
정원레스토랑 어반가든,분위기도 좋고 친절하고 맛있습니다,5
정원레스토랑 어반가든,"종종 오는 곳인데
예전부터 이자리에 쭉 자리에 있고
한결같은 식당입니다.
분위기도 정겹고 좋아요",5
정원레스토랑 어반가든,"분위기와 맛은 나쁘지 않으나, 가성비는 별로임. 한번 올만한 곳이긴 하다.",4
정원레스토랑 어반가든,"깔끔한 할라피뇨 파스타
 좋은추억 쌓고갑니다",5
정원레스토랑 어반가든,"휴.. 그나마 스테이크가 맛있어서 별점 한개라도 드릴수있겠네요 서비스가 아주 엉망진창이에요 이럴거면 크리스마스 한정 메뉴는 왜 만드신건지? .. 코스를 시켰는데 음식 나오는데 한 세월. 메인디쉬 받기까지 한시간 걸렸네요 ^_^ 코스에 포함되어있던 에피타이저 음식들... 시즌의 특성, 위치 등을 고려해도 가격대비 양이 되게 적어요ㅎ 양식집에 샐러드 메뉴 하나 없는게 말이 되나..싶기도하고...ㅎ 바쁜시즌인거 잘 알고 있고 정신 없을 수 있다는거 압니다 그런거 다 고려해도 아주 별로였어요 에휴 말하자면 끝도 없네요 서비스,음식 퀄리티 모두 최악의 식당입니다 두번다시가고싶지않아요 밑에 리뷰가 너무 공감되네요 감당할수있는 장사를 하시길",1
정원레스토랑 어반가든,"개인적으로 겪은 개인적인 참고용 후기

생각해보면 사실, 예약 확인부터 늦었었다.🙄
12.14. 오후 4시 50분에 &lt;12월 23일 토요일 오후 8시&gt;네이버예약함.
공지상 30-40분 걸린다고 해서 기다렸으나 안되길래 바빠서 그런가보다 하고 얌전히 기다림.
다음날 12.15. 10시 55분 예약 확정.

23일 당일 전화로 오후 8시 10분에 오면 사이드로 따로 자리 난다고 해서 그렇게 가기로 하고 8시 5분쯤 입장, 정리되어 있어서 바로 착석.

벨 한 세 번 눌렀지만 안오셔서 지나가던 서버분 붙잡고 주문하겠다 함(각자 구역이 있나봄? 프론트에 직원들 있어도 안오심)

피자 주문하려했으나 &lsquo;피자 안돼요&rsquo;라고 함(이유를 못들어서 재료소진으로 친구들끼리 추측)

피자가 안된다길래 일단 파스타라도 주문하고 먹어보면서 더 주문하자라는 느낌으로
명란로제파스타, 관자알리오올리오, 게살리조또, 누룽지뚝배기파스타 주문 후 음료는 와인1병, 에이드 2종 각 1잔 주문.
주문 후 식전빵은 바로 나왔고 대략 8시 25분~30분 사이 음료준비됨

시간은 흐르고 주문한 음식이 나오지 않은 상태에서 &lt;9시에 주문 마감인데 추가할거 있으시면 하라&gt;고 하심
음식이 하나도 안나왔다는걸 다들 모르심
오는 직원(세 분)마다 저 말만 하심
피자주문을 할 수 없었기 때문에 주문한거 먹어보면서 다른 메뉴들도 주문하고 싶었으나 첫요리들도 안나왔고, 나오는 속도가 가망이 없어보여서 스테이크 샐러드만 일단 추가주문함.

8시 52분부터 9시 정각 사이에 명란파스타, 스테이크 샐러드, 게살리조또 순으로 나옴
추가주문한게 더 빨리나옴
(40~50분동안 식전빵과 음료만 먹고 있었다ㅋㅋ)

이후 20여분동안 또 감감무소식이길래 여쭤보니 매니저 같으신 분이 죄송하다 하시고 10분뒤에 나온다고 하심&hellip; (누룽지파스타용 그릇이라고 하면서 주신 그릇은 애초에 테이블에 나와있었음) 그리고 10분뒤 처음에 주문했던 관자알리오올리오랑 누룽지파스타 나옴. 이렇게 빨리 나오는걸 한 시간 이십여분 이상 기다림&hellip;누락이었나봄.

영수증보면 순서대로 들어갔는데 주방에서 누락된 느낌. 그리고 물어봐야 음식이 나오는 느낌을 지울 수가 없을 정도로 테이블에 무관심.

내부,외부 크리스마스 분위기인것만 좋음
음~맛있다~ 수준도 아님. 당연히 그저 급하게 나온 요리맛ㅎㅎ
서버 수에 비해 요리하는 사람은 없는지 코스보다도 못한 속도임(코스는 먹는 속도에 맞춰나오기라도 하지)
진작 빨리 나왔으면 메뉴 몇 개는 더 먹었을텐뎅!

기껏 오랜만에 만나는 친구들이라 각 지역에서 모였는데 기분잡침😑
내가 예약했는데 내가 다 미안해짐
그리고 테이블 들렀다간 직원중 2명은 기본친절 자체가 없어서 더 기분 나쁨..
다들 다시는 안온다 생각하고 화 참고 나옴
친구1은 전에 왔을땐 괜찮았는데 실망이라며 온다고 하는 사람 있으면 뜯어말린다고까지 하는 중..",1
정원레스토랑 어반가든,루꼴라 피자 넘 맛있게 먹었어요 분위기좋아서 데이트로도 가족끼리와도 좋겠네요,5
정원레스토랑 어반가든,로멘틱한 외관에 맛있는 음식까지!!!  광주서 여기까지 달려온 보람이 느껴지는 곳입니당!! 직원분들도 친절하시공!!  덕분에 입과 기분이 행복해지고 왔습니다!!  잘먹었습니다,5
정원레스토랑 어반가든,"분위기 굿 맛도 굳
서비스 짱입니다",5
정원레스토랑 어반가든,매장이 너무 너무 예쁜곳입니다! 자연속에서 먹는느낌 거기다 맛이 일단 너무 좋아서 다 좋았어요! 고기도 잘구워주셔서 고기가 입에서 녹아요!,5
정원레스토랑 어반가든,크림이 찐득찐득 꼬소꼬소 진해서 좋았어요 크림까지 싹싹 긁어먹었잖아여...ㅎㅎㅎ  무엇보다 굉장히 이국적인 분위기에요외부든 내부든 정원 느낌이 나서 되게 분위기 있어요 사진 찍기도 좋고 특별한 날에 오면 더더 좋을 듯합니다,5
정원레스토랑 어반가든,너무 맛있어요 분위기도 좋구요ㅎㅎ 강추합니다,5
정원레스토랑 어반가든,맛있는음식을 많이먹었는데 먹는데 정신팔려 피자사진만 마지막에 찍었네요 너무너무좋았어요 파스타도 너무맛있고 스테이크도 굿굿 다음엔 아이들과 또 방문해야겠어여~~~^^,5
정원레스토랑 어반가든,2008년부터 꾸준히 방문 하고 있는 레스토랑입니다 ^^ 처음 방문했을때는 지금 와이프랑 둘이었는데 어느새 시간이 흘러서 아이들과 함께 방문하고 있습니다 변치않는 행복을 주는 어반가든 감사합니다 ~~ ♡♡,5
정원레스토랑 어반가든,재방문 100프로에요 일단 분위기가 참 좋고 밥도 맛있고 퓨퓨퓨 여기를 왜 이제야 찾았을까요 항상 손님을 우대해주시는게 너무 좋았어요 알바생들도 다 청결에 열심히 해주시는것 같고 일단 다시방문할게요,5
정원레스토랑 어반가든,피자 파스타 다 맛있고 예뻐요. 즉석에서 꽃다발 주문도 가능하고 생일파티나 기념일에 오기 좋네요~,5
정원레스토랑 어반가든,"재방문입니다 5인 세트 매뉴 정말 푸짐하네요
스프도 맛있었습니다 발렛 주차 선불 2000원도 저렴하네요",5
정원레스토랑 어반가든,분위기도 좋고 맛도 최고 서비스도 최고에요,5
정원레스토랑 어반가든,"생일이라서 가족식사 하러 왔어요. 커플세트(꽃등심스테이크)+루꼴라치즈피자
음식도 맛있고 분위기도 좋네요!",5
정원레스토랑 어반가든,음식들이 전반적으로 느끼. 가격대비 별로 내세울것 없음. 좁은 공간에 타닥타닥 붙어서 옆 테이블 소리가 다 들림.,2
정원레스토랑 어반가든,"분위기좋고 음식맛이 좋네요
시간되면 꼭 재방문하고싶네요",5
정원레스토랑 어반가든,정말 맛있고 친절해요!! 메뉴 하나하나 다 맛있네요 ㅎㅎ 분위기도 좋아요 ㅎㅎ 다음에 또 올게요 ㅎㅎ,5
정원레스토랑 어반가든,"생일이라 분위기 좋은 곳이라고 해서 방문했는데 너무 친절하시고 음식도 맛있어서 기분이 좋아요😻
와인도 달콤하니 맛있어서 취향입니다 
다음에 또 와야겠어요~",5
정원레스토랑 어반가든,분위기가 너무 좋아요! 음식도 괜찮았어용 또 오고싶아요~~,5
정원레스토랑 어반가든,"페밀리세트 먹었는데 bbq플레이터 소고기 큐브는 너무 질기고 차돌은 뻣뻣하고 랍스터는&hellip;냉동 사용하는게 느껴질 정도로 먹는데 물기가 있었구여 짜기만 하고 정말 별로였음여 ㅜ 치킨은 그나마 무난무난&hellip; 리조토와 파스타, 샐러드는 괜찮았음여🙄
1인당 44천원 들여 먹은 한끼 치고는 만족스럽진 않았네여 ㅠ",3
정원레스토랑 어반가든,친구가 추천해줘서 갔었는데 피자도 파스타도 맛있었어요 :) 특히 가게가 너무 예뻐서 특별한 날에 오기 좋을 거 같아요ㅎㅎ,5
정원레스토랑 어반가든,"가격대가 비싸지 않은 편이라, 모임이나 외식하기 좋은 레스토랑이었어요. 이번에는 넓은 자리를 예약했는데, 설명도 친절하게 해주시고 테이블도 넉넉해서 편하게 사용할 수 있었어요. 스파게티도 너무너무 맛있었어요!",5
정원레스토랑 어반가든,"들어가면서 인테리어가 너무예뻐서 반했어요 
진짜 특별한날 오면 더 좋을것같은느낌 
낮시간 방문이었지만 저녁에도 정말 아름다울것같아요
직원분들도 친절하시고 주차도 편해서 좋았습니다
저희에겐 생각보다 양이 많았는데 다른분들은 적당하실수도 ! 맛있었습니다~!",5
정원레스토랑 어반가든,기념일에 방문하면 좋을 것 같아요,5
정원레스토랑 어반가든,"오랜만에 마음에 드는 레스토랑 발견이라 후기남겨봐요
스테이크 예술이네요 진짜! 육질은 말할것도 없고 소스의 풍미까지 장난아니었어요 와인까지곁들이니 금상첨화더군요 로맨틱한 데이트장소로 딱이예요",5
정원레스토랑 어반가든,친구들이랑 모임으로다녀왔어요 발렛해주셔서 주차도 편하고 좋더라구요. 인테리어가 진짜예뻐서 사진을 얼마나찍었는지모르겠네요ㅋㅋ음식도 맛있고 서비스도 최고! 맘에쏙드는 레스토랑 찾은거같네요~,5
정원레스토랑 어반가든,여자친구랑 정말 좋은 분위기에서 식사하고 왔습니다!! 음식도 분위기도 좋고 직원분들도 다 친절하세요!&rsquo;,5
정원레스토랑 어반가든,가게가 이렇게 이뻐도 되는 건가요ㅠㅠ 친구들 추천으로 기념일로 남친이랑 왔는데 이뻐서 사진 엄청 찍었네요ㅎㅎ 음식도 정말 맛있었어요❤️ 오랜만에 호강했네요!,5
정원레스토랑 어반가든,생일기념으로 왔는데 맛있고 분위기도 좋아요! 나중에 부모님모시고 오고싶어용:),5
정원레스토랑 어반가든,"어반가든 리뷰보고 방문.
직원분들 엄청 친절하시고 음식도 맛있네요!
다음에 재방문 해서 다른것도 먹어봐야지~",5
정원레스토랑 어반가든,"분위기 정말 좋아요😀 
저녁에 방문하면 두가지 분위기를 만끽할수 있네요 음식도 정말 맛있어요
추천드려요!!",5
정원레스토랑 어반가든,"광화문에서 대학교 선배와 오랜만에 점심 식사하기로 했는데, 선배가 미리 예약해둔 정원컨셉의 맛집에 방문했어요. 1층 테라스에 인조잔디가 깔려있고 채광도 좋아서 너~무 이뻐요^^
샐러드는 신선한 야채들이 한가득에 피자는 갓구워져 바삭바삭 하고 도우도 부드러워서 완전 맛있어요.
다음에는 저녁에 파스타에 와인 한잔 하기로 했네요^^",5
정원레스토랑 어반가든,분위기 깡패입니당 짱 이뻐요 맛도 괜춘괜춘!! 고민하시지 마시고 오세요!!,5
정원레스토랑 어반가든,분위기도 좋고 매장내 인테리어 상태도 깔끔하네요 맛도 좋고 친절하십니다 나중에 또 올게요,5
정원레스토랑 어반가든,"분위기 너무 좋아요. 음식도 맛있고, 서버분도 친절하세요. 정동길 걸어가다 궁금했던 곳인데 조금 짜요.ㅎㅎ",5
정원레스토랑 어반가든,"4년 전 남자친구가 예약한 우리의 첫 데이트코스 ☺️ 4년 후 웨딩홀 보고 돌아오는 길 
남친이 서프라이즈로 예약하여 다시 들렸어요 
고풍스러웠던 기억에 강남이었는줄 알았는데 서대문이어서 상상도 못했고 깜짝 놀랐습니다! 
처음 느낀 느낌 그대로 아늑하고 몽환적인 곳
맛도 분위기도 데이트 코스로 손색없습니다 추천드려요😍",5
정원레스토랑 어반가든,맛있고 분위기좋고 넓고 좋아유,5
정원레스토랑 어반가든,분위기 너무 좋고 음식도 맛있어요!,5
정원레스토랑 어반가든,"분위기깡패네요
야외정원 테이블인데도 하나도 안덥구요
코스요리,단품 적질하게 믹스하여 주문했는데 하나같이 다 맛나요~
굿
재방문각10000프로",5
정원레스토랑 어반가든,위치 접근성이 좋고 맛있어요,4
정원레스토랑 어반가든,"기념일에 왓어요. 

2명이서 셋트를 시켰는데 은근히 양도 많고 맛이 끝내줍니다. 

분위기는 말할것도 없구요. 

선택에 후회없을거에요",5
정원레스토랑 어반가든,맛있어요,5
정원레스토랑 어반가든,신선한 샐러드와 친절한 직원 분들 덕에 기분이 상쾌하게 먹고 갑니당,5
정원레스토랑 어반가든,데이트 분위기 좋고 위치 좋고 맛있어요.,5
정원레스토랑 어반가든,"친구 생일 분위기 잡기 좋네요 ~ 잘온거 같아요 ~ 재방문의사 있습.
일요일 좀 정신없네요 ^-^",5
정원레스토랑 어반가든,맛있고 2층 분위기가 좋습니다.,5
정원레스토랑 어반가든,"음식도 맛있고 분위기도좋고 친절하나, 여자들끼리 먹기에도 양이적어서 별하나뺍니다.ㅜ",4
정원레스토랑 어반가든,도심속 이런정원이 있는지 몰랐어요 음식도 다 맛있고 오랜만에 지친일상속에서 힐링하구 왔습니다 추천드려요 !,5
정원레스토랑 어반가든,맛이 좋아요 정원이 이뻐서 도심속 힐링 됩니다,5
정원레스토랑 어반가든,언제가도 진짜 음식도 맛있고 분위기도 계절별로 달라서 매번 와도 새로운 느낌이에요ㅎㅎ이 근처 오면 항상 방문하는데 사장님도 굉장히 친절하세요~다음에도 방문할게요!!!!,5
정원레스토랑 어반가든,분위기 진짜 좋네요! 남자친구와 데이트하러 왔는데 파스타와 샐러드 대박 맛있고 사진도 잘 나오고 좋은 추억 만들고 갑니다😊,5
정원레스토랑 어반가든,분위기도 좋고 맛도 좋고 친구랑 좋은시간 보내고 가요.,5
정원레스토랑 어반가든,주변에서 추천 해준대로 정말 분위기 좋았고 음식 맛도 정말 좋았어요!,5
정원레스토랑 어반가든,꽃을 좋아해서 방문했는데 인테리어도 너무 예뻤습니다 상호 그대로 정원에서 먹는 느낌이었어요^^ 메뉴도 다 맛있어서 좋은 시간 보내고 왔네요 추천합니다,5
정원레스토랑 어반가든,블루리본을 매년 받으셨나바요. 골목이라 우연히 발견하여 갔는데 분위기도 좋고 맛있어요!,5
정원레스토랑 어반가든,분위기 좋고 음식도 맛있습니당,4
정원레스토랑 어반가든,"양도 적당하고 맛도 있어요 !! 다음에 또 재방문 의사
100%",5
정원레스토랑 어반가든,도심 안에 이런 분위기 식당이라니 넘 예쁘고 음식도 맛있네요🥰🥰,5
정원레스토랑 어반가든,음식이 깔끔하고 맛있어서 자주방문합니다ㅎㅎ  저녁에가면 분위기너무좋아요 ㅎㅎ,5
정원레스토랑 어반가든,"도심의 정원&hellip;!
분위기도 좋고 넘 맛있어요~^^ 재방문 의사 100프로",5
정원레스토랑 어반가든,"아무리 어버이날, 어린이날 연휴라지만 주문 하고 거의 40분 뒤에 음식 나오는 곳이 정상인가요?",1
정원레스토랑 어반가든,일단 스테이크가 미쳤습니다...⭐️⭐️ 웰던우로 고기가 나왔는데 이렇게 부드러울수가....미쳤습니다...ㅠㅠㅠㅠㅠㅠㅠㅠㅠ,5
정원레스토랑 어반가든,어버이날 기념으로 왔는데 분위기도 좋고 조용하고 좋습니다 :),5
정원레스토랑 어반가든,어린이날 아이와 함께 방문 .   스파게티와 리조또 너무 맛있네요 :),5
정원레스토랑 어반가든,"특별한날 데이트 코스로 추천합니다.
플레이팅이 예쁘네요.",4
정원레스토랑 어반가든,"런치세트 치킨스테이크와 라구 로제스파케티
맛 굿
브런치",5
정원레스토랑 어반가든,"넘 예쁘고, 음식도 맛있어요^^",5
정원레스토랑 어반가든,음식도 맛있고 분위기도 좋아서 특별한 날 강추합니다 ㅎㅎ,5
정원레스토랑 어반가든,"레스토랑이 인테리어도 이쁘고
어느곳에서 찍어도 포토존이네요^^
특별한날에 방문하기 좋아요
메뉴들도 플레이팅 이쁘게 나오고 맛있었습니다",5
정원레스토랑 어반가든,꽃과 나무로 둘러싸인 정원 분위기 쵝ㅎ,5
정원레스토랑 어반가든,어반가든 정원 느낌으로 아늑하고 편안해요. 호박스프 맛있고 햄버거 스테이크도 소스 맛있었어요.  정동 올 때마다 들르고 싶네요.,5
정원레스토랑 어반가든,"굉장히 친절하고 분위기가 좋습니다!
다만 맛은 맛있으나 기대감이 커서 그런지 기대했던 것만큼 아닌듯합니다! 물론 맛있습니다!",4
정원레스토랑 어반가든,리뷰 주작질하는 가게를 거르기 위한 와드,1
정원레스토랑 어반가든,회식하러 왔는데 분위기가 너무 좋고 즐거운 시간 보냈습니다~! 다음에 또 오겠습니다 ㅎㅎㅎ!,5
정원레스토랑 어반가든,맛 최고! 분위기 최고! 또 오고 싶엉ᆢ~^^♡,5
정원레스토랑 어반가든,스테이크가 야들야들 식감도 좋고 너무 맛있게 잘 먹었어요! 이번달 소개팅 있는데 장소는 여기로 오려구요! 인테리어를 너무 잘해놓아서 데이트코스 필수장소인듯요! 소개팅 잘되면 자주들릴게요! 너무 잘먹었습니다!^^ 광화문 찐맛집!!,5
정원레스토랑 어반가든,"이베리코 스테이크 너무 맛잇엇습니다 ^^
분위기가 너무 좋았고 직원들의 친절한 서비스에 한번 더 감동감동입니다 ~~ 별 열개 드리고 싶네요☆☆☆☆☆☆☆☆!!☆",5
정원레스토랑 어반가든,정원좌석 강추요! 커플세트 먹었는데 양도 정말 푸짐하고 꽃등심 스테이크 맛있어요~~ 정동에서 주차도 되는 집!,5
정원레스토랑 어반가든,"골목 안 이긴 하지만 분위기 좋고!
음식 맛나요! 추천!!!",5
정원레스토랑 어반가든,"파스타가 느끼하지 않고 본연의 맛이 잘 살아있어요
직원분들도 친절하시고 식당 내부가 시끄럽지 않아 좋았습니다 :)",5
정원레스토랑 어반가든,"사장님의 진심이 느껴지는 인테리어, 분위기, 서비스, 맛까지.. 모든게 최고였습니다. 가족, 친구, 연인, 어떤 날 와도 기분 좋을 공간과 맛있는 음식 감사합니다. 주차도 발렛 해줘서 편해요!!",5
정원레스토랑 어반가든,맛도 좋고 가격도 괜찮고 무엇보다 분위기가 좋아요 ㅎㅎ 서울 한복판에 이런집이!,5
정원레스토랑 어반가든,"식전빵부터 리조또, 피자까지전부 맛있네요!
가계 외관부터 화려해서 너무 예뻐요!",5
정원레스토랑 어반가든,"분위기는 정말 좋다.
직원들도 친절하다.
주차는 불편하다.",4
정원레스토랑 어반가든,분위기도좋고 너무잘먹고갑니다 맛있어요,5
정원레스토랑 어반가든,정동에 분위기 좋은 레스토랑 찾으시면 여기로 오세요 !! 꽃도 많고 식당 분위기도 넘 좋아요. 데이트 코스로 딱인듯 ! 음식도 너무 맛있어요,5
정원레스토랑 어반가든,우선 분위기가 너무 좋습니다. 물론 맛도 좋구요ㅎㅎ추천입니다!,5
정원레스토랑 어반가든,"정원뷰 굳굳!! 
사진찍기도 좋은 레스토랑이에요
들어가는 해산물 재료들도 신선해서 좋았고
디저트까지 완벽했어요 👍🏻",5
정원레스토랑 어반가든,런치메뉴 좋아요!,5
정원레스토랑 어반가든,"사장님, 감당이 되는 장사를 하시길 바랍니다. 가격에 전혀 격이 맞지 않는 맛과 서비스를 제공하고 계시네요.",1
정원레스토랑 어반가든,기분전환이 필요할땢ㆍ좋은 사람과 함께 하는 날ㆍ적극 추천합니다,5
정원레스토랑 어반가든,기념일에 간 레스토랑 !! 공간도 넓고 미리 예약가능해서 넘 좋았어요 야외 내부 분위기도 푸릇푸릇 진짜 예쁘더라구요 ~ 음식은 더할나위 없이 맛있습니다 👍🏻 허겁지겁 먹느라 사진은 많이 못찍었네요 ㅋㅋ 완죠니 강추,5
정원레스토랑 어반가든,2층에서 식사했는데 분위기도 좋고 맛도 좋아요~,5
정원레스토랑 어반가든,좀.....,1
정원레스토랑 어반가든,너무 맛있어요 다음에 다시 오고 싶습니다😍😍,5
정원레스토랑 어반가든,"장소가 넓고 테마도 많고 눈과 귀와 입이 즐거운 곳이였어요
실내인데 실외느낌나고  눈오는겨울에 또한번 오고싶네요",5
정원레스토랑 어반가든,관자알리오올리오랑 피자 맛있음,4
정원레스토랑 어반가든,"중국출장중 결혼기념일이 있어
집사람과의 데이트 
맛도 좋고 꽃이 함께 있어 분위기가 너무 좋았다
집사람이 좋아해 기분이 더 좋았음~ ^^",5
정원레스토랑 어반가든,오랜만에 분위기 있는 곳에서 즐거운 식사했어요. 분위기가 좋아요!,5
정원레스토랑 어반가든,"생일맞이로 2층에서 저녁식사했습니다. 라구로제 파스타는 로제보다는 토마토 소스에 더 가깝고, 루꼴라피자는 쫀득하니 맛있네요~~",4
정원레스토랑 어반가든,"분위기 좋고 예쁘고 맛있어요^^
나중에 부모님과 다시한번 방문하고싶네요",5
정원레스토랑 어반가든,맛 분위기 다 좋네요😃,5
정원레스토랑 어반가든,분위기 맛 다 만족스럽네요,5
정원레스토랑 어반가든,"주말 런치 치킨스테이크와 해물파스타 69,000원 먹었습니다 스프,샐러드,식전빵,디저트 포함입니다

스프,디저트 맛있습니다
사람 많더라고요ㅎㅎ",3
정원레스토랑 어반가든,지인과 중요한 약속에 딱인 곳입니다. 직원분들도 친절하시고 사장님도 친절하십니다. 가격도 나쁘지 않네요.,5
정원레스토랑 어반가든,맛있게 먹고 갑니다. 이 근방 파스타로는 가장 맛있습니다. 재방문 의사 있습니다. 번창하세요!,5
정원레스토랑 어반가든,부모님 모시고 방문했습니다. 시청이니 광화문 주변에서 이만한 곳 없는것 같네요 분위기나 맛이나 상당히 괜찮습니다. 만족스러웠어요,5
정원레스토랑 어반가든,특별한날 가기 좋은 분위기! 데이트 다녀왔는데 너무 좋았어요. 도심에 이런분위기라 진짜 행복 그잡채!!ㅋㅋ음식은 말할것도 없고!! 특히 연어..입에서 사르르 녹아요👍🏻 파스타도 정말 일품! 파스타는 양도 많었어요!!!직원뷴들은 너무 친절하시더라구요.,5
정원레스토랑 어반가든,"외부 내부 분위기 굿이네용 제가 이런 분위기 좋아하거든요
사람이 진짜 많았는데 저희는 점심 지나서쯤 들어가서 편하게 먹긴 했어요 ㅋㅋㅋ 몇몇 리뷰 후기가 안좋아서 걱정했는데 딱히 그렇지도 않더라구요
4명이서 갔는데 세트 메뉴 추천해주셔서 그거 시켜 먹었어용 파스타 종류 진짜 많은데 하나하나 다 먹어보고 싶어융 ㅠㅠㅠ 또 갈 날만 기다리고 있어용 헤헤
영수증을 따로 안받아와서 카카오맵에 리뷰 올려요~",5
정원레스토랑 어반가든,"언제와도 너무마싯고 분위기 좋은곳입니다!!
비주얼도 예쁘고 직원분들도 너무 좋아요!! 

다음엔 부모님 모시고 방문할게요",5
정원레스토랑 어반가든,가게가 꽃으로 가득해서 예쁘고 분위기가 좋아요! 파스타도 맛있네요,5
정원레스토랑 어반가든,"비싼 돈 주고 먹을 음식은 아니다. 
같은 날 5점짜리 리뷰가 참 많네요~ 
누군가 말한 리뷰 알바가 맞는 듯.",1
정원레스토랑 어반가든,"일하시는 분들이 행복해 보이지 않았어요. 예약확인하는데 한숨 작렬~ 전염될 듯.. 오픈시간에 갔는데, 표정들이 다 안좋았고, 들락날락 먹은 그릇 치우는데혈안이 되어 있길래, 커피 원샷하고 나왔네요. 동행인들한테 &rdquo;빨리 나가란다&ldquo; 했더니, 약정시간까진 있으셔도 된다고 하는데&hellip; 그냥 나와줬네요.",1
정원레스토랑 어반가든,"정동길에 예쁘고 분위기 좋은 레스토랑이에요.
식전 스프가 좋고 메인메뉴는 당연히 맛있습니다.
해산물 파스타 담백하고 해산물 양도 많고 좋아요!",5
정원레스토랑 어반가든,"맛있기도 한데 가성비도 너무 좋은거 같아요.
분위기는 정말 좋고요.",5
정원레스토랑 어반가든,촉촉한 비 내리는 날 왔어요. 창가에 앉았는데 분위기도 넘 좋습니다. 음식도 맛있어요. 다음에 동생과 같이 와야겠어요.,5
정원레스토랑 어반가든,"생파 겸 미리 크리스마스 파티 B형 공주들 
오래 건강하고 행복하장^^♡
분위기 좋코 음식 맛있고 
누룽지 뚝배기 파스타 뜨끈하고 맛있어요 짱!",5
정원레스토랑 어반가든,너무너무 맛있고 분위기가 좋아요,5
정원레스토랑 어반가든,분위기 좋아요.,4
정원레스토랑 어반가든,아반가든 루꼴라피자 정말 맛있었어요.연말 크리스마스 분위기 가득합니다,5
정원레스토랑 어반가든,"2층 정원가든에서 ~ 너무 즐거운 시간이 되었어요. 어반가든 외관도 맘에 들었는데~
음식 맛도,
정원의 분위기도 참 좋습니다.~
23년의 크리스마스를 느낄수 있는 분위기로
벌써 즐거움이 한가득이네요^^",5
정원레스토랑 어반가든,분위기도 너무 좋고 너무 예뻐요~~ 들어오면서 힐링되네요,5
정원레스토랑 어반가든,샐러드를 많이 주십니다ㅎㅎ 스파이시 크랩 파스타랑 토마호크 시켰는데 둘 다 맛있어요~,5
정원레스토랑 어반가든,부모님과 함께 들렀는데 크리스마스 분위기로 꾸며져 있어서 좋았어용 파스타도 맛있습니다,5
정원레스토랑 어반가든,너무 맛있어요~ 디음에 또 방문할게요~~,5
정원레스토랑 어반가든,분위기가 좋고 음식이 맛잇어요 소개팅이나 친목모임 하기에도 자리가 좋아요 가족단위도 많이오는거같네요,5
정원레스토랑 어반가든,분위기 있구 맛있구 너무 좋아요!! 포근한 크리스마스 감성을 느낄 수 있는 식사를 원한다면 강추입니다 💚❤️,5
정원레스토랑 어반가든,"분위기있는 도심속 정원레스토랑. 조아요♡♡
친구들과 오랜만에 맛나는 음식과 분위기 즐기고가요",5
정원레스토랑 어반가든,분위기가 좋고 스테이크는 겉바속톡으로 맛있어요. 특히 파스타가 아주 맛있어요. 샐러드랑 당근 스프도 별미에요😄,5
정원레스토랑 어반가든,지난번 덕수궁왔을때 왔다. 또 들릅니다. 샐러드가 여전히 신선하고 맛있어요.,5
정원레스토랑 어반가든,분위기도 너무 좋고 식전빵도 맛있고 음식도 너무 맛있어요!,5
정원레스토랑 어반가든,음식이 맛있고 분위기있고 인테리어가 아기자기 예뻐요! 부모님과 왔는데 잘 먹고 갑니다,5
정원레스토랑 어반가든,음식도 주변 풍경도 정말 좋은 도심 나들이 공간,5
정원레스토랑 어반가든,정동 근처에서 분위기 좋은 파스타 집 찾으시면 여기로 오시는거 추천합니다 ㅎㅎ,5
정원레스토랑 어반가든,기념일에 오기 좋아요! 메뉴도 금방금방 나오고 오래 안기다려서 좋아오,5
정원레스토랑 어반가든,"여기 돈으로 리뷰 사는 곳임.
아래 5점짜리 리뷰들 보면 다 리뷰수 1,2개.. 또는 돈받고 리뷰쓰는 사람들
맛집 아님.",1
정원레스토랑 어반가든,해산물도 싱싱하고 소스도 부드러웠습니다 잘먹었습니다!!,5
정원레스토랑 어반가든,음식도 깔끔하고 피로연장소로도 너무좋아요,5
정원레스토랑 어반가든,"분위기 넘넘 조아용 
친구들이랑 같이 갔는데 맛도 좋고
되게 만족했습니다😋😋",5
정원레스토랑 어반가든,"오랜만에 만난 친구들과 맛있게 먹었어요!!!
친구들도 다시 어기 오고 싶다고 하네요 ㅎㅎ
분위기와 직원분들의 친절함 등등이 너무 좋았어요.",5
정원레스토랑 어반가든,데이트코스로 다녀왔는데 저는 디너메뉴로 시켰어요 ㅎㅎ 제가 해산물 진짜 너무 좋아하는데 해산물 많이주시구 신선해서 좋았어요! 분위기도 완전 딱이였고 나중에 또올거같아요!ㅎㅎ,5
정원레스토랑 어반가든,"파스타 리조또 맛도 너무 맛있고 인테리어도 너무 이쁘고 잘되어있어요.
2층 정원석으로 예약하는것을 추천해요!!",5
정원레스토랑 어반가든,분위기가 정말 좋아 데이트 하러 오거나 친친 모임있을 때 힐링하러 오는곳이에요~ 모든 메뉴 다먹어봣는데 진짜 다 맛있네요!  파스타도 굿인데 스테이크가 예술이에요~ 고기 부드럽고 고소한 맛나요! 굽기도 알아서 딱 해주시니 좋은점 가득한 곳이네요~😊 부모님 모시고도 한번 와야겠어요~!,5
정원레스토랑 어반가든,데이트코스 장소중 원탑이에요~^^ 분위기가 진짜 좋아요 여자친구가 엄청좋아하고 ㅜ 음식도 맛있었어요~그날 너무 행복했어요 ㅎㅎ,5
정원레스토랑 어반가든,분위기도 너무 좋은데 맛까지 대박이네요 친구들이랑 와도 좋을거 같은데 데이트 코스로 절대 실패안 할것 같아요,5
정원레스토랑 어반가든,"매번 찾아가게 되는 음식점 ! 
인테리어가 너무 이쁘고 음식들도 너무 맛나네요 ㅎㅎ",5
정원레스토랑 어반가든,"요기는 정말이지 도시 속에서 자연과 조화로운 분위기를 즐길 수 있는 식당이에요..❤️ 
정원이랑 실내 공간이 결합되어져서 편안하고 아늑한 분위기가 나구요.. 다양한 요리와 음료가 많아서 너무 좋았어요 !!!!! 

신선한 재료와 정성스러운 조리법에다가 현대적이면서도 건강하고 다양한 메뉴들이 많아서 샐러드, 파스타, 그릴 요리, 스테이크 등 다양한 요리 스타일을 즐길 수 있으며, 식사에 어울리는 다양한 와인과 음료도 제공되더라구요 😊

특히나 인테리어가 자연적이고 현대적이여서 괜히 더 감각적인 느낌이 들어요 :)
오후에 방문했는데, 창문이 탁 트여져서 자연광이 잘 들어와 사진이 너무 예쁘게 잘 나오구요. 
식물들이 많아서 자연 친화적인 분위기 뿜뿜 !

또 여기가 공간 내에 야외 정원을 갖추고 있어 날씨가 좋은 날에는 야외에서 먹을 수도 있을 것 같은데, 제가 다녀온날이 날이 좋아서 야외에서 먹을 수 있었어요! 또 직원분들이 정말 친절하고 전문적이신 것 같았습니당 :&gt;

평소 레스토랑은 북적북적한게 시끄러워서 별루였는데, 너무 조용하고 고요해서 자연속에서 먹는 것과같이 먹을 수 있었어요 😊❤️",5
정원레스토랑 어반가든,"오늘 후배샘 정퇴기녕으로
방문해서 패밀리4인세트를
주문했는데 가든 프리미윰B.B.Q
는 정말 특별했어요.
2층에서의 분위기있는 장소는
20년의 우정을 더욱 빛내주었지요.

감사해요.
어반가든!",5
정원레스토랑 어반가든,남자친구랑 기념일 기분내려고 다녀왔는데 음식이 너무 맛있어서 분위기를 제대로 못즐기고 온 것같아 아쉬웠어요 ㅠㅠ 거의 푸파수준.. 분위기랑 맛 다 잡으시려면 여기 추천해요~ 다음번엔 제대로 분위기잡고 이번에 못찍은 사진 다 찍고 와야겠어요!!🤭,5
정원레스토랑 어반가든,분위기도 좋고 괜찮네요! 병원 갔다가 바로 앞이어서 온건데 맛집을 찾아버렸네요 인테리어도 예뻐서 다음엔 남자친구랑 데이트하러 와야겠어요!,5
정원레스토랑 어반가든,맛있어요!! 추천~!,5
정원레스토랑 어반가든,남편 생일이라  급하게 검색해서 당일예약한건데도 원하는 좋은자리로 준비해주셨네요＾＾음식  전체적으로 맛있고 가격대는 40대 후반 저희부부에겐  평일런치메뉴  시키니 비싸지는 않았 습니다 맛 분위기 친절도 아주좋아요 다음에 친구들과  아이들도 대려와야겠어요^^,5
정원레스토랑 어반가든,스프도 맛있고 조경도 너무 예뻐요! 식당 분위기도 좋아서 가족단위로 오시는거 추천해드려요,5
정원레스토랑 어반가든,유멍해서 갔는데 준위기도 젛고 자리도 넓고 맛도 있고 넘 좋네요!!!,5
정원레스토랑 어반가든,"40년지기 친구들과의 오랜만의 만남에서 넘 맛있는 메뉴들과 와인 한 잔!
다음에도 예약하고 또 멋진 모임 하러 올게요",4
정원레스토랑 어반가든,동화 속에 온 기분입니다 음식도 맛있어요 인테리어도 분위기 있게 잘 되어 있네요,5
정원레스토랑 어반가든,"도심안에 작은 비밀정원같은 분위기
식전빵부터. 맛난식사~~고고",5
정원레스토랑 어반가든,개별 공간도 있어서 대가족 식사하기에도 좋아요. 화장실도 별도로 있어서 깜놀한 것은 비밀,5
정원레스토랑 어반가든,주차를 해주셔서 편했구요~ 이름처럼 숲속에 온것같이 분위기도 좋아요. 음식도 맛있구요^^,5
정원레스토랑 어반가든,친구 청첩장 모임으로 갔는데 입구부터 분위기 뿜뿜 가게 내부도 너무 예뻤어요!!ㅋㅋㅋ 음식도 너무 맛있구 특히 스테이크 대박! 청첩장 모임이나  격식차리는 자리에 너무 좋을 것같아요,5
정원레스토랑 어반가든,"저녁 예약없이 왔는데 분위기 너무 좋고
음식이 정말 깔끔하고 맛있습니다.
처음 방문인데 분위기가 만족스러워서
다음에도 자주 올것 같아요^^",5
정원레스토랑 어반가든,너무 맛있네용! 추천합니다!,5
정원레스토랑 어반가든,"와이프생일이라 왔는데  분위기 너무 좋아요
와이프도 대만족 !!",5
정원레스토랑 어반가든,와&hellip; 너무 맛있고 직원분도 친절하신데요? 혹평이 몇개 있어서 겁먹고 갔는데 저는 대만족입니다. 패밀리레스토랑보다 분위기도 좋고 사람도 많지 않고 서비스도 좋고 맛도 최고예요! 특히 명란파스타 맛있구 함박스테이크는 같이 나온 쪼꾸만 토마토같은 거가 같이 먹으니까 진짜 맛잇어요ㅠㅠ 냉동 함박 아니구 찐 고기 뭉치고 바로 구운 함박!👍🏻,5
정원레스토랑 어반가든,예쁘기도 하고 맛도 좋아요,5
정원레스토랑 어반가든,양이 많고 맛도 좋아서 부모님 모시고 왔는데 너무 만족스럽습니다. 맛있다는 말을 연발하며 먹었어요!,5
정원레스토랑 어반가든,직장 근처라서 자주 올수 있을 것 같습니다,4
정원레스토랑 어반가든,"관자 알리오올리오파스타랑 랍스터 봉골레파스타 먹었는데 정말 맛있어요 !!!! 다음에 또 오고 싶네요 ㅎㅎ
그만큼의 가격을 하는 맛 👍",5
정원레스토랑 어반가든,음식전체적으로 다 신선하고 너무 맛있어요! 분위기도 너무 좋아요~~~ 가족들이랑 왔는데 친구들이랑 다음에 또 방문할게용~~!!,5
정원레스토랑 어반가든,"네식구 오랜만에. 외식 나왔습니다.
밖에서부터 너무예쁜 가든을고 꾸며져있어서
들어오는데 기분좋았구
음식은 정말양이 많아요^^;;
네식구 배부르게 먹고 갑니다~~^^",4
정원레스토랑 어반가든,"어반스테이크 커플세트 맛있게 잘먹었습니다!
분위기가 너무 좋아요!!",5
정원레스토랑 어반가든,오랜만에 분위기 있는 곳에서 식사했어요. 너무 맛있네요!,5
정원레스토랑 어반가든,"분위기도 맛도 만족합니다. 모임하기에도 데이트하기에도 좋을꺼같습니다.
재방문의사 있습니다. :D",5
정원레스토랑 어반가든,맛있슴다,5
정원레스토랑 어반가든,루꼴라 피자 맛집입니다! 분위기도 좋아요~,5
정원레스토랑 어반가든,"서대문역 5번 출구에서 5분 정도 걸어오면 있습니다.
분위기 정말 좋고 맛도 좋아요.
정원도 있고요.
적극 추천합니다.",5
정원레스토랑 어반가든,"남자친구와 기념일에 방문 했습니다. 정원석에 앉아 분위기도 너무 좋고 음식 맛도 너무 좋았어요
주차장도 있어 주차 하기 너무 편했네요 
다음 기념일 혹은 친구들이랑 함께 올께요~",5
정원레스토랑 어반가든,"결혼10주년 기념으로 방문했어요~
분위기도 너무 좋고~ 이런곳을 데리고와준 랑구가 멋져보이기까지한곳!ㅋㅋ
스테이크도 부드럽고 담백했구요~
직원들도 너무 친절하셔서 기분 업!
행복한 시간보낼수있었어요^^",5
정원레스토랑 어반가든,"분위기 너무 좋고 중요한 모임있을때 방문했는데
테이블 세팅부터 고급스럽더라구여!
정말 이름처럼 정원에서 즐기는 파티같은 느낌이에요 ㅎㅎ",5
정원레스토랑 어반가든,지인이 맛있다고해서 방문했는데 분위기도 너무 좋고 주차하기도 편했어요^^ 매장이 깔끔하고 직원분들이 친절하셔서 먹는내내 기분 좋았습니다~ 식전빵도 맛있고 파스타도 너무 맛있었어요^^ 다음에는 더 맛있는 메뉴 먹어보려구요 ㅎㅎ,5
정원레스토랑 어반가든,"&lt;다른 사람들 리뷰 캡쳐했어요 읽어보세여&gt;
* 공익 목적을 위한 글* 
맛없는데 불친절하고 서비스도 엉망이었다고 글 남겼는데 삭제하셨네요.. 별5점이 진짜 이용한사람의 리뷰일까요?💟

✅1인당 12만원 코스요리 &gt;상응하지않는 음식 수준과 플레이팅/ 고기 질이 떨어짐 + 싸구려 디저트. 음식 너무 맛없음.. 퀄이 너무떨어짐 ㅠ

✅자리 선택 잘못하면 화장실 찌른내남.

✅분위기&gt; 시장통. 허리 아픈 저렴한 나무의자. 테이블 엄청 작음 스타벅스 커피 테이블 크기. 좌석이 다닥다닥 붙어앉아있어서 옆테이블과 얘기 공유됨

✅남 매니저/여 사장&gt;예약했음에도 이유없이 대기시키고 매니저는 면전에서⚡️ 몇번이나 대꾸를 안함, 안들리는 줄..20만원넘는 식사를 하고도 주차시간 제대로 안넣어줘서 주차비 부과됨. 주차장도 엄청 멀고,,당연히 매니저는 인사도 안함.
뭘 물어도 대꾸를 안함. 투명인간된 기분느낄 수 있음. 아주 불쾌한 경험이었음

✅직원들&gt; 테이블번호 못외워서 다른 테이블 메뉴 계속 잘못갖다줌. 코스 요리 속도 못 맞춤. 옆테이블 사람들은 마지막 디쉬만 20분기다리다가 결국 못먹고 간다는데 그 어느 누구도 사과도 안함. 

레스토랑이라는 이름도 아깝다..",1
정원레스토랑 어반가든,저녁식사 맛있게 하고 갑니다. 정동길에 있어서 분위기가 정말 좋네요! 음식도 맛있었습니다. 다음에 또 방문하고 싶네요.,5
중앙식당,"갈치조림 최고!, 뼈가 많음갈치조림",5
중앙식당,"순전히 평점이 높아서 간 곳입니다,
갈치조림 9,000원에 갈치 크지않은것 두조각 있고 무큰것 두조각 있습니다. 간신히 끼니 때울 정도.. 별도로 나오는 작은 갈치는 좀 딱딱한 갈치였습니다. 실망은 포장을 해와서 더합니다. 3인분 포장에 갈치는 거기서 먹는것 보다 더 못한듯 하고 같이 주는 김은 더 어이없는게 큰김을 그냥 접어서만 줍니다. 허탈한 느낌을 지울수 없었습니다.  직접 식당에서 먹는건 그래도 그런데로 계란찜이 있어 괜찮았습니다.",2
중앙식당,"맛있다고 유명해서 갔어요.
그런데 얼마나 더러운지, 바닥 벽면 의자 식탁 플라스틱 물병 겉면까지 때껴서 미끈 끈지덕하더라고요.
갈치조림은....네.......아가미 안쪽에 기생충 두마리가 돌돌 말려 죽어있는거 보고 숟가락 놨습니다.
자연산은 기생충 나온다고 하긴 하던데 발견된 위치가 너무.... 씻으면서 한번 들춰보기만 해도 발견될 자리였어요.
갈치 엄청 좋아하는데 여기 갔다오고 끊었습니다.",1
중앙식당,"십 수년전애 갔다가... 
인터넷에 친절하고 양도 맛도 변했다고 해서
혹시나 해서 갔었는데 역시나.. 기분이 좀 상해서 나왔네요.
일단 맛은 그냥저냥합니다. 특별하지 않아요.
갈치가 수입 냉동인 건 당연합니다만, 그렇게 질 좋은 원양어선 갈치가 아닙니다.
저만 그런줄 알았는데, 옆 테이블에서도 불평의 소리가 들립니다.
양.. 상당히 부족합니다. 2인분이 실제 혼자 먹을 정도라고 생각합니다.
성인 남자라면 혼자서도 2인 갈치조림+계란찜해야 딱 맞을 정도니까요.
맛, 가격, 양, 주인의 친절도와 식당 내부의 청결 상태는 결코 다시 가고픈 생각이 안 드네요.
하..",1
중앙식당,"여기 악글 후기 다신분들은 재벌집 분들인가 봅니다. 재벌집분이시면 스테이크나 썰러가시지 이런 맛집에 악글 후기 달지 마세요.
이 식당 서울 갈치조림 맛집입니다.
특히 계란찜이 너무 부드럽고 맛있어요.
갈치튀김도 맛있고 가격도 만원이면 적당해요. 진짜진짜 추천하는 맛집입니다. 2인 가시는분은 모듬생선구이와 갈치조림 시키시면 맛있어요.",5
중앙식당,제가 뽑은 남대문 갈치조림 3대 맛집,5
중앙식당,백신 미접종자 1인손님은 식사불가라고 합니다,3
중앙식당,살없는 갈치조림은 거기서 거기지만 짭쪼름한 무조림은 굿 !!!,3
중앙식당,"맛있어요.
조림, 청국장, 구이 다 좋았습니다.
단점은 화장실이 조금 멀어요. 하지만 깨끗합니다.",5
중앙식당,"위생은 좀 걱정될 수 있겠지만 맛있는 갈치조림이 먹고싶다면..
혼밥도 오케이",4
중앙식당,솔직히 갈치조림이나 밑반찬이 많이 짜긴 하나.. 이 가성비면 매우 만족스러움ㅋㅋ 먹고나서 물이 많이 먹히긴 한데 먹을땐 참 맛있게 잘 먹었다ㅎㅎ 밥도둑임,4
중앙식당,"혼밥으로 갈치조림 먹기 굿~♡
무우조림이 예술",4
중앙식당,"갈치조림 12000원 
양념맛은 짭조롬하니 맛있으나 갈치보다는 무만 잔뜩있음.
계란찜 반찬등 맛은 있는데  조림에 무는 꺼먹한게 오래된거같음.. 
물병에 때와 책상 진뜩거리고 위생이 심각해보였음.
이 가격에는 재방문의사 없음",2
중앙식당,갈치조림 너무 맛있어요.,5
중앙식당,"페트병 재활용해서 쓰면 각종세균이 번식하는데 아직도 이렇게 사용하는 식당이 있네요
물병 웬만해서는 주류 회사에서 그냥 나올텐데..
아니면 그거 얼마나 한다고 이렇게 하시는지 모르겠네요",1
중앙식당,"갈치조림 최고!, 뼈가 많음갈치조림",5
중앙식당,절 대 갈 치 조 림 먹 어,5
중앙식당,난 별로... 양은냄비에 갈치들이 안 통통함ㅜ,2
중앙식당,"여기가 왜 3.9지??? 무조건 5!!
갈치정식 먹음.
갈치조림 토막은 중간부분만 쓰고, 꼬랑지는 튀겨서 반찬으로 제공. 계란찜도 끼워줘서 약간 매삭한 갈치조림에 금상첨화!!!
밥은 리필된다!!!!
내가 앵간해서 5점 안주는데 여긴 5점이다.
마산사람이 서울와서 마산수협갈치 먹음.ㅋㅋㅋㅋ갈치조림",5
중앙식당,골목의 다른집보다 생선두툼하고 양념좋고 무우도 넉넉해요. 담에는 구이류도 먹어봐야겠어요. 그러나 같이나오는 갈치튀김은 심했어요. 하루먼저 해놓은듯.,3
중앙식당,갈치조림 청국장 조합 최고 계란찜은 덤~,4
중앙식당,줄서서 먹는집 회전이 빠르고 좌석이 많아서 오래 기다리진 않았네요 맛은 평타는 하는것 같아요^^,4
중앙식당,"갈치조림 생선구이 하나씩 시켜먹었는데
 맛있네요",5
중앙식당,"제일 유명한 식당인 만큼 웨이팅이 있음
갈치조림은 다른곳과 달리 칼칼하고 끝
어중간한 단맛이 없어 끝도없이 삽입가능
생선구이는 그럭저럭이다 계란찜도 살짝 심심",4
중앙식당,푸짐하게 나오고 음식은 깔끔함,4
중앙식당,"남대문 중앙갈치
줄선댜고 해서 11시30분에 갔어요~ 굿굿!
제주도 보다 맛남^^",4
중앙식당,북적거리는 시장에 있는 식당느낌이 물씬 나는 곳이에요. 가격이 저렴해서 다른 단점들 다 잡고갑니다. 맛도 물론 기대이상,4
중앙식당,갈치요리 인생맛집,5
중앙식당,갈치에 국물이 잘 베어있고 국물이 너무 맛있어요 또 갈꺼예요!! 맛집인정,5
중앙식당,최고,5
중앙식당,갈치골목 한국 최고의 맛집,5
중앙식당,"직원분들 다 친절함
좋아하는 진한 맛의 조림맛이 아니라
좀 가볍고 달달한 맛이라 이게 좀 아쉬웠음
달걀찜은 부드럽진않고 투박한 맛",3
중앙식당,"남대문시장 오면 갈치조림 먹으러 꼭 들리는 곳
맛있어요~",5
중앙식당,"시장안에 낡고 좁고 허름한 식당이지만
맛을 보면 다시 찾게 되는 묘한 매력의 갈치조림",4
중앙식당,"여러분 여깁니다...가세요.
갈치조림 양념이 맛있고 살이 진짜 부드러워요. 최고!
재방문의사 백프로",5
중앙식당,"갈치조림은 푹 조려진 무가 일품이고,
삼치구이는 양이 너무 많아서 다 못먹었어요 ㅋ
가격대비 아주 좋아요 ^^",4
중앙식당,재래시장은 싸야한다는 생각이면 다소 비싼 가격일수도 있지만 정말 너무 맛있어서 용서가 됨. 보통 저 공기밥 반정도 밖에 못먹는데 정말 모든반찬까지 억지로 다먹었음! 또가고 싶당~,4
중앙식당,넘 맛있네요.  역시 줄서는집이구나,5
중앙식당,가격대비 만족!,5
중앙식당,갈치조림 왜이렇게 맛있어요!??,5
중앙식당,갈치조림,5
중앙식당,"남대문 갈치 골목의 최고 인기집 

호불호가 있을수 있지만 갈치조림 양념이 갈치랑 너무 잘 어울림.  바닥에 깔린 무 조차도 단맛으로 양념이랑 잘 어울림 

모듬 생선 구이도 적당하게 구워져 있어 식당의 내공이 느껴짐.  

갈치조림 양념 하나만으로도 이 가격의 값어치를 할만한 집 

이 가격에 이런 맛을 느낄수 있다면 충분히 감사한 집 

주인장이 점점 나이가 들어가서 걷는게 불편해 보여 건강에 좀 더 신경쓰시길&hellip;..",5
중앙식당,"적절한 그맛 남대문 갈치조림 
다 비슷한거 같은데....",3
중앙식당,"값이 많이 올랐어요 ㅠㅠ 갈치조림 14000원보고 심장떨려서 못 사먹고 자반구이 시킴요 ㅜㅜ
조림이 먹고싶었는데 가격 진짜 에바자나여
위생은 기대할 수 없는 곳.. 우선 축축한 골목이기 때문임다 😭",4
중앙식당,"무도 잘익고 맛있었습니다. 1인분 조림은 확실히 갈치 토막 양이 아쉽더라구요. 간이 쎈편.

마른김과 참깨 뿌린 간장이 나오고, 조림과 구이 1인분씩 주문 가능. 밥 포함 가격인데 부족하면 더 달라고 하는 분위기.
신발신고 들어가는 2층에 계시던 분도 무척 친절하셨음.
재방문 의사 있으나 어딘가 바닥이 항상 물이 새고 있음😂 2층엔 일어날 때 보니 정수기 물빠지는 곳 물이 넘쳐서 바닥을 적시고 있었음.",5
중앙식당,"남대문 갈치 조림 골목에, 갈치 조림 식당들이 많이 있는데, 사람들이 제일 길게 줄 서있는 곳 중 하나 입니다. 1년만에 재방문 하였어요.

&quot;갈치조림&quot;이, 예전에는 국물이 얼큰,시원하니 맛은 좋았지만, 갈치 조림 특유의 맛의 매력은 덜 느껴져 아쉬웠는데, 이번에는, 한 층 깊어진 국물과 칼칼한 뒷맛이 아주 좋았습니다.갈치 조림 아래에 무우가 많이 깔려 있는데, (비율로 갈치와 무우가 반반 됩니다.) 무우 역시 맛이 잘 배여서 밥과 같이 먹기 좋아요. 4.5점

밑반찬으로 갈치 튀김이 나오는데, 예전엔 고소 짭짤하니 맛있었지만, 지금은 튀김인지 모를 정도로 눅진해서 한 입 먹다 말았습니다.

가격은 1년 사이 2천원이 인상 되었지만, 맛은 업그레이드 되었기에, 만족스런 한 끼가 될 수 있었습니다. (고물가에, 맛이 떨어진 맛집들이 많이 있는데, 가격을 조금 올리더라도 퀄리티를 유지하는 것이 개인적으로 나은 듯 싶어요)",4
중앙식당,"바로 옆 희락갈치와 비교시 장단점 
단점 1. 줄이 김  그런데 줄 서있으니 얼떨결에 줄서는 사람이 60%로 줄서니 계속 줄을 서는 효과
단점 2. 식은 음식이 나옴
 자리에 앉으면 식사 바로 나옴  손님이 많으니 일단 계속 조리하고 앉으면 바로 줌  그래서 미리 조리한 음식이 나옴
갈치구이는 식어서 안바삭

장점 : 계란찜이 더 맛있음

결론 : 굳이 줄서서 먹을 이유 없음
옆집 희락갈치로 가면 주문후 조리해서 더 따뜻한 음식 먹을 수 있음   솔직히 맛은 다 거기서 거기임",2
중앙식당,"아무것도 모르고 골목 들어가서 바로 있길래 그냥 들어갔는데 손님들이 죄다 40 50대 아저씨들이라서 신뢰도 급상급했고 그때서야 유명한 집인거 알았음
실제로 맛도 좋았음ㅋㅋ",5
중앙식당,"갈치조림1인분,생선구이모듬1인분 이에요
주말 낮12시 10분정도 웨이팅 했어요
갈치조림 양념 정말 짜지도 않고 딱 맛있어요
계란찜도 푸짐하고 김도 맛나네요.......
따봉입니다!",5
중앙식당,"십년만에 재방문.
갈치를 먹는다기 보다는 그냥 맵달짠 양념 먹는 느낌. 14,000원 가격을 생각하면 참고 먹을 수 있는 수준.
좋은 갈치를 먹고 싶다면 돈 더주고 전문점으로 가는 것을 추천.",3
중앙식당,"원래 갈치골목에서 중앙과 희*이 투탑이었는데,  희*이 예전같지 않으면서...ㅠㅠ 하지만 중앙식당은 여전히 맛있습니다.

갈치조림 국물이 (골목 다른 집에비해) 좀 더 칼칼한 편이고, 쌀밥이 고슬고슬하게 맛있습니다.  

다만 밑반찬은 조~금 아쉽...",5
중앙식당,"맛있다고해서가보니..안자마자,식탁을빡빡닦아야됌.붉은물이묻어나고.물은피티병에,수돗물인지,알수없고.음식은 다~~짜고.고기는14000원에비해..적은느낌.식당은깨끗하지않고.광고사진이.보임.블로그도많은걸보니.장사속이라는걸...도배좀...",1
중앙식당,튀김은 차갑게 나오고 조림도 쏘쏘한데 계란찜이 엄청 맛잇어요,5
중앙식당,체계화된 시스템.. 남대문시장 갈 일 있으면 또 갈듯함..,3
중앙식당,튀김은 차갑게 나오고 조림도 쏘쏘한데 계란찜이 엄청 맛잇어요,5
중앙식당,체계화된 시스템.. 남대문시장 갈 일 있으면 또 갈듯함..,3
중앙식당,"페트병 재활용해서 쓰면 각종세균이 번식하는데 아직도 이렇게 사용하는 식당이 있네요
물병 웬만해서는 주류 회사에서 그냥 나올텐데..
아니면 그거 얼마나 한다고 이렇게 하시는지 모르겠네요",1
중앙식당,골목길의 갈치조림. 기본적인 맛있는 갈치조림입니다. 서비스인 계란찜도 좋았습니다. 간이 세지는 않아서 부담없었어요.,4
중앙식당,고등어조림은 비리고 김치가 더 많은데 노맛. 갈치조림은 우리집에서 해먹는게 더 맛있음. 청결은별로...;; 재방문의사:❌,3
중앙식당,"남대문,, 생선 남바완,, 갈치조림에,,
구이 추천,, 계란찜은 사-비스,,,

행복은,,, 어디에나 있는 것,,, ^^
@azossii",5
중앙식당,"사람많은데는 이유가있음
안열어서 다른데 갔다가 다시는 이집만 찾겠다고 다짐

종종..혹은거의..  밑바닥이 타서 나오지만 그것도 매력이라고 생각하고 맛있게 먹음
계란찜도 맛있음
구이, 조림의 간은 좀 센편",4
중앙식당,여기 메뉴 다 맛남,5
중앙식당,"이런데서 청결은 사실.. 그냥 맛으로 먹는거죠
제주도 살다 온 남친이 양념 기가맥히다 했어요 
줄 서잇다고 다른데 가지마세요 빠른 회전율로 20-30분 안에 바로 식사 가능해요

전에 사람 웨이팅 한거 보고 다른데 갓다가 
서비스로 나온 생선구이에서 썩은내 난 후로는
걍 웨이팅 해여",4
중앙식당,맛도 괜찮고 양도 충분해요 엄청 바쁘신데도 다들 잘 응대해주시구요,5
중앙식당,"고등어김치찜이 너무 먹고싶었는데 맛집이라해서 다녀왔어용
약간 짜긴 한데 그래서 밥도둑 꿀맛
주변 시장이 다 닫았는데도 늦게까지 해서 좋았어요
다음엔 갈치도 먹어보려고요
그리고 계란찜이 미쳤어요",5
중앙식당,"위생빼고 다좋아요
밥 한그릇 뚝딱",4
중앙식당,갈치 조림 진짜 넘 맛있어... 미쳤다리ㅠㅠ,4
중앙식당,"갈치조림 여기로 정착, 최소 밥 2공기, 테이블 청결 때문에 별 하나 삭제하지만 시장에 있는 맛집에 청결을 따지는 건 의미가 없어보인다",4
중앙식당,"식성이 다 다른 4인가족이 좋아하는곳~
공장 같아서 불친절하게 느끼서서 평점이 낮은
자기 먹을거만 먹고 나오면 가성비 좋음
시장에서 친절하면 좋지만 바라지 않음.
두명이서 갈치조림,삼치구이,청국장이면 푸짐하게
먹어요.",5
중앙식당,맛이 너무 없었어요&hellip; 갈치고등어는 잘 안익어서 피가 묻은것 같아보였고..,1
중앙식당,갈치조림 맛있다&hellip;,4
중앙식당,"갈치조림 감칠맛 굳!! 일행은 약간 짜고 조미료맛이난다는 평도있었음. 반찬의 퀄리티가 좋고 계란찜 진짜맛있음!
생선구이는 1인분 시킬수있다는게 가장큰장점!!! 완전추천👍🏻",4
중앙식당,탄 걸 줘서 문의드리니까 그냥 먹으라고 하시네요. 냄비 안쪽 다 태운 거 드시고 싶으면 다녀오세요 ~! #내돈내산,1
중앙식당,칼칼한 국물 맛이 좋았고 비린내가 없는 훌륭한 조림,5
중앙식당,갈치조림 대존맛!!!!,5
중앙식당,"제일 유명하것 같아서 일부러 검색후 찾아갔는데
동네 생선구이 보다 못구웠네요
조기는 덜, 가자미는 바싹, 갈치는 너무 튀겨서 시커매요
뒤에 안경쓴 할머니는 이걸 먹으라고 준거냐고 바꿔오라고 갈치접시 던지니 바꿔주던데 우리테이블로 온거같네요

밑에 후기보면 갈치조림 대존맛이라고 썼던데
쳐맞아야 겠네요..",2
중앙식당,"줄서서 먹을정도도 아니고
재방문 의사 없음 ㅋㅋ",2
중앙식당,아주 맛있게 잘 먹고왔습니다,5
중앙식당,남대문 시장 갈치골목 갈치조림 추천,3
중앙식당,가성비 좋아요!! ㅎㅎ 조림 양념이 자극적이긴 한데 넘나 맛있써요..계란찜두 짱맛이에여ㅜㅜㅠ 게다가 친절하셔용,4
중앙식당,"남대문시장 갈치 골목길ᆢ
시장 상인들이 즐겨 찾는 원조 갈치 조림집",4
중앙식당,"여러분 여깁니다...가세요.
갈치조림 양념이 맛있고 살이 진짜 부드러워요. 최고!
재방문의사 백프로",5
중앙식당,"시장안에 낡고 좁고 허름한 식당이지만
맛을 보면 다시 찾게 되는 묘한 매력의 갈치조림",4
중앙식당,"남대문시장 오면 갈치조림 먹으러 꼭 들리는 곳
맛있어요~",5
중앙식당,"직원분들 다 친절함
좋아하는 진한 맛의 조림맛이 아니라
좀 가볍고 달달한 맛이라 이게 좀 아쉬웠음
달걀찜은 부드럽진않고 투박한 맛",3
중앙식당,갈치골목 한국 최고의 맛집,5
중앙식당,넘 맛있네요.  역시 줄서는집이구나,5
중앙식당,최고,5
중앙식당,"갈치조림은 푹 조려진 무가 일품이고,
삼치구이는 양이 너무 많아서 다 못먹었어요 ㅋ
가격대비 아주 좋아요 ^^",4
중앙식당,갈치요리 인생맛집,5
중앙식당,"남대문 중앙갈치
줄선댜고 해서 11시30분에 갔어요~ 굿굿!
제주도 보다 맛남^^",4
중앙식당,푸짐하게 나오고 음식은 깔끔함,4
중앙식당,"제일 유명한 식당인 만큼 웨이팅이 있음
갈치조림은 다른곳과 달리 칼칼하고 끝
어중간한 단맛이 없어 끝도없이 삽입가능
생선구이는 그럭저럭이다 계란찜도 살짝 심심",4
중앙식당,"갈치조림 생선구이 하나씩 시켜먹었는데
 맛있네요",5
중앙식당,줄서서 먹는집 회전이 빠르고 좌석이 많아서 오래 기다리진 않았네요 맛은 평타는 하는것 같아요^^,4
중앙식당,가격대비 만족!,5
중앙식당,남대문 시장 갈치골목 갈치조림 추천,3
중앙식당,북적거리는 시장에 있는 식당느낌이 물씬 나는 곳이에요. 가격이 저렴해서 다른 단점들 다 잡고갑니다. 맛도 물론 기대이상,4
중앙식당,"가격대비 푸짐.
갈치조림, 모듬구이 total 16,000원
계란찜도 준다.",3
중앙식당,재래시장은 싸야한다는 생각이면 다소 비싼 가격일수도 있지만 정말 너무 맛있어서 용서가 됨. 보통 저 공기밥 반정도 밖에 못먹는데 정말 모든반찬까지 억지로 다먹었음! 또가고 싶당~,4
중앙식당,갈치에 국물이 잘 베어있고 국물이 너무 맛있어요 또 갈꺼예요!! 맛집인정,5
중앙식당,갈치조림 너무 맛있어요.,5
중앙식당,"갈치조림 12000원 
양념맛은 짭조롬하니 맛있으나 갈치보다는 무만 잔뜩있음.
계란찜 반찬등 맛은 있는데  조림에 무는 꺼먹한게 오래된거같음.. 
물병에 때와 책상 진뜩거리고 위생이 심각해보였음.
이 가격에는 재방문의사 없음",2
중앙식당,"혼밥으로 갈치조림 먹기 굿~♡
무우조림이 예술",4
중앙식당,솔직히 갈치조림이나 밑반찬이 많이 짜긴 하나.. 이 가성비면 매우 만족스러움ㅋㅋ 먹고나서 물이 많이 먹히긴 한데 먹을땐 참 맛있게 잘 먹었다ㅎㅎ 밥도둑임,4
중앙식당,난 별로... 양은냄비에 갈치들이 안 통통함ㅜ,2
중앙식당,"위생은 좀 걱정될 수 있겠지만 맛있는 갈치조림이 먹고싶다면..
혼밥도 오케이",4
중앙식당,살없는 갈치조림은 거기서 거기지만 짭쪼름한 무조림은 굿 !!!,3
중앙식당,"가격대비 푸짐.
갈치조림, 모듬구이 total 16,000원
계란찜도 준다.",3
중앙식당,백신 미접종자 1인손님은 식사불가라고 합니다,3
중앙식당,"여기 악글 후기 다신분들은 재벌집 분들인가 봅니다. 재벌집분이시면 스테이크나 썰러가시지 이런 맛집에 악글 후기 달지 마세요.
이 식당 서울 갈치조림 맛집입니다.
특히 계란찜이 너무 부드럽고 맛있어요.
갈치튀김도 맛있고 가격도 만원이면 적당해요. 진짜진짜 추천하는 맛집입니다. 2인 가시는분은 모듬생선구이와 갈치조림 시키시면 맛있어요.",5
중앙식당,"십 수년전애 갔다가... 
인터넷에 친절하고 양도 맛도 변했다고 해서
혹시나 해서 갔었는데 역시나.. 기분이 좀 상해서 나왔네요.
일단 맛은 그냥저냥합니다. 특별하지 않아요.
갈치가 수입 냉동인 건 당연합니다만, 그렇게 질 좋은 원양어선 갈치가 아닙니다.
저만 그런줄 알았는데, 옆 테이블에서도 불평의 소리가 들립니다.
양.. 상당히 부족합니다. 2인분이 실제 혼자 먹을 정도라고 생각합니다.
성인 남자라면 혼자서도 2인 갈치조림+계란찜해야 딱 맞을 정도니까요.
맛, 가격, 양, 주인의 친절도와 식당 내부의 청결 상태는 결코 다시 가고픈 생각이 안 드네요.
하..",1
중앙식당,"맛있다고 유명해서 갔어요.
그런데 얼마나 더러운지, 바닥 벽면 의자 식탁 플라스틱 물병 겉면까지 때껴서 미끈 끈지덕하더라고요.
갈치조림은....네.......아가미 안쪽에 기생충 두마리가 돌돌 말려 죽어있는거 보고 숟가락 놨습니다.
자연산은 기생충 나온다고 하긴 하던데 발견된 위치가 너무.... 씻으면서 한번 들춰보기만 해도 발견될 자리였어요.
갈치 엄청 좋아하는데 여기 갔다오고 끊었습니다.",1
중앙식당,"순전히 평점이 높아서 간 곳입니다,
갈치조림 9,000원에 갈치 크지않은것 두조각 있고 무큰것 두조각 있습니다. 간신히 끼니 때울 정도.. 별도로 나오는 작은 갈치는 좀 딱딱한 갈치였습니다. 실망은 포장을 해와서 더합니다. 3인분 포장에 갈치는 거기서 먹는것 보다 더 못한듯 하고 같이 주는 김은 더 어이없는게 큰김을 그냥 접어서만 줍니다. 허탈한 느낌을 지울수 없었습니다.  직접 식당에서 먹는건 그래도 그런데로 계란찜이 있어 괜찮았습니다.",2
중앙식당,"맛있어요.
조림, 청국장, 구이 다 좋았습니다.
단점은 화장실이 조금 멀어요. 하지만 깨끗합니다.",5
중앙식당,가성비 좋아요!! ㅎㅎ 조림 양념이 자극적이긴 한데 넘나 맛있써요..계란찜두 짱맛이에여ㅜㅜㅠ 게다가 친절하셔용,4
중앙식당,골목의 다른집보다 생선두툼하고 양념좋고 무우도 넉넉해요. 담에는 구이류도 먹어봐야겠어요. 그러나 같이나오는 갈치튀김은 심했어요. 하루먼저 해놓은듯.,3
중앙식당,제가 뽑은 남대문 갈치조림 3대 맛집,5
중앙식당,"남대문시장 갈치 골목길ᆢ
시장 상인들이 즐겨 찾는 원조 갈치 조림집",4
중앙식당,갈치조림 청국장 조합 최고 계란찜은 덤~,4
중앙식당,절 대 갈 치 조 림 먹 어,5
중앙식당,"사람많은데는 이유가있음
안열어서 다른데 갔다가 다시는 이집만 찾겠다고 다짐

종종..혹은거의..  밑바닥이 타서 나오지만 그것도 매력이라고 생각하고 맛있게 먹음
계란찜도 맛있음
구이, 조림의 간은 좀 센편",4
중앙식당,"식성이 다 다른 4인가족이 좋아하는곳~
공장 같아서 불친절하게 느끼서서 평점이 낮은
자기 먹을거만 먹고 나오면 가성비 좋음
시장에서 친절하면 좋지만 바라지 않음.
두명이서 갈치조림,삼치구이,청국장이면 푸짐하게
먹어요.",5
중앙식당,"남대문,, 생선 남바완,, 갈치조림에,,
구이 추천,, 계란찜은 사-비스,,,

행복은,,, 어디에나 있는 것,,, ^^
@azossii",5
중앙식당,"갈치조림1인분,생선구이모듬1인분 이에요
주말 낮12시 10분정도 웨이팅 했어요
갈치조림 양념 정말 짜지도 않고 딱 맛있어요
계란찜도 푸짐하고 김도 맛나네요.......
따봉입니다!",5
중앙식당,"남대문 갈치 골목의 최고 인기집 

호불호가 있을수 있지만 갈치조림 양념이 갈치랑 너무 잘 어울림.  바닥에 깔린 무 조차도 단맛으로 양념이랑 잘 어울림 

모듬 생선 구이도 적당하게 구워져 있어 식당의 내공이 느껴짐.  

갈치조림 양념 하나만으로도 이 가격의 값어치를 할만한 집 

이 가격에 이런 맛을 느낄수 있다면 충분히 감사한 집 

주인장이 점점 나이가 들어가서 걷는게 불편해 보여 건강에 좀 더 신경쓰시길&hellip;..",5
중앙식당,"적절한 그맛 남대문 갈치조림 
다 비슷한거 같은데....",3
중앙식당,"값이 많이 올랐어요 ㅠㅠ 갈치조림 14000원보고 심장떨려서 못 사먹고 자반구이 시킴요 ㅜㅜ
조림이 먹고싶었는데 가격 진짜 에바자나여
위생은 기대할 수 없는 곳.. 우선 축축한 골목이기 때문임다 😭",4
중앙식당,"줄서서 먹을정도도 아니고
재방문 의사 없음 ㅋㅋ",2
중앙식당,"남대문 갈치 조림 골목에, 갈치 조림 식당들이 많이 있는데, 사람들이 제일 길게 줄 서있는 곳 중 하나 입니다. 1년만에 재방문 하였어요.

&quot;갈치조림&quot;이, 예전에는 국물이 얼큰,시원하니 맛은 좋았지만, 갈치 조림 특유의 맛의 매력은 덜 느껴져 아쉬웠는데, 이번에는, 한 층 깊어진 국물과 칼칼한 뒷맛이 아주 좋았습니다.갈치 조림 아래에 무우가 많이 깔려 있는데, (비율로 갈치와 무우가 반반 됩니다.) 무우 역시 맛이 잘 배여서 밥과 같이 먹기 좋아요. 4.5점

밑반찬으로 갈치 튀김이 나오는데, 예전엔 고소 짭짤하니 맛있었지만, 지금은 튀김인지 모를 정도로 눅진해서 한 입 먹다 말았습니다.

가격은 1년 사이 2천원이 인상 되었지만, 맛은 업그레이드 되었기에, 만족스런 한 끼가 될 수 있었습니다. (고물가에, 맛이 떨어진 맛집들이 많이 있는데, 가격을 조금 올리더라도 퀄리티를 유지하는 것이 개인적으로 나은 듯 싶어요)",4
중앙식당,"아무것도 모르고 골목 들어가서 바로 있길래 그냥 들어갔는데 손님들이 죄다 40 50대 아저씨들이라서 신뢰도 급상급했고 그때서야 유명한 집인거 알았음
실제로 맛도 좋았음ㅋㅋ",5
중앙식당,"십년만에 재방문.
갈치를 먹는다기 보다는 그냥 맵달짠 양념 먹는 느낌. 14,000원 가격을 생각하면 참고 먹을 수 있는 수준.
좋은 갈치를 먹고 싶다면 돈 더주고 전문점으로 가는 것을 추천.",3
중앙식당,골목길의 갈치조림. 기본적인 맛있는 갈치조림입니다. 서비스인 계란찜도 좋았습니다. 간이 세지는 않아서 부담없었어요.,4
중앙식당,"원래 갈치골목에서 중앙과 희*이 투탑이었는데,  희*이 예전같지 않으면서...ㅠㅠ 하지만 중앙식당은 여전히 맛있습니다.

갈치조림 국물이 (골목 다른 집에비해) 좀 더 칼칼한 편이고, 쌀밥이 고슬고슬하게 맛있습니다.  

다만 밑반찬은 조~금 아쉽...",5
중앙식당,"맛있다고해서가보니..안자마자,식탁을빡빡닦아야됌.붉은물이묻어나고.물은피티병에,수돗물인지,알수없고.음식은 다~~짜고.고기는14000원에비해..적은느낌.식당은깨끗하지않고.광고사진이.보임.블로그도많은걸보니.장사속이라는걸...도배좀...",1
중앙식당,been,2
중앙식당,been,2
중앙식당,"바로 옆 희락갈치와 비교시 장단점 
단점 1. 줄이 김  그런데 줄 서있으니 얼떨결에 줄서는 사람이 60%로 줄서니 계속 줄을 서는 효과
단점 2. 식은 음식이 나옴
 자리에 앉으면 식사 바로 나옴  손님이 많으니 일단 계속 조리하고 앉으면 바로 줌  그래서 미리 조리한 음식이 나옴
갈치구이는 식어서 안바삭

장점 : 계란찜이 더 맛있음

결론 : 굳이 줄서서 먹을 이유 없음
옆집 희락갈치로 가면 주문후 조리해서 더 따뜻한 음식 먹을 수 있음   솔직히 맛은 다 거기서 거기임",2
중앙식당,"제일 유명하것 같아서 일부러 검색후 찾아갔는데
동네 생선구이 보다 못구웠네요
조기는 덜, 가자미는 바싹, 갈치는 너무 튀겨서 시커매요
뒤에 안경쓴 할머니는 이걸 먹으라고 준거냐고 바꿔오라고 갈치접시 던지니 바꿔주던데 우리테이블로 온거같네요

밑에 후기보면 갈치조림 대존맛이라고 썼던데
쳐맞아야 겠네요..",2
중앙식당,"무도 잘익고 맛있었습니다. 1인분 조림은 확실히 갈치 토막 양이 아쉽더라구요. 간이 쎈편.

마른김과 참깨 뿌린 간장이 나오고, 조림과 구이 1인분씩 주문 가능. 밥 포함 가격인데 부족하면 더 달라고 하는 분위기.
신발신고 들어가는 2층에 계시던 분도 무척 친절하셨음.
재방문 의사 있으나 어딘가 바닥이 항상 물이 새고 있음😂 2층엔 일어날 때 보니 정수기 물빠지는 곳 물이 넘쳐서 바닥을 적시고 있었음.",5
중앙식당,"이런데서 청결은 사실.. 그냥 맛으로 먹는거죠
제주도 살다 온 남친이 양념 기가맥히다 했어요 
줄 서잇다고 다른데 가지마세요 빠른 회전율로 20-30분 안에 바로 식사 가능해요

전에 사람 웨이팅 한거 보고 다른데 갓다가 
서비스로 나온 생선구이에서 썩은내 난 후로는
걍 웨이팅 해여",4
중앙식당,"여기가 왜 3.9지??? 무조건 5!!
갈치정식 먹음.
갈치조림 토막은 중간부분만 쓰고, 꼬랑지는 튀겨서 반찬으로 제공. 계란찜도 끼워줘서 약간 매삭한 갈치조림에 금상첨화!!!
밥은 리필된다!!!!
내가 앵간해서 5점 안주는데 여긴 5점이다.
마산사람이 서울와서 마산수협갈치 먹음.ㅋㅋㅋㅋ갈치조림",5
중앙식당,고등어조림은 비리고 김치가 더 많은데 노맛. 갈치조림은 우리집에서 해먹는게 더 맛있음. 청결은별로...;; 재방문의사:❌,3
중앙식당,갈치조림,5
중앙식당,여기 메뉴 다 맛남,5
중앙식당,맛도 괜찮고 양도 충분해요 엄청 바쁘신데도 다들 잘 응대해주시구요,5
중앙식당,"고등어김치찜이 너무 먹고싶었는데 맛집이라해서 다녀왔어용
약간 짜긴 한데 그래서 밥도둑 꿀맛
주변 시장이 다 닫았는데도 늦게까지 해서 좋았어요
다음엔 갈치도 먹어보려고요
그리고 계란찜이 미쳤어요",5
중앙식당,갈치조림 대존맛!!!!,5
중앙식당,"위생빼고 다좋아요
밥 한그릇 뚝딱",4
중앙식당,"갈치조림 여기로 정착, 최소 밥 2공기, 테이블 청결 때문에 별 하나 삭제하지만 시장에 있는 맛집에 청결을 따지는 건 의미가 없어보인다",4
중앙식당,맛이 너무 없었어요&hellip; 갈치고등어는 잘 안익어서 피가 묻은것 같아보였고..,1
중앙식당,아주 맛있게 잘 먹고왔습니다,5
중앙식당,갈치조림 맛있다&hellip;,4
중앙식당,"갈치조림 감칠맛 굳!! 일행은 약간 짜고 조미료맛이난다는 평도있었음. 반찬의 퀄리티가 좋고 계란찜 진짜맛있음!
생선구이는 1인분 시킬수있다는게 가장큰장점!!! 완전추천👍🏻",4
중앙식당,탄 걸 줘서 문의드리니까 그냥 먹으라고 하시네요. 냄비 안쪽 다 태운 거 드시고 싶으면 다녀오세요 ~! #내돈내산,1
중앙식당,칼칼한 국물 맛이 좋았고 비린내가 없는 훌륭한 조림,5
중앙식당,갈치 조림 진짜 넘 맛있어... 미쳤다리ㅠㅠ,4
중앙식당,갈치조림 왜이렇게 맛있어요!??,5
진주집,"시장 노포라고 갔더니만 8.5짜리 꼬리찜 전문이라고 주문강요. 둘이가면 17마넌짜리 디너인데..밑반찬이라곤 시장 갈치백반집 수준에 꼬리 두세개 들었음..분위기 좋은 레스토랑도 아닌데 납득안되는 가격
그리고, 24시간 간판은 의도적으로 안떼시는듯?
8시에 24시간 영업 간판보고 들어가서 주문했는데 먹는와중에 9시 마감이라고 계속 눈치준고 그럴거면 주문받기전에 안내를 하던가 8만5천원짜리 꼬리찜 먹는데 8시 반부터 눈치줌. 주문받을때 미리 고지를 하지 그랬냐고 하니, 능구렁이같이 문짝 종이쪼가리에 9시까지라고 써놨단다..
왜? 24시간 영업 빨간색 간판불은 버젓이 켜놓고? 옆테이블 외국인 손님도 개벙쪄서 다먹지도 못하고ㅈㅈ",1
진주집,연중무휴이고 약사님이 정말 친절하게 잘 설명해 주세요.,5
진주집,"예전 처음에 갔었던 좋은 기억을 잊게 해주는 점심 식사였네요.
꼬리토막은 맛있었다고 하나
설렁탕 고기는 힘줄이 대부분이라 ~~~.
제일 중요한 건 사장님 응대?
국수사리가 안들어 있어 달라 했더니
선뜻 주시더라구요.
아들이 더 먹고 싶어 하기에 더 달라 했더니
그만 드시라고 하면서 ~~~ 헐 어이가.
돈을 더 낼테니 주세오 하니
서빙 돕던 아주머니가 눈치보시다 몰래 국수사리를 주시네요.
그 좁은 식당에서~~~
평점이 생각보다 낮은 이유가 친절 때문인거 같네요.
음식은 평균 이상은 됩니다.",1
진주집,윤석열 대통령이 남대문시장와서 꼬리곰탕 드신 곳 3.14,5
진주집,"꼬리찜 주문했습니다. 양도많고 너무맛있었어요
대신 히터가없어서 너무추웠습니다 직원분들도 얇은패딩을 입고 서빙하시더군요 서비스는 최악입니다 지나가면서 소주를 떨어뜨려 깨졌는데 파편이 발에 다튀어서 따가웠어요 조심성부족하고 대충대충하려는 태도가 좋아보이지않았네요 국물은맑고 고기는부드럽고 맛있었어요 맛있게 잘먹고갑니다",4
진주집,노포 수육 꼬리,4
진주집,"여기 공기밥 양을 사람 차별해가면서 바뀝니다.
가게도 추운데 히터도 안틀어줘요",1
진주집,골목에 이런 곳이 있는줄 몰랐는데... 설렁탕이 깔끔해서 맛있었습니다. 수육도 크게 비리지 않았고요.,4
진주집,꼬리곰탕이 생각보다 푸짐하지 않아서 ㅠ 밑반찬은 맛났습니다!,4
진주집,"여의도 진주집은 칼국수,냉콩국수 갓뎀
비싸면서 비린네나고 너무 불친절

남대문시장 진주집슨 70년 전통탕 집 갓뎀
비싸고 소구릿내",1
진주집,"다시는 오고 싶지 않다 가성비 가심비 친절함 전부 아웃
별을 안 주고 싶은데 하나가 최소라. 
심지어 어디선가 담배냄새도 난다
사진속 메뉴는 내장곰탕 11000원
점심을 굶어 시장이 반찬.
김치맛도 별론데 그거라도 먹으려 더 달라하니 잘리지도 않는 김치?
맛이 덜든 깍두기
닭곰탕에 어울릴만한 부추마늘 소스만이 그나마 먹을만
밥도 상태가... 애매함
전체적으로 모두 별루. 불친절함은 무엇??
사장이 계산할 때 맛있게 먹었냐기에 당당하게 아니라고 하니
주메뉴가 아니란다. 맛만의 문제는 아닌거같은데 ??
70년 전통이.... 70년만 남은듯?",1
진주집,오오 내장곰탕...,5
진주집,서비스엉망,1
진주집,비추 대실망,1
진주집,"꼬리찜 8만냥. 맛 좋지만, 가성비와 지저분한 화장실 고려하면...비추요",3
진주집,"윤석열 대통령이 당선인 때
남대문시장 방문 시 식사한 노포
사진 속 2층에서 식사했다 함",4
진주집,맛 별로에요.. 맛집 전혀 아님. 재방문의사 없음.,1
진주집,대통령 픽,5
진주집,일반적으로,2
진주집,맛 있어요~~ 제가 가본 맛집 사장님들 중에서 제일 친절 ㅋ,5
진주집,정말로 너무 맛도없고 고기양도 적은그런집이네요 왜 유명한지 이해가 안가요  갈치조림이 영 아니어서 갔더니 대실망입니다  이제  남대문시장은 야채호떡이나 사먹고 식당은 안갑니다,1
진주집,"갈치 먹으러 왔다 정작 그 집은 닫혀 있고 마침 블루리본이나마 주렁주렁한 식당 있길래 약간의 기대감으로 먹어봤는데 맛은 쏘쏘함
그치만 두 번 오고 싶은 집은 절대 아님. 십수년째 블루리본 달았대도 한 번쯤 먹어보라 추천하기조차 고민될 지경
일단 가성비가 극악임. 밥공기를 다 채우지도 못한 밥, 크지 않은 뚝배기에 넉넉지 않은 양은 사장님의 인심으로 치부한들 다른 국밥집과 크게 다르지도 않은 맛이면서 이 정도 가격을 받는다? 메뉴를 막론하고 그돈씨 소리가 절로 나옴 ㅋㅋㅋ
오래된 식당 특유 아줌마들의 그 불친절한 접객 태도를 감안하면서까지 꼬리곰탕을 반드시 기어코 먹어야겠다면 차라리 좀 더 잘 차려진 곳에서 괜찮은 서비스 받으며 먹겠음
웬만해선 5점, 정말 불쾌한 곳이나 1점 주고 마는 편인 데다 블루리본도 절대적인 기준이 아니기에 애초에 기대를 크게 안 했다지만 여긴 이상하게 호평이 안 나오네..",3
진주집,"어쩌다보니 하루동안 대한옥이랑 진주집 두곳을 가서
꼬리곰탕/꼬리토막을 먹었는데
가격은 둘다 세지만 비교하면 진주집 훨훨 100% 더 나았음. 고기 냄새도 안나고 살코기도 많고 사장님도 엄청 친절했음
(블루리본13개)",5
진주집,성지 순례 왔습니다.,5
진주집,"가격은 비싸지만 꼬리곰탕의 고기 쫀득하니 뜯어먹는 즐거움이 있음 주신 소스에 찍어 먹으니 고기 더 먹고 싶어짐 ㅋ
소면도 추가하고 밥도 알차게 말아서 멋었습니다.",4
진주집,꼬리곰탕의 고기는 맛있었습니다만 전체적으로 양이 아쉬움 그리고 나잇대 있으신 손님분들이 많은데 너~~무 정신없고.. 직원 분들도 정신 없고 잘 깜빡하심 갑자기 밥그릇 뚜껑이 부족하셨는지 우리 뚜껑 가져가서 물로 쓱 씻고 새로운 밥그릇으로 사용함.. 국물에도 조그마한 이물질이.. 따흑,2
진주집,"가격 상관없이 무조건 인원 수대로 주문 필수, 안 그럼 눈치 줍니다. 폐 끼치는 거 싫어해서 1인분 덜 시키는 대신 일부러 좀 더 비싼 메뉴, 사이드, 주류 추가하는 편인데, 무조건 1인 1메뉴 아님 눈치 줌. 오랜만에 낮술 먹으러 들어갔다 술맛 다 떨어져서 맥주 한 병 먹고 그냥 나옴. 5명이 국밥 4그릇, 맥주 한 병 먹고 9.4만 원 나옴.",1
진주집,"그동안 알던 꼬리곰탕은 뭔가싶을정도의
꼬리토막 비쥬얼과 고기맛! 국산 깍두기가 진짜 맛났다",5
진주집,사장님이 맛있고 국밥이 친절해요,5
진주집,도가니탕 굿..,5
진주집,꼬리곰탕 진수 은호식당 별차이 없음,4
진주집,해장국은 추천안합니다,3
진주집,"대대대대대대존맛 토막으로 무조건 드세요 제발
싸고 맛없고 걍 그런거 보다 맛있는게 훨씬 좋음 비싸다고 별점 낫게 주지 마시길 ㅠㅠ",5
진주집,"내장곰탕 주문

다음반에 가격이 두배인 꼬리곰탕은 먹어볼테다.",4
진주집,"이곳의 꼬리찜은 충격적으로 정말 맛잇엇어요 
비싸서 고민하고 중요한 사람만 데려가야하지만 정말 서울 로컬 미슐랭의 진면모",4
진주집,꼬리토막(꼬리곰탕 특) 32000원... 고기 세 덩이 들어있고 밥은 반 공기 수준으로 적다... 밥이나 사리 꼭 추가해서 드시길...,2
진주집,"맛있는데 가격비쌈 정말정말 비쌈.
제일 비싼거 시켜야 맛있음",5
진주집,"여기 꼬리토막은 진짜 일품인데....
근데 너무 비싸..... 내돈주고먹긴 너무비싸요....
참 맛있는데.... 국밥에 삼만원은 으으음...",3
진주집,너무비싸요 ..,3
진주집,"설렁탕 특시켯는데 의아한 고기양
특이랑 일반이랑 무슨 차이냐고 물어보는데 직원이 모른다고 대답함
남자 여자 밥 양 다름
반공기나온거보고 한공기로 달라니까 반공기짜리 갖다준다음에 좀있다가 밥 더 주겠다고 2,3번 계속 얘기함. 괜찮다고 했는데도 계속 그러는거보니 양적다고 했다고 꼽주는 듯
다신 안가요",1
진주집,"꼬리토막 탕, 인당 3만1천원인데 고기가 조금 질겼어요.",2
진주집,"꼬리토막, 제 값을 합니다(사진은 이미 한토막 먹은후). 👍.",5
진주집,가격은 사악하지만 분위기와 맛으로 충분히 경쟁력 있는 곳,4
진주집,"그냥 꼬리토막에 소주면 끝장나는집
15년 단골.",5
진주집,진짜 맛있어요. 근데 무조건 꼬리토막 주문하시는걸 추천드립니다!! 토막은 꼬리의 두꺼운 부분이 탕에 들어있고 곰탕은 얇은 부분이 탕에 들어있는데 가격차이대비(5천원차이) 만족도가 너무 달라요! 곰탕은 국밥먹는데 살짝 건더기 있는수준이라 알고 주문하시는 단골분들은 모르겠지만 꼬리곰탕맛집으로 처음 방문하신분들은 살짝 서운하실수있어용ㅎㅎ 토막은 지이이이인짜 만족스럽게 넘 맛나게 잘먹었습니다🥹 공기밥이랑 소면사리는 드실만큼 추가 가능합니다 강추!,5
진주집,사장님 친절 하시고 특히 김치가 맛있어요!!~♡,5
진주집,"여기 공기밥 양을 사람 차별해가면서 바뀝니다.
가게도 추운데 히터도 안틀어줘요",1
진주집,"꼬리찜 주문했습니다. 양도많고 너무맛있었어요
대신 히터가없어서 너무추웠습니다 직원분들도 얇은패딩을 입고 서빙하시더군요 서비스는 최악입니다 지나가면서 소주를 떨어뜨려 깨졌는데 파편이 발에 다튀어서 따가웠어요 조심성부족하고 대충대충하려는 태도가 좋아보이지않았네요 국물은맑고 고기는부드럽고 맛있었어요 맛있게 잘먹고갑니다",4
진주집,골목에 이런 곳이 있는줄 몰랐는데... 설렁탕이 깔끔해서 맛있었습니다. 수육도 크게 비리지 않았고요.,4
진주집,"예전 처음에 갔었던 좋은 기억을 잊게 해주는 점심 식사였네요.
꼬리토막은 맛있었다고 하나
설렁탕 고기는 힘줄이 대부분이라 ~~~.
제일 중요한 건 사장님 응대?
국수사리가 안들어 있어 달라 했더니
선뜻 주시더라구요.
아들이 더 먹고 싶어 하기에 더 달라 했더니
그만 드시라고 하면서 ~~~ 헐 어이가.
돈을 더 낼테니 주세오 하니
서빙 돕던 아주머니가 눈치보시다 몰래 국수사리를 주시네요.
그 좁은 식당에서~~~
평점이 생각보다 낮은 이유가 친절 때문인거 같네요.
음식은 평균 이상은 됩니다.",1
진주집,연중무휴이고 약사님이 정말 친절하게 잘 설명해 주세요.,5
진주집,"시장 노포라고 갔더니만 8.5짜리 꼬리찜 전문이라고 주문강요. 둘이가면 17마넌짜리 디너인데..밑반찬이라곤 시장 갈치백반집 수준에 꼬리 두세개 들었음..분위기 좋은 레스토랑도 아닌데 납득안되는 가격
그리고, 24시간 간판은 의도적으로 안떼시는듯?
8시에 24시간 영업 간판보고 들어가서 주문했는데 먹는와중에 9시 마감이라고 계속 눈치준고 그럴거면 주문받기전에 안내를 하던가 8만5천원짜리 꼬리찜 먹는데 8시 반부터 눈치줌. 주문받을때 미리 고지를 하지 그랬냐고 하니, 능구렁이같이 문짝 종이쪼가리에 9시까지라고 써놨단다..
왜? 24시간 영업 빨간색 간판불은 버젓이 켜놓고? 옆테이블 외국인 손님도 개벙쪄서 다먹지도 못하고ㅈㅈ",1
진주집,일반적으로,2
진주집,진짜 맛있어요. 근데 무조건 꼬리토막 주문하시는걸 추천드립니다!! 토막은 꼬리의 두꺼운 부분이 탕에 들어있고 곰탕은 얇은 부분이 탕에 들어있는데 가격차이대비(5천원차이) 만족도가 너무 달라요! 곰탕은 국밥먹는데 살짝 건더기 있는수준이라 알고 주문하시는 단골분들은 모르겠지만 꼬리곰탕맛집으로 처음 방문하신분들은 살짝 서운하실수있어용ㅎㅎ 토막은 지이이이인짜 만족스럽게 넘 맛나게 잘먹었습니다🥹 공기밥이랑 소면사리는 드실만큼 추가 가능합니다 강추!,5
진주집,꼬리곰탕이 생각보다 푸짐하지 않아서 ㅠ 밑반찬은 맛났습니다!,4
진주집,맛 있어요~~ 제가 가본 맛집 사장님들 중에서 제일 친절 ㅋ,5
진주집,"다시는 오고 싶지 않다 가성비 가심비 친절함 전부 아웃
별을 안 주고 싶은데 하나가 최소라. 
심지어 어디선가 담배냄새도 난다
사진속 메뉴는 내장곰탕 11000원
점심을 굶어 시장이 반찬.
김치맛도 별론데 그거라도 먹으려 더 달라하니 잘리지도 않는 김치?
맛이 덜든 깍두기
닭곰탕에 어울릴만한 부추마늘 소스만이 그나마 먹을만
밥도 상태가... 애매함
전체적으로 모두 별루. 불친절함은 무엇??
사장이 계산할 때 맛있게 먹었냐기에 당당하게 아니라고 하니
주메뉴가 아니란다. 맛만의 문제는 아닌거같은데 ??
70년 전통이.... 70년만 남은듯?",1
진주집,오오 내장곰탕...,5
진주집,서비스엉망,1
진주집,비추 대실망,1
진주집,노포 수육 꼬리,4
진주집,정말로 너무 맛도없고 고기양도 적은그런집이네요 왜 유명한지 이해가 안가요  갈치조림이 영 아니어서 갔더니 대실망입니다  이제  남대문시장은 야채호떡이나 사먹고 식당은 안갑니다,1
진주집,가격은 사악하지만 분위기와 맛으로 충분히 경쟁력 있는 곳,4
진주집,"어쩌다보니 하루동안 대한옥이랑 진주집 두곳을 가서
꼬리곰탕/꼬리토막을 먹었는데
가격은 둘다 세지만 비교하면 진주집 훨훨 100% 더 나았음. 고기 냄새도 안나고 살코기도 많고 사장님도 엄청 친절했음
(블루리본13개)",5
진주집,"그동안 알던 꼬리곰탕은 뭔가싶을정도의
꼬리토막 비쥬얼과 고기맛! 국산 깍두기가 진짜 맛났다",5
진주집,사장님이 맛있고 국밥이 친절해요,5
진주집,도가니탕 굿..,5
진주집,꼬리곰탕 진수 은호식당 별차이 없음,4
진주집,해장국은 추천안합니다,3
진주집,"대대대대대대존맛 토막으로 무조건 드세요 제발
싸고 맛없고 걍 그런거 보다 맛있는게 훨씬 좋음 비싸다고 별점 낫게 주지 마시길 ㅠㅠ",5
진주집,"내장곰탕 주문

다음반에 가격이 두배인 꼬리곰탕은 먹어볼테다.",4
진주집,"이곳의 꼬리찜은 충격적으로 정말 맛잇엇어요 
비싸서 고민하고 중요한 사람만 데려가야하지만 정말 서울 로컬 미슐랭의 진면모",4
진주집,꼬리토막(꼬리곰탕 특) 32000원... 고기 세 덩이 들어있고 밥은 반 공기 수준으로 적다... 밥이나 사리 꼭 추가해서 드시길...,2
진주집,"맛있는데 가격비쌈 정말정말 비쌈.
제일 비싼거 시켜야 맛있음",5
진주집,"여기 꼬리토막은 진짜 일품인데....
근데 너무 비싸..... 내돈주고먹긴 너무비싸요....
참 맛있는데.... 국밥에 삼만원은 으으음...",3
진주집,너무비싸요 ..,3
진주집,"설렁탕 특시켯는데 의아한 고기양
특이랑 일반이랑 무슨 차이냐고 물어보는데 직원이 모른다고 대답함
남자 여자 밥 양 다름
반공기나온거보고 한공기로 달라니까 반공기짜리 갖다준다음에 좀있다가 밥 더 주겠다고 2,3번 계속 얘기함. 괜찮다고 했는데도 계속 그러는거보니 양적다고 했다고 꼽주는 듯
다신 안가요",1
진주집,"꼬리토막 탕, 인당 3만1천원인데 고기가 조금 질겼어요.",2
진주집,"꼬리토막, 제 값을 합니다(사진은 이미 한토막 먹은후). 👍.",5
진주집,"꼬리찜 8만냥. 맛 좋지만, 가성비와 지저분한 화장실 고려하면...비추요",3
진주집,"윤석열 대통령이 당선인 때
남대문시장 방문 시 식사한 노포
사진 속 2층에서 식사했다 함",4
진주집,"여의도 진주집은 칼국수,냉콩국수 갓뎀
비싸면서 비린네나고 너무 불친절

남대문시장 진주집슨 70년 전통탕 집 갓뎀
비싸고 소구릿내",1
진주집,맛 별로에요.. 맛집 전혀 아님. 재방문의사 없음.,1
진주집,비싸고 맛없고 별로입니다.,1
진주집,"비싼만큼 맛있는 꼬리토막
비싼만큼...
비싼만큼...
가격 25,000원으로 인상",3
진주집,꼬리곰탕,2
진주집,"곰탕전문. 남대문시장안이라 찾기가 약간 힘듬.

꼬리토막 ㅡ 꼬리토막탕. 꼬리곰탕보다 약간 비싸지만 곰탕보다는 실함.",4
진주집,꼬리토막이 맛있음~ 비쌈~,4
진주집,"(3.6점)
꼬리를 먹을때 연장을 준다.
하지만 포크로 찢는것보다 손으로 들고 뜯는게 내 방식이다.
남자라면 스테이크가 아닌 이상 거룩한 고기에 연장질 하는거 아니다.
고기는 결대로 부드럽게 찢어진다.
함께 나오는 새콤달콤한 부추간장무침도 괜찮다.

- 꼬리곰탕
훌륭하다!
아래쪽 꼬리를 사용한다. 가늘고 길다.
쫀득하고 콜라겐도 많고 더 부드러운 꼬리쪽을 사용한다.
콜라겐이 많아서 그런지 찐득하다.
이런거 좋아하는 사람은 엄청 좋아할 듯.
국물은 적당히 진하면서도 살짝 꼬릿하고, 인위적인 맛이 없다.
조미료를 사용했는지 안했는지는 내가 알 수 없다.
난 그정도 미각의 소유자가 아니다.
하지만 국물에서는 &lt;덕원꼬리곰탕방치탕&gt;의 꼬리곰탕의 임팩트가 너무 강했다.
아쉽지만 여기의 국물은 거기까지는 미치지 못한다.

- 양지수육
역시 고기는 삶아 먹는게 아니다.
삶은 고기는 역시 가성비가 낮다.
오해하지 마라.
이 집이 못한다는게 아니라 내 취향이 그렇다는 거다.

- 해장국
제대로다!
전형적인 해장국을 맛깔나게 잘 만들어냈다.
인위적인 맛이 없고, 많이 자극적이지 않아 좋다. 
유행하는 가벼운 맛의 해장국도 아니고, 맵고 짜게 만들어 맛을 가리는 얄팍한 해장국도 아니다.
된장 베이스에 얼큰함이 조금만 가미된 상태.
콩나물하고 우거지가 푸짐하게 들어있다.

- 꼬리토막
꼬리곰탕의 꼬리보다 크기가 크다.
위쪽 꼬리. 굵고 짧다.
살많은 꼬리부분을 사용한다.

24시간 운영이라는 말이 아주 반갑다.
70년 전통이라고 하는데 1950년에 개업한 곳.
반올림했나보다.
위치는 생뚱맞게 갈치조림 골목 안에 당당하게 버티고 있다.
작은 시장골목 건물인데 3층까지 있다.
화장실은 3층에 있다. 힘들다 ㅠㅠ.",3
진주집,꼬리찜 예술,5
진주집,내장국밥만 먹음. 국물 담백.,5
진주집,꼬리곰탕최고 소스도최고,5
진주집,꼬리토막 맛있어요,4
진주집,코리곰탕,4
진주집,been,2
진주집,"꼬리곰탕19000
비싸고 맛있다",4
진주집,내 경험상 도가니 음식점 중에서는 진주집을 능가하기가 쉽지 않을듯,5
진주집,"꼬리찜 ₩65,000
소주 안주로 좋지만 가성비 생각하면 그저 그렇다
딱히 입에 착 달라붙는 맛은 아니지만 국물 괜찮
국물 리필가능 소면추가무료",3
진주집,가성비 최악,1
진주집,"갈치 먹으러 왔다 정작 그 집은 닫혀 있고 마침 블루리본이나마 주렁주렁한 식당 있길래 약간의 기대감으로 먹어봤는데 맛은 쏘쏘함
그치만 두 번 오고 싶은 집은 절대 아님. 십수년째 블루리본 달았대도 한 번쯤 먹어보라 추천하기조차 고민될 지경
일단 가성비가 극악임. 밥공기를 다 채우지도 못한 밥, 크지 않은 뚝배기에 넉넉지 않은 양은 사장님의 인심으로 치부한들 다른 국밥집과 크게 다르지도 않은 맛이면서 이 정도 가격을 받는다? 메뉴를 막론하고 그돈씨 소리가 절로 나옴 ㅋㅋㅋ
오래된 식당 특유 아줌마들의 그 불친절한 접객 태도를 감안하면서까지 꼬리곰탕을 반드시 기어코 먹어야겠다면 차라리 좀 더 잘 차려진 곳에서 괜찮은 서비스 받으며 먹겠음
웬만해선 5점, 정말 불쾌한 곳이나 1점 주고 마는 편인 데다 블루리본도 절대적인 기준이 아니기에 애초에 기대를 크게 안 했다지만 여긴 이상하게 호평이 안 나오네..",3
진주집,경 보통이에요,3
진주집,"꼬리토막(1인분25,000원)이 더 맛있다고 해서 3그릇을 주문했는데 나온 음식을 보며,
이렇게 장사 해도 되는건지 의심이 가네요~
맹물같은 육수에 고기토막만 넣은 맛이네요.
댓글을 쓸려면 정확히 알려주는것이 마땅하다 생각됩니다.",1
진주집,대통령 픽,5
진주집,윤석열 대통령이 남대문시장와서 꼬리곰탕 드신 곳 3.14,5
진주집,성지 순례 왔습니다.,5
진주집,"그냥 꼬리토막에 소주면 끝장나는집
15년 단골.",5
진주집,"탕 맛있고, 실내 아늑하고 주인분 친절합니다",4
진주집,사장님 친절 하시고 특히 김치가 맛있어요!!~♡,5
진주집,"이집은 꼬리인데 육수가 1차인가바요 맹탕
그리고 냄새나서 다데기 달라고 할정도
평생 먹어본 곰탕중 최하",2
진주집,국물이 맹탕입니다.,1
진주집,"9,000원 해장국은 에러.",1
진주집,"24시간이라서 자주갔었어요
요즘 장사안되는 가게들이 많아서 24시간 하다가도 안하는 가게 많던데 여긴 어떨지 모르겠네요
밤에 먹을만한거 없을때 가기 좋았어요
설렁탕 드세여",5
진주집,"남대문시장의 꼬리곰탕 명가인 '진주집'은 '은호식당'과 함께 자웅을 겨루는, 70년 전통의 노포지만 꼬리토막의 퀄리티나 국물 맛은 '은호'가 낫다. 은호 윈 !!!",3
진주집,여기서 꼬리찜을 먹고 병이 나았습니다,5
진주집,아 정말 이집은 명성대로 국물이 끝내주고 고기가 죽여줍니다. 하지만 정말 가격은 비싸긴 하네요 가끔 소주 땡길때 와야겠어요 : ),5
진주집,꼬리곰탕 시켰더니 양많은 꼬리토막 시키라고 하시고.. (꼬리토막이 더 비쌈) 설렁탕은 고기가 들어있는건지 뭔지.. 국물도 깊은 맛 없고 그냥 닝닝.... 실망했어요ㅠㅠ,2
진주집,"진주집 맛 없는 집. 가지마세요.
차라리 갈치조림이나 생선구이가 더 싸고
맛이 좋아요~",1
진주집,오래된 맛집.,4
진주집,"탕 맛있고, 실내 아늑하고 주인분 친절합니다",4
진주집,"가격 상관없이 무조건 인원 수대로 주문 필수, 안 그럼 눈치 줍니다. 폐 끼치는 거 싫어해서 1인분 덜 시키는 대신 일부러 좀 더 비싼 메뉴, 사이드, 주류 추가하는 편인데, 무조건 1인 1메뉴 아님 눈치 줌. 오랜만에 낮술 먹으러 들어갔다 술맛 다 떨어져서 맥주 한 병 먹고 그냥 나옴. 5명이 국밥 4그릇, 맥주 한 병 먹고 9.4만 원 나옴.",1
진주집,"가격은 비싸지만 꼬리곰탕의 고기 쫀득하니 뜯어먹는 즐거움이 있음 주신 소스에 찍어 먹으니 고기 더 먹고 싶어짐 ㅋ
소면도 추가하고 밥도 알차게 말아서 멋었습니다.",4
진주집,내 경험상 도가니 음식점 중에서는 진주집을 능가하기가 쉽지 않을듯,5
진주집,"꼬리곰탕19000
비싸고 맛있다",4
진주집,코리곰탕,4
진주집,꼬리토막 맛있어요,4
진주집,꼬리곰탕최고 소스도최고,5
진주집,내장국밥만 먹음. 국물 담백.,5
진주집,꼬리찜 예술,5
진주집,"(3.6점)
꼬리를 먹을때 연장을 준다.
하지만 포크로 찢는것보다 손으로 들고 뜯는게 내 방식이다.
남자라면 스테이크가 아닌 이상 거룩한 고기에 연장질 하는거 아니다.
고기는 결대로 부드럽게 찢어진다.
함께 나오는 새콤달콤한 부추간장무침도 괜찮다.

- 꼬리곰탕
훌륭하다!
아래쪽 꼬리를 사용한다. 가늘고 길다.
쫀득하고 콜라겐도 많고 더 부드러운 꼬리쪽을 사용한다.
콜라겐이 많아서 그런지 찐득하다.
이런거 좋아하는 사람은 엄청 좋아할 듯.
국물은 적당히 진하면서도 살짝 꼬릿하고, 인위적인 맛이 없다.
조미료를 사용했는지 안했는지는 내가 알 수 없다.
난 그정도 미각의 소유자가 아니다.
하지만 국물에서는 &lt;덕원꼬리곰탕방치탕&gt;의 꼬리곰탕의 임팩트가 너무 강했다.
아쉽지만 여기의 국물은 거기까지는 미치지 못한다.

- 양지수육
역시 고기는 삶아 먹는게 아니다.
삶은 고기는 역시 가성비가 낮다.
오해하지 마라.
이 집이 못한다는게 아니라 내 취향이 그렇다는 거다.

- 해장국
제대로다!
전형적인 해장국을 맛깔나게 잘 만들어냈다.
인위적인 맛이 없고, 많이 자극적이지 않아 좋다. 
유행하는 가벼운 맛의 해장국도 아니고, 맵고 짜게 만들어 맛을 가리는 얄팍한 해장국도 아니다.
된장 베이스에 얼큰함이 조금만 가미된 상태.
콩나물하고 우거지가 푸짐하게 들어있다.

- 꼬리토막
꼬리곰탕의 꼬리보다 크기가 크다.
위쪽 꼬리. 굵고 짧다.
살많은 꼬리부분을 사용한다.

24시간 운영이라는 말이 아주 반갑다.
70년 전통이라고 하는데 1950년에 개업한 곳.
반올림했나보다.
위치는 생뚱맞게 갈치조림 골목 안에 당당하게 버티고 있다.
작은 시장골목 건물인데 3층까지 있다.
화장실은 3층에 있다. 힘들다 ㅠㅠ.",3
진주집,꼬리토막이 맛있음~ 비쌈~,4
진주집,"곰탕전문. 남대문시장안이라 찾기가 약간 힘듬.

꼬리토막 ㅡ 꼬리토막탕. 꼬리곰탕보다 약간 비싸지만 곰탕보다는 실함.",4
진주집,꼬리곰탕,2
진주집,"비싼만큼 맛있는 꼬리토막
비싼만큼...
비싼만큼...
가격 25,000원으로 인상",3
진주집,"꼬리찜 ₩65,000
소주 안주로 좋지만 가성비 생각하면 그저 그렇다
딱히 입에 착 달라붙는 맛은 아니지만 국물 괜찮
국물 리필가능 소면추가무료",3
진주집,비싸고 맛없고 별로입니다.,1
진주집,경 보통이에요,3
진주집,오래된 맛집.,4
진주집,"꼬리토막(1인분25,000원)이 더 맛있다고 해서 3그릇을 주문했는데 나온 음식을 보며,
이렇게 장사 해도 되는건지 의심이 가네요~
맹물같은 육수에 고기토막만 넣은 맛이네요.
댓글을 쓸려면 정확히 알려주는것이 마땅하다 생각됩니다.",1
진주집,"진주집 맛 없는 집. 가지마세요.
차라리 갈치조림이나 생선구이가 더 싸고
맛이 좋아요~",1
진주집,꼬리곰탕 시켰더니 양많은 꼬리토막 시키라고 하시고.. (꼬리토막이 더 비쌈) 설렁탕은 고기가 들어있는건지 뭔지.. 국물도 깊은 맛 없고 그냥 닝닝.... 실망했어요ㅠㅠ,2
진주집,아 정말 이집은 명성대로 국물이 끝내주고 고기가 죽여줍니다. 하지만 정말 가격은 비싸긴 하네요 가끔 소주 땡길때 와야겠어요 : ),5
진주집,여기서 꼬리찜을 먹고 병이 나았습니다,5
진주집,"남대문시장의 꼬리곰탕 명가인 '진주집'은 '은호식당'과 함께 자웅을 겨루는, 70년 전통의 노포지만 꼬리토막의 퀄리티나 국물 맛은 '은호'가 낫다. 은호 윈 !!!",3
진주집,"24시간이라서 자주갔었어요
요즘 장사안되는 가게들이 많아서 24시간 하다가도 안하는 가게 많던데 여긴 어떨지 모르겠네요
밤에 먹을만한거 없을때 가기 좋았어요
설렁탕 드세여",5
진주집,"9,000원 해장국은 에러.",1
진주집,국물이 맹탕입니다.,1
진주집,"이집은 꼬리인데 육수가 1차인가바요 맹탕
그리고 냄새나서 다데기 달라고 할정도
평생 먹어본 곰탕중 최하",2
진주집,가성비 최악,1
진주집,꼬리곰탕의 고기는 맛있었습니다만 전체적으로 양이 아쉬움 그리고 나잇대 있으신 손님분들이 많은데 너~~무 정신없고.. 직원 분들도 정신 없고 잘 깜빡하심 갑자기 밥그릇 뚜껑이 부족하셨는지 우리 뚜껑 가져가서 물로 쓱 씻고 새로운 밥그릇으로 사용함.. 국물에도 조그마한 이물질이.. 따흑,2
진주집,been,2
진주회관,어휴,1
진주회관,"콩국수
부드럽고 은근 고소함
진주집 보다 내서타일
김볶밥
간이쎄고 소소함
콩국수랑같이나오는김치 맛있
콩국수.김볶밥 양줄이고 가격낮추길
3.2점",4
진주회관,김치가 좀 달지않아요?? 신김치가 더 맛있게 어울릴거같은데..,4
진주회관,맛있는 그룹에 저장되었습니다,5
진주회관,콩국수라는 음식에 대한 기준,5
진주회관,"명성에 비해서는 많이 아쉬움
맛은 있음
웨이팅 길고 자리 협소
김치맛있음",3
진주회관,양이 많아요,4
진주회관,줄서서 기다리다 김치만드는 곳 보고 너무 실망했습니다. 사람들이 줄서서 먹으러 갈 정도인데 위생관리 안하시나요. 배추를 지저분한 통에 담아서 그걸 또 지저분한 바닥에 접촉하게 쌓아두고...손님들 줄서있는곳에 쓰레기 봉투 그대로 놔두고 냄새맡으면서 대기하게하고...여자 사장님이라는분은 줄서있는 손님들 있는데 하 귀찮다 짜증난다...혼잣말에...김치만드시는 남자분들 고무통 정리하신답시고 손님들한테 물이 튀든 다진마늘이 튀든 신경도 안쓰시고...업소 냉장고는 청소 언제하셨나요..찌든때 가득이던데...다신 안갑니다. 아 사진 찍으려고하니 여자사장님? 셔터 내리시던데 저게 정상은 아니란거 아시는건가요.,1
진주회관,"진주집과 뭔가 묘하게 다른데 둘 다 JMT
여름엔 줄이 너~~~~무 길다. 김치는 너무 달아서 내 입맛은 아님",5
진주회관,콩국물이 진하고 맛은 있습니다만 가격이 과도한듯.,3
진주회관,콩물이 진하고 면발이 쫄깃하나 간을 면에 맞추어 면이 조금 짭짤하다. 김치도 단편. 하지만 한번 먹어볼만 하다.,4
진주회관,"맛은있다 확실히 다른곳과는 맛이 더맛있다만.. 
너무비싸서 이정도인가? 싶은정도 위생은 그리좋지못하다 책상이 좀 더러워서 아쉽다",3
진주회관,"다른 콩국수 식당과 다르긴 한데 
근처에 있고 약간 차별점이 있는
콩국수 먹고 싶을 때 갈 곳이지
굳이 멀리서 찾아올 맛은 아님",4
진주회관,맛집이라 사람이 늘 많음. 콩물은 부드럽고 간도 좋아 따로 소금이나 설탕 안넣어도 맛있음. 면은 밀가루 냄새가 많이나서 불쾌한 수준이고 김치는 너무 달다.,3
진주회관,솔직히. 15000원.까지는  아닌거 같다. 굳이 이걸먹으러 시청까지. 가는건 아니고. 근처갔다라면  모를까. 굳이 이돈주고. 먹는건. 아닌거같음. 동네 콩 곱게. 갈아주는  그런곳. 가면. 똑같을듯. 함,2
진주회관,비싸긴 하지만 너무 맛있어요,5
진주회관,이번 여름에 처음 먹어보았는데 진하고 깊은 콩국수 맛이에요. 어르신들이 좋아할 것 같은? 15000원인 만큼 양이 진짜 많고 김치가 맛있어요,3
진주회관,"콩국수는 단연 으뜸입니다! 
'콩국수'만 드세요.",5
진주회관,김치볶음밥. 콩국수. 하지만 너무 복잡해 안간지 오래.,4
진주회관,매우맛있고 매우비싸다,5
진주회관,배려하는 마음을 담아 작성하고 싶은데 이곳 여사장님이 장사하고 싶은 생각이 없으신 듯. 불친절함에 할말을 잃었습니다. 쩝.,1
진주회관,워낙유명한 90년대부터 인근  직장다닐때부터 다니던  식당이라 종종가지만  씁쓸한ᆢ근데 솔직히  법카안쓰고 내돈으로  돈낼때  느껴지는  인상된  바가지가격  현타옴ᆢ 콩국수 한그릇  단가가너무비싸다. 그만큼돈벌어 대를이어  재벌되었으면 콩국수  가격좀 그만 올리라.,2
진주회관,"콩국수집이면 콩국수만 팔아야지 뭔 돈을 더 벌겠다고 전문도 아닌 고기까지 판매하느냐
콩국수 하나에만 집중해라
보는 것만으로도 천억원 내놔야 하는 그 나사 믹서기는 갖다 버렸느냐!",1
진주회관,"유명맛집인데.. 맛이 없진 않아요 근데 가격 대비 좀 아쉬운 감이 있고, 무엇보다 너무 비쌉니다.",2
진주회관,"콩국수 엄청 좋아하는 마니아임

콩국물이 엄청 찐한데, 100프로 콩을 갈아서 하진 않고 콩가루 섞는 느낌임
점심시간 바쁜건 아는데 손님 다 와야들어갈 수 있다는 둥 불친절하고 앞에서 자리안내하시는 아주머니 반말섞어가면거 하고 좀 별로임
콩국수자체도 시원한 맛도 없고 김치는 무슨 설탕물에 탔나.. 왜케 단지 참",2
진주회관,"고소한 맛이 조금 덜하지만 맛있어요! 
면 적게달라고했는데 반영이 안된건지 양이 너무 많았어요.
김치가 달아요,,!",4
진주회관,지역마다 콩국수 먹는 취향이 다른데 김치를 달게 해서 그런지 맛은 괜찮은 듯? 근데 가격이 좀 비싸요,5
진주회관,먹어본 콩국수 중에서는 제일.,5
진주회관,"-사람이 너무 많이 편하게 먹을 수 없습니다.
-콩국수 국물이 굉장히 진해서 다소 부담스럽습니다.",3
진주회관,"설탕김치 ㅋㅋㅋ 콩국수랑 같이먹기 좋은데
왕 달아요 ㅋㅋ근데 마싯어요",4
진주회관,"평일 2시40분에 가서 바로 앉았다
정말 고소하고 크리미하고 양까지 많음
콩국수라는 음식의 정점을 보여줌",5
진주회관,"25년 동안 다닌 콩국수 집
사실 콩국수 라는 음식 종류를 그닥 좋아하지 않는데, 이곳만은 다르다. 가격이 계속 오르지만 여름이면 꼭 방문하는 곳",4
진주회관,솔직히 자주 먹을 맛은 아니지만.. 요즘 다른 가게 만원 이상하는 콩국수들 그렇게 진한 맛이 없어서.. 그냥 가끔 생각나서 두어번 가봤습니다.. 가격이 또 올랐다고 하니.. 조금 고민이 되는 곳이네요,3
진주회관,혹시 이 리뷰를 본다면 16000원 꼭 아끼세요. 기대하고 먹었는데 진심을 담아서 그냥 평범한 콩국수 맛이에요.,2
진주회관,이런 저런 말은 많지만 맛하나는 최고인집,3
진주회관,"불친절하고 웨이팅길고 위생도 말도 많지만
맛은 나에게 콩국수의 기준이 된 곳",4
진주회관,가격이 어느새 정말 많이 올랐네요. 그래도 맛은 진짜 이만한 데가 없습니다. 사람들 데려가면 다들 자기네 엄마가 진짜 좋아할 것 같다고 모시고 오겠다구 같은 소리하는데요. 이르케 아끼는 사람이 생각날 정도로 정말 맛있어요!,5
진주회관,겨울에는 판매 안 하셔서 너무 아쉬워요&hellip;. 여름 웨이팅 극악이지만 그만큼 너무 맛있어요! 최고,5
진주회관,"진짜 너무너무 맛있다..  면발도 국물도 간이 따로 필요없음
아빠가 20대때부터 진짜 찐단골이라 하셨는데
아.. 나한테도 진짜 최고",5
진주회관,"줄서서 먹는 집 이유 인정
다시 한번 가보고 싶긴 함",4
진주회관,비싸지만 진주회관만의 맛이 있어서 안갈수가 없다고...,3
진주회관,"인생 콩국수 여긴 김치도 맛도리 ;;
다만 사악한 가격 + 요상한 웨이팅 시스템.. 그럼에도 내년 여름도 갈 것이다",5
진주회관,"국물이 고소하고 같이 나온 김치도 맛있습니다. 1인1김치 주는게 참 좋습니다. 다만, 양을 좀 줄이는 대신에 가격도 내렸으면 합니다. 고명하나없는 콩국수를 만육천원에 먹는게 물가가 아무리 올랐다하더라도 썩 와닿지는 않습니다.",3
진주회관,맛잇는데 너무비쌈 솔직히,4
진주회관,"진짜 마싯어요
진주집보다 콩국수 하나만 보면 더 진하고 맛있었습니다",5
진주회관,든든한 콩국수 한그릇~,4
진주회관,비싸긴 해도 진짜 맛은 확실합니다!!,5
진주회관,설탕 베이스여서 제 입맛에는 안 맞았습니다. 그래도 엄청 고왔고 면이 맛있었습니다. 김치는 달아서 별로였어요. 서비스는 나쁘지 않았습니다!,2
진주회관,"음식 맛은 둘째치고 매우 기분이 나쁩니다.  손님 응대하시는
분이 어찌나 불친절하신지!
30분 동안 줄을 서서 들어가는데 입구에서 단체라며 4명씩 여러팀을 들여보내더군요
그 분들 말고도 4명씩 줄 선 사람들이 있었는데도 안하무인 
손님말도 듣지 않고 니가 처음와서 몰라서 그런거라며 면박이나 주는 그런 집입니다. 
요즘 원격줄서기 또는 가게 앞에서 웨이팅 입력할 수 있는 기계도 많은데
그 불친절한 직원 분 내보내시고
돈 좀 들이시죠",1
진주회관,"콩국물이 진해서 좋았어요. 1인 1김치에 같이 먹으면 단짠 조합이라 이런 걸 좋아하시는 분들은 좋아 할듯. 저는 괜찮았네요.
다만 다른 리뷰에서도 지적하듯이 장사가 너무 잘 되어서 그런지 모든 응대가 거침없고 다소 불친절해요. 모든 직원분들이 나 지금 바빠!! 하고 온몸으로 어필하는 느낌. 
점심때만 그런진 몰라도 콩국수 외 다른 메뉴 고르려고 하니까 콩국수만 시키세요, 하시더라고요. 다른 메뉴는 저녁에만 가능한 건지 모르겠어요.
아무튼 한번 먹어볼만 해요. 맛은 있었고 콩국물 농도 생각하면 만오천원 가격도 납득 가능해요.
그런데 두 번째 방문할 생각은 딱히...?",3
진주회관,"넘 맛집이라 이해는 합니다만  웨이팅줄이 길어도 너무길어요 ㅠㅠㅠㅠ 작년에도 이정도는아니었는데.... 이뜨겁고 더운날 포기하고싶은 클라스인데 막상먹었는데 너무맛있어요!!! 국수가 있었는데 없어졌습니다 
포장도된다는데 다음에는 줄안서고 먹으려구요!!!",4
진주회관,"여의도 진주집과 더불어 콩국수 양대산맥. 진주집에 비해 좀 더 걸쭉하고 좀 더 묵직하고 깊은 콩국수의 맛이 특징적. 김치 또한 입에 착착 감기기보다는 콩국수랑 같이 먹었을때 그 맛이 시너지가 남. 웨이팅이 어마무시하지만 가게가 크고 콩국수란 음식 특성으로 인해 생각보다는 빨리 입장함. 깊은 맛의 콩국물로 인해서 바닥까지 핥아야만 젓가락을 놓을 수 있는 곳. 두말하면 잔소리. 15,000원이 비싸도 꼭 드셔보시길!",5
진주회관,그야말로 기본에 충실한 콩물과 국수! 아니 근데 이게 어마어마하다. 보양의 느낌이 나는 한끼. 몇해전에 비해 기다리는 사람이 너무 많아졌지만 그 값을 하는 몇 안되는 가게. 순환이 빨라서 기다리는 것에 비해 비교적 빨리 들어갈 수 있음,5
진주회관,콩국수 별로 안 좋아하는데 정말 맛있게 먹었어요 김치도 정말 맛있게 먹음 (문이 두 갠데 한쪽만 줄이 길었어요 가는 분들 양쪽 다 가보시길),4
진주회관,맛있는데 가격이 너무 비싼듯,3
진주회관,"맛있긴한데 너무 비싸당
면이 쫄면임!",4
진주회관,재방문금지리뷰,1
진주회관,"가격만 아니면 별5개
콩국수",4
진주회관,더 이상은 조금도 그 맛이 변하지 않기를 바라는 언제나 내 마음 속 최고의 콩국수,5
진주회관,세상 걸죽한 콩물에서 기대했던 고소함이 덜 느껴져서 아쉬웠음.. 근데 또 김치는 너무 달아서 김치 한 번 먹으면 얼마 안 나던 고소함마저 사라져버림.. 콩국수 맛 리셋됨.. 눈물남,3
진주회관,"콩국수도 찐하니 맛있고 김치가 호불호가 갈리는거같은데 전 단짠으로 콩국수랑 잘어울려서 좋았어요
다만 콩국수치고 너무 비싼 가격과 너무 불친절함이 재방문여부를 고민하게 만드네요",4
진주회관,"콩국수 정말 진하고 맛있어요
첨에는 김치랑 먹고 나중엔 설탕도 넣어 먹어봤는데 입에 쫙쫙 붙네요
건강을 싹 체운맛입니다
비온뒤 폭염으로 땀이 줄줄 났는데 더위가 싹 달아났어요
담주에도 또 다녀올까해요",5
진주회관,"비싼 가격에 망설이다가 도전했는데, 내가 지금껏 먹어온 것은 콩국수가 아니었음을 느꼈고, 한입 넣는 순간부터 없어지는 게 아까웠음. 직원분들도 어머님들인데 친절하시고, 무엇보다 콩국이 너무 꾸덕해서 수저에 잘 올라가지도 않음. 면은 소면이아니라 쫄면같은 중면인데 이게 쫄깃하면서도 질기지는 않습니다. 그렇다고 퍼진것도 아닌 딱 알맞는 삶음. 그리고 콩국이 진짜 고소한데 간이 알맞고, 김치는 달다는 평이 많았는데 이집 김치만의 맛이 있고 썩 달지 않았음. 재료들이 좋아서 그런지 다 먹고나서 입안이 깔끔했어요. 비싸지만 또 갈 의향 있음. 원래 여름엔 평양냉면 파인데 진주회관파로 바뀔 것 같아요. 
8/31까지 콩국수만 주문 가능하대요.",5
진주회관,"비싼 가격이지만
정말 진하디 진하면서 간도 딱 맞는 콩국물과
밀면의 쫄깃함과의 조합은 최고입니다-!
1년에 한 번은 먹어줘야 할 콩국수 맛집-!
겉절이치고는 새콤달콤한 김치가 제법 잘 어울려요-!",5
진주회관,"콩국수 그닥 좋아않는데 남편위해 찾아간집 11시 오픈맞춰갔는데 미친듯 긴 줄ᆢ
비싸네 싸네 엇갈리는 평점에 막연한 불안감 안고갔던게 민망할지경 들어가는 문이 2군데인데 줄이 어마어마하다

콩국수의 진수가 이런건가 싶다
구수한 콩물 쫀득한 식감의 국숫발 
그렇다고 질긴것도 아닌것이 기가막힌 점성

국물이 어찌나 걸죽하던지 목넘기다 컥컥 거슬거리며 걸리는거 아닌가 싶었는데 부드럽기가ᆢ숟가락으로 남김없이 긁어마심ㅎ

물탄듯 밍밍한거 1도없이 고숩다
가격이 결코 싸진않지만
기꺼이 재방문하고싶다
콩국수를 좋아하게될것같다",5
진주회관,"회사가 인근이라 가끔 방문합니다. 
콩국수 비리지 않고 맛있습니다.
그러나 15000원이라는 가격을 생각하면, 
굳이 줄까지 서서 이 돈 주고 먹어야 할 맛인지는 모르겠습니다. 

무엇보다 갈때마다 불친절의 끝판왕을 경험하게 됩니다. 특히 사장님은 늘 화가 나계세요. 
나이 많은 여자 사장님도 그러셨는데 따님으로 보이는 분도 똑같네요. 사장님이 제일 심하지만 직원분들도 크게 다르진 않습니다.(첨 들어갈때 안내해주는 여자분은 친절한편) 
사장님 계신 주위 자리에 앉게되면, 직원들에게 화내는 소리와 손님에게 짜증내는 모습을 보는것만으로도 하루종일 기분이 나빠집니다.
딱히 나한테 뭐라 하지 않아도, 앉아만 있어도 스트레스가 쌓인달까요? 

워낙 유명한 맛집인건 알고있지만, 그런 기분나쁜 경험들을 넘어설 정도의 맛은 아니라고 생각합니다. 돈 쓰고 기분 나쁘고 싶은 분들만 방문하세요.",1
진주회관,"콩국수 맛은 최고!! 비교불가
콩국수 싫어하던 내가 변심한곳
가격도 최고 2관왕!",4
진주회관,"기대하고 왔는데 상당히 씁슬하네요 ㅜㅜ 콩국수 자체는 먹을만한 수준인데, 김치가 진짜 콩국수맛 다 망쳐놓는 느낌입니다",3
진주회관,정신 빠진 김치맛 설탕김치 아무리 사람마다 입맛들이 다르다고 해도 이건 아니지 않냐,1
진주회관,콩국수가 맛있습니다.,5
진주회관,"요즘 콩국수에 꽂혀서 콩국수 맛집 찾아다니는데 주위에서 진주회관을 추천하더군요. 

콩국물 찐하고 걸죽한 두유 느낌이라 맛있게 먹었습니다. 근데 국수면은 쫄면처럼 단단하고  고무줄 씹는 느낌..내것만 덜 삶았나.. 
여긴 콩국물 맛집이지 면 맛집은 아닌거같네요

게다가 주문은 콩국수만 받아요.. 콩국수 안먹는 친구에게 밥사고 커피사야했어요ㅋ",4
진주회관,맛있긴 한데 김치가 너무 달아요 ㅠㅠ,4
진주회관,맛있는데 넘 비싸요(양이 많긴함) 0.5인분 나왔으면 좋겠어요 .. ㅠ,4
진주회관,"이 집이 특별한 이유는 가격..
가격으로 인해 회자되는 가게인 듯하다.
유명세에 비해서는 실망스럽다",3
진주회관,진한 콩국물에 쫄깃한 면까지 최고ㅠㅠ 좀 비싸긴 한데 그래도 또 생각날 거 같아요 양 많고 김치 맛있습니당,4
진주회관,맛은있는데 직원분들이 바빠서그런지 정신도없고 영업시간도 꼭9시까지 하는건 아닌거같아요..,4
진주회관,"너무 짜요!!!!!!! 간이 이미 되서 나와요 
적어도 간 만큼은 직접해서 먹게 해야되는거 아닌가 싶습니다
면발은 쫄면 식감인데 호불호 갈릴듯 싶네요
갠적으로 왜 유명한지 모르겠어요",1
진주회관,"국물만 맛있는 곳 소면파는 쫄면같은 면발 가당치 않을 것 같음 어렸을 적에 라면으로 콩국수 먹어서 적응은 함 김치가 단짠한 맛인데 쫄면같은 면발에는 어울리는 맛잇지만 콩국맛은 해침
집에서 하는 콩국도 이정도 맛은 하니까 굳이 또 갈 것 같진 않음 입자가 곱긴 하지만 프레시한 맛이 없어서 왜 손꼽히는 맛집인지 모르겠음",3
진주회관,살다살다 이딴식으로 장사를 하네,1
진주회관,"15,000원은 좀 납득이 안돼요. 요즘 이런식 콩국수 파는곳 꽤 많아서 평범했음..",3
진주회관,"2023.06.30 마지막 방문/
서울 콩국수 중 최고라는 명성에 걸맞는 맛을 보여준다. 황태콩을 사용해 만든 콩국은 콩을 갈기 위한 물을 최소화 해 흔히 보기 어려운 진한 농도와 고소함을 자랑하면서도 콩의 질감을 느낄 수 없을 정도로 곱게 갈았다. 슴슴하게 간을 해서 나오기 때문에 추가적인 간을 할 필요가 없어 소금이나 설탕이 따로 제공되지는 않는다.
밀가루에 감자전분, 메밀전분, 견과류 가루를 첨가해 직접 반죽한 면발은 쫄면에 가까운 식감이다. 소면을 사용하는 일반적인 콩국수보다 중국집 콩국수와 비슷한 모습을 보여준다.
같이나오는 유일한 반찬인 김치의 슴슴하고 달달한 맛은 콩국수와 좋은 어우러짐을 보여준다.

여름에는 콩국수 단일 메뉴로 영업하지만 그 외 기간에는 다른 메뉴도 판매한다. 특히 김치볶음밥은 소고기와 풍성한 야채를 즉석에서 볶아주는데 김치볶음밥 보다는 비빔밥에 가까운 느낌이다.

PS. 진주회관과 함께 서울 콩국수의 양대산맥이라 불리는 진주집과는 가족관계라고 한다.//

카카오맵 맛집 추천 지도 - https://www.photoguraphy.com/?p=3997",5
진주회관,비싼데 진하고 맛있어요,5
진주회관,"시청 진주회관,, 여의도 진주집,,
여름의 강자,, 콩국수 근본 투톱,,,

행복은,,, 어디에나 있는 것,,, ^^  
@azossii",5
진주회관,굳이 찾아가서 줄 서서 먹을 정도는 아님,2
진주회관,콩맛으로 콩국수를 즐기는 나에겐 너무 짯던 국물. 반면 김치는 너무 달아 단짠의 향연. 콩 본연의 맛을 즐기는 분들에겐 다소 추천하기 어렵다.,2
진주회관,"가격 외에는 만족.

구수한 콩물
적당히 졸깃한 굵기의 면발
맛있는 김치
편리한 위치
싹싹한 서빙아주머니들

분점을 안내는원치콰 성실납세표창장을 자랑스레 걸어둔 주인 마인드에도 별점 추가!
그래도 콩국수에 15000원은 용서가 안된다...",5
진주회관,콩국수 최고의 맛집,5
진주회관,가격값합니다... 엄청 진하고 고소한데 100퍼센트 콩만 있는 콩국물... 최고... 서비스 이야기 많은데 그냥 그랬어용 줄서서 먹을맛ㅋ,5
진주회관,만오천원이라는 가격이 아깝지 않을 정도로 콩국물이 좋고 김치도 맛잇음,5
진주회관,"맛은 있는데 카운터 보시는 여자분이 너무 불친절 합니다

다시는 안갈듯...",1
진주회관,사시사철 콩국수를 팔아주셔서 감사합니다,4
진주회관,"콩국수, 콩물 매니아라 유명한 집 다 먹어봤습니다. 식당에서도 먹고 콩물도 따로 사와 먹어봤습니다. 진주회관은 식당 위생이나 서비스, 가격 측면에서 많이 실망했습니다. 맛도 명성에 비해 그닥입니다. 오픈런 해가며 콩물을 사서 따로도 먹어봤는데 콩 함량이 높지 않은 게 느껴지고 간은 이미 꽤 된 것 같고 맛이 비릿합니다. 그런데 콩 함량이 훨씬 높고 비리지 않은 다른 콩국수집에 비해 가격도 비싸버리니... 찾아가진 않을 것 같습니다.",1
진주회관,"너무나도 유명한 서울 3대 콩국수 집이라 기대했는데, 기대만큼 맛있지도 않고 테이블도 깨끗하지 않아서 아쉬웠어요.
두번은 안갈것 같아요.",2
진주회관,"혹자에게는 못마땅할 수 있으나, 역시 명불허전이었다. '23년 7월 현재 한 그룻에 15,000원. 가격 때문이든 대기 때문이든 쉽게 갈 수 있진 않지만, 한번 가서 Iconic한 메뉴를 체험해볼만 하다 싶다.",4
진주회관,"콩국수는 여의도보다 맛있지만 김치가 아쉽
회전 빠름",4
진주회관,"여름에 안 먹으면 섭섭한 콩국수 먹으러 갔어요 두시에 브레이크인줄 알고 한시오십분에 초조해가며 갔지만 두시 넘어도 다 입장은 됩니다 
가격이 더 올라서 15000인데 솔직히 국수 한그릇에 이 가격은 좀 심했다고 느껴지네요 내년 여름에는 다른 곳 가서 먹겠습니다
혼자 갔는데 저에게 합석 괜찮냐 말도 없이 몇번 테이블 가라 해서 갔더니 혼자 먼저 오신 분이 국수한입 이제 막 뜨려고 하는데 같이 앉으라고 하더라구요 나도 어이가 없고 그분도 어이가 없었어요
최소한 합석을 시키려면 당사자인 손님한테 합석 괜찮냐고 양해를 구해야죠 합석이라고 줄 안서고 먼저 들어온것도 아니고 같이 줄 다섰는데요? 
그렇게 남는 자리가 아까우면 테이블 구조를 변경해서 혼밥석을 만들던가요. 회전율도 빠른데 왜 내가 모르는 사람이랑 같이 마주보고 국수 먹어야 되나요. 합석 안하겠다고 하니 미안해하면서 또 다른 테이블 가라 하긴 했는데 그 사이에 뒤에 줄슨 사람들 몇팀이나 이미 앉아서 국수 기다리고 있는거 보고 어이가 또 없었네요;; 회전율이 이렇게 빠른데 합석 굳이?? 
남이랑 불편하게 합석하면 할인해줍니까? 빨리 앉혀줍니까?? 한그릇에 한테이블 나가는게 아까우면 한명을 받지 마시죠 국수가 오천원도 아니고 만오천원인데 서비스가 정말 곤란한 수준이에요&hellip;.",2
진주회관,아무리 맛있어도 불친절해서 다신 안가요ㄴㄴㄴ,1
진주회관,"돈많이 벌면 뭐하나
불친절의 끝판왕
다시는 안간다
더럽게 비싸콩국수",1
진주회관,"이보다 더 친절하고 더 맛있는 집도 얼마든지 많아요!
가성비하, 기대이하!!!",1
진주회관,"소문이 자자한만큼 사람들도 많고 그만큼 회전률이 정말 빠르구요 일하시는 분들 모두 일사천리이세요!
김치가 진짜진짜 맛있고 콩국수도 맛있어용 하지만 제 기준 더 맛있는 콩국수들이 있어서..!",3
진주회관,"비싼 가격, 불친절함, 낡은 가게라는 조건에도 맛있다보니 찾게된다.",5
진주회관,웨이팅만 없더라면~~~~~~~~~~~~,4
진주회관,맛있음. 녹진함. 양 충분. 하지만 거리+가격 생각하면..? 모르겠. 친절도도 평범. 진주집과 맛있는정도는 비슷함. 김치는 그냥저냥 (이러면서 두그릇먹음),4
진주회관,"일하는 이모님들은 친절한데 주인으로 보이는 할머니, 아주머니는 매우 불친절 하고 고객들에게 짜증을 많이냄",2
진주회관,"김치는 달고 
제 입에는 콩비린내?가 좀 나요 ㅠ
기대를 많이 했나봐요..ㅠ",2
진주회관,콩국수러버 🙌 여름엔 콩국수 👍,5
진주회관,"맛이고 뭐고 싸가지 개없음
계산하는데 삼성페이줬더니 한숨푹쉬고 안되는데안되는데 이지랄 ♩♪♩하더니 나보고 중앙가서 계산하래서
가서 계산할라니까 계산하는 사람은 머 복잡하다고 다음에오라고 안보이시냐고 이 개♪♪♪♪~놓고 사과 한마디 안하네요
기분 개잡침 콩국수를 얼마나잘하는지 머 모르겠고
보니까 딴테이블도 주문 순서 엉망으로 받고 하면서 사과 한마디 안함 아니 메뉴 하난데 그거 순서 꼬여가지고 앞에 계신분 못드시는데 머 미안하다고 하기는 커녕 곧나와요~ 이러고 아주 적반하장 미쳤응
개차반같은 서비스 떠는데 이런데는 싹 씨가 말라야 함
머 과도한 친절을 바라는게 아니라 기본을 좀 지켰으면 좋겠음",1
진주회관,"비싸고 맛있어요
먹은 콩국수 중에 상위권..
그리고 김치가 너무 맛있었네요
보통 콩국수 먹을때 김치 많이 먹지않는 편인데
반쯤먹었을 때부터 김치 먹기 시작했더니
한접시 뚝딱이었어요
1인당 김치 한접시 씩 주는 이유가 있었어요

웨이팅은 좀 있었습니다
번호표 같은 것이 없어서 무작정 기다려야 하는데
브레이크 타임에 걸려버려서 기다리다가 앞쪽에서 순서가 잘려버렸어요ㅠ
브레이크 타임 이후에 다시 줄서야 했습니다ㅠ",5
진주회관,맛은 있는데 개인적으로 가격에 비해 특별한건 잘 모르겠네요,4
진주회관,"처음 콩국수를 내발로 직접 찾아가서 먹게끔 만든집, 어렷을쩍 신문에 모 기업 부회장이 사간다는 말을 듣고 궁금해서 가봣는데 , 왜그런지 알겟더라.
콩국수엔 김치랑 먹는게 금상첨화라는걸 처음 깨닫게 만들어주엇고 요즘같이 더울때 걸쭉하고 고소한 맛이 가끔씩 생각나게 되는 그런 맛이다. 그리고
음식이 꽤 빨리나온점이 좋앗다",5
진주회관,가성비가 좋은 건 아니지만 맛 하나는 진짜 최고!!,5
진주회관,콩국이 진하고 고소하네요,5
진주회관,"콩국물과 면, 김치 맛은 있으나 15,000원이나 되는 가격과 대기, 불친절한 직원들로 인해 다시 내돈내고 가고싶지는 않음",3
진주회관,다른 콩국수 집가서 이런 맛 못찾으니 비싸니 싸가지가엊ㅅ니 모니 해도 결국엔 가게 되어있움,5
진주회관,"오로지 맛! 만 보고 갑니다. 
비싸도 맛! 있어서 갈 수 밖에...
여름엔 오픈런 추천.",4
진주회관,"굳이 이 땡볕에 왜, 기다려서 먹는지 이해가 안되는 곳이에요. 숙소랑 가까워서 궁금해서 갔는데 동네 콩국수보다 못한 맛이고 게다가 비싸고..바쁘신건 알겠으나 불친절합니다. 절대 줄서서먹는 메리트 없어요. 다시 내돈주고 안가고싶어요&hellip;
*김치가 맛있어요. 그렇다고 김치를 기다려서 먹고싶진 않아요

시간들여 이런 리뷰 처음쓰는데 다시 안가려고 적어 놓습니다.",1
진주회관,가격도 15000원이고 맛도 별로없고.. 다신안갈듯,1
진주회관,화장실 칸막이가 있지만 공용임,4
진주회관,홀에 앉아 식사하는데 계산 및 전화 받으시는분? 왜케 불친절하게 대응하시는지&hellip; 사람 귀한 줄 아셔야지요 &ldquo;문 열었으니 전화받았겠죠&rdquo; 무슨 이렇게 답변을 하시는지..제가 당한 거 아니지만 불친절해서 다시는 안올 것 같아요.,1
진주회관,여의도 진주집 다른 지점인줄 알고 들어감 완전히 다른 가게였지만 맛있었다 맛있는데.. 진짜 맛있는디 휴지가져다 달라고 3번말했는데 끝까지 안주시다가 다 먹고 나가려고 일어나니까 테이블에 갖다놓음&hellip;혼자와서 그런가 싶었다..실소터짐&hellip;ㅜㅜㅎ 여기보다는 여의도 진주집 추천합니다&hellip;맛도 진주집이 나음,3
진주회관,콩국수 맛있어효 대기줄이 길지만 회전율이 높아서 기다릴만해욘,5
진주회관,"맛있긴 한데 불친절함과 지저분한 모습이 인상적이라 
더이상 못가네요;;",2
진주회관,불친절 +++,1
진주회관,맛의 신세계였어요👀 콩국물은 좋아하는데 콩국수는 별로인 제게 콩국수의 맛을 알려준 맛집입니다❤️ 섞어찌개 맛도 궁금해시켰는데 강추!! 맛있어요👍가격 안 착하고 사람많아 주문 밀리지만 국내산 콩 쓴다는 신뢰와 맛 하나로 다 괜찮은 곳입니다⭐️,5
진주회관,너무 맛있음 너무 든든하고 녹진함 최애 콩국수 김치도 대존맛,5
진주회관,말도 없이 닫아버리네,1
진주회관,"#먹자마자 #서울 일기
한줄: 역시 이렇게까지 유명한데에는 맛에 이유가 있다 

(2023.07.26 방문)
&bull; 일찍 퇴근하고 다섯시쯤 방문하니 웨이팅도 없고 빈자리 꽤있어 바로 앉아 바로 선불 주문
&bull; 여의도 진주ㅈ과 리얼형제가게라는 정보
&bull; 콩국수 보통 집에서 묽은콩물로 소면 삶아 만들어먹곤했는데, 유명한 맛집은 첨 가본것
&bull; 어머니의 영향으로 콩국수에 설탕파였어서 어쩌려나 싶었는데, 진하지만 부드러운 콩국에 달큰매콤한 김치 얹어먹으니 정말로 환상적이다. 김치가 진짜 미친 맛도리다 수육 땡기는 맛.. 면발도 탱글하지만 부드러운것이 넘맛있다... 보통여자한테 배부를 양인데 완국 해버렸다..
&bull; 콩국수(하얀음식ㅋㅋ) 싫어했던 친구도 맛있게 먹음 (다는 못먹음ㅋㅋ)
- 아근데 아래 후기에 배추 저딴식으로 관리하는거 해골물 마셔버려서 넘찝찝하네.. 맛보면 신선하긴하던데..
&bull; 여름 지나기 전에 다른 콩국수 맛집들도 가보고싶다

&bull; 화장실 매장내에. 안가봄",5
진주회관,"각종 매스컴에 하도 많이 소개되어 엄청 기대하고 먹어봤지만
사악한 가격 대비 전혀 맛있는 줄 모르겠네요
우리 동네 9,000원 콩국수가 훨 맛있네요
쫄면 수준의 면발도, 설탕 김치도 별로 리뷰 첨 써보지만 재방문 의사는 NO",1
진주회관,"요새 콩국수 투어로 전국 여기저기 다니던 중에
전통의 강자 진주회관을 다시 가봤음
옛날엔 여기만한 곳이 없다 싶었거든요
11시 오픈이지만 10시반에도 다들 드시던데요?
여름 핫시즌에는 조기오픈하시는것 같음
16000원 가격은 좀 에바.. 점점 오르네요..
뭐 평범한 콩국수집 보다야 진하고 괜찮은데
최근 미친듯이 콩국수만 먹고다닌 1인의 결론은
여의도 진주집 압승 드립니다....
게다가 거긴 1000원 쌈.. 맛은 뭐 말모말모...",3
진주회관,"맛으로는 ..
또 가고 싶은 맛
10년 넘게 다니고 있는 집",5
진주회관,인생콩국수......개인적으론 진ㅈㅈ 보다 맛있었어요!!!,5
진주회관,"매년 가격을 인상하지만
여름만 되면 다시 찾는다",4
진주회관,"고소하면서 크리미한 콩국수!
진한 콩국수라 맛은 괜찮은데 솔직히 이 가격에 이 맛...?
콩국수를 넘 좋아해서 환장하는 지인 아니면 같이 못가겠어요
그리고 친절하지 않아서 부모님 모시고 가기가 좀 그러네요
막 불친절한건 아닌데 그렇다고 친절하지도 않음
여유로울 때 가서 이정도지 바쁠 때 가면 기분 상할듯..",3
진주회관,"맛집 어그로에 끌려 방문했지만, 재방문 의사 0.1%도 없는 곳

콩국수, 김치 맛 솔직히 모르겠음. 여의도 진주집이 훨 나음

콩국수 가격이 꽤 있는 편인데 성인 남자 기준으로 양이 많아서 남길 정도.

여성 손님들 생각하면 그냥 양 낮추고 가격도 내릴 법 한데 후기에 여성손님들 무시하는 내용 있는 것도 그렇고 이상한 고집 부리는듯",2
진주회관,사먹어본 콩국수중에서 손에 꼽는다! 친구랑 코박고 먹었다 하지만 다른 리뷰들처럼 가격은 오잉이다..,4
진주회관,"콩국수가 주 메뉴이며 매우 맛있다.
하지만 가격이 너무 비싸다.
일단은 비싸도 맛이 좋고 유명한 맛집이라 찾는 사람들이 여전히 많지만 가성비를 생각한다면 심각하게 나쁘다. 
그래도 유명한 장소에서 콩국수를 꼭 먹어야겠다면 한번은 찾아가서 먹어 볼만함.
다만 백종원 콩국수 레시피 알면 굳이 갈 필요 없음. (맛이 거의 똑같음)",3
진주회관,"2024년 06월 방문
콩국수로 너무나 유명한 진주회관입니다.
예전부터 유명인들 핫플레이스로 유명하죠.
.
방문일 기준 콩국수 한그릇에 16,000원
제가 먹어 본 콩국수 중에 최고가격입니다.
.
솔직히 맛은 아주 좋습니다.
근데 가격이 ㅠㅠ
자주 방문하지 못하고 1~2년에 한번정도 방문입니다.
.
#진주회관콩국수 #콩국수맛집",4
진주회관,콩국수 👍,5
진주회관,이 돈주고 왜 콩국수 먹냐고.. 호불호가 갈리네요. 맛은 있으나 가격이 비싸고 위생도 좋지 않습니다.,3
진주회관,콩국수는 여기만 먹어요,4
진주회관,가격이 높은 편인데도 인기가 많아 그런지 점심시간에 가면 넘 붐벼요ㅠ 면이 짭짤한 편이라 간이 있는 거 좋아하시면 만족하실 거에요!,3
진주회관,콩국수 맛집,4
진주회관,"1티어 맛집은 맞는데 김치가 너무 달아서 호불호 갈림
첫입은 진짜 맛있는데 콩물 김치 둘다 달아서 중반부터 물린다.. 양도 진짜 많음 차라리 깨랑 고명 주면 안물릴텐데ㅜㅜ 콩물만 재구매의사 o 분명히 맛있지만 가격 싸가지때문에 1점뺌 한번쯤은 올만함 크리미&amp;달달 콩물 좋아하면 인생 맛집일듯",4
진주회관,나사의 기술력이 들어간 맛집...!,5
진주회관,"앉자마자 국수 나오는 곳. 빠르고 맛있어서 갑니다 친절한거 바라면 여기 가지 마세요. 
볶은 콩가루 특유의 고소한 맛이 느껴지는 진한 맛입니다",5
진주회관,"은근히 양 많고 맛있고 직원분들도 친절하시고 김치도 너무 맛있게 잘먹었습니다


가격이 너무 아쉬웠습니다 조금만 저렴했으면 더 자주 갈거 같아요",4
진주회관,가격은 너무 많이 올랐지만 그렇다고 이맛을 능가할만한 콩국수는 아직 못만났어요ㅜㅜ,4
진주회관,진한 콩국물에 달달한 김치의 조화가 나쁘지 않았다. 꾸덕하고 크리미한 맛이라 속이 든든하면서도 살짝 느끼함. 비싸긴 비싸다...,4
진주회관,"맛만 생각하면 지금까지 먹은 콩국수 중 최고.
다만 가격생각하면 너무 비싸서ㅠㅠ 근데 다들 오는거보면 적정가인가 싶다가도 아무리 생각해도 비쌈",4
진주회관,평범해요 김치 맛있다고 들었는데 제 입맛에는 좀 달기만 했어요.. 맛집 보다는 제대로 하는 집 이정도 인것 같아요,2
진주회관,"콩국이 진짜 진하고 고소해서 맛자체는 좋은데 비싼가격,위생,서비스부분 때문에 전체점수가 깎이는 집.. 특별히 불친절함 때문에 기분상한 일은 없었지만 너무 바빠서 그런지 손님들을 좀 귀찮아 하고 빨리먹고 빨리가세요 느낌이 강해요😟 

재방문의사 : 2/5",3
진주회관,"1. 위생최악
- 물 페트병 큰거에 주는데, 물 남으면 이것저것 섞음. 
- 서빙하는데 국수 위에 쟁반 얹는거 보고 충격. 철가루 낭낭하게 먹을듯.
- 20분 전에 먹고 간 자리도 안치움.

2. 서비스 최악
- 들어가고 15분 기다려서 주문. 유럽에서 인종차별받는 동양인이 된 기분
- 대충 보니 구역에 사람 수 채워져야 주문 받는 듯.
- 설탕 소금 달라하는데 넣을 필요 없다고 안줄려고 함. 그래서 원래 넣어먹는다고 하니까 &lsquo;네네~ 많이 넣어드세요~&rsquo; 이러면서 겨우 줌.
- 그마저도 순식간에 빼앗아감. 빼앗긴 설탕에도 봄이 오는가?

3. 맛
- 중국집 6000원짜리 콩국수랑 별다를게 없는 맛. 돈아까움",1
진주회관,"맛있어요
다만, 가격이 16,000원... 나만 비싸다고 생각하는건가!?
흠 그래도 장사는 잘돼요 ㅎ
불친절하다는 후기가 있는데 사람마다 그렇게 느낄 수 있는거 같아여 근데 저는 그냥 아줌마느낌으로 받아들였어요~
맛은 맛있어요. 다른 콩물보다 진하고 고소합니다. 양도 많아서 저는 오히려 양 줄이고 가격도 낮추면 좋을듯...
가격고려하면 2년에 한번 정도 올듯요 ㅎ...",3
진주회관,한번 가볼만해요,3
진주회관,"맛은 최고!
불친절과 가격은 무시무시",4
진주회관,"가격은 사악하지만 맛있어서 불만은 없음
김치가 너무 맛있어서 김볶밥도 궁금해짐",5
진주회관,"콩국수 원탑.
원래 검은콩국수가 훨씬 맛있다 생각하는데 진주회관의 흰 콩국수는 정말 어나더레벨.
그냥 서빙 된 콩국수도 따로 간 안해도 좋은 딱 좋은 소금 콩국수의 정석.
콩국 특유의 끝에 남는 느끼함과 미식거림이 전혀 없는 감칠맛의 향연.
담백하고 든든한 한 끼.",5
진주회관,"콩국수 말고 다른 메뉴는 주문을 안 받네요. 다른 메뉴는 안된다고 해서 어쩔 수 없이 콩국수 먹었는데, 설탕이랑 소금도 안 가져다 주네요!! 게다가 검정색이 있는 상태 안 좋은 김치를 가져다 주고 최악의 경험이었습니다. 제발 하나만 파실거면 메뉴판 좀 바꾸시길 바랍니다~

불친절하고 상태 안 좋은 음식 드시고 싶은 분에게는 꼭 강추드립니다~~ 꼭 강추요!!",1
진주회관,지금까지먹어본콩국수중최고♡♡♡♡♡,5
진주회관,비싸다고 생각할 수도 있지만 막상 먹어보면 그 가격이 아깝지 않은 국내산 100% 콩국물에 쫄깃한 면빨을 먹으면 더위가 싹 사라져서 주기적으로 방문하게 만드는 맛집,5
진주회관,콩국수 (11월 까지) 와 섞어찌개 1인분씩 입니다.  역시 콩국수는 맛있고 섞어찌개도 참 조합이 좋은 맛있는 찌개입니다. 반찬도 참좋고 매장은 크고 깨끗합니다. 웨이트가 없는 오후 2시에 방문 했습니다.,5
진주회관,먹을만은 하지만 가격이 넘 비싸다. 친절은 기대하면 안된다.,1
진주회관,"유일한 장점: 진한 콩국물과 면의 찰짐
그 외 단점은 너무 많음 - 김치는 심각 수준으로 맛없음. 

콩순이에게는 콩국수 하나만 믿고 연 1회 방문하는 곳...",4
진주회관,"콩국수는 역시고 김치볶음밥이 별미였다.
사람도 많지만 회전율이 빠르다.",3
진주회관,"콩국 진하니 맛있습니다만 바닥에 덕지덕지 붙은 테이프, 끈적한 테이블, 습기 가득찬 수저통, 묘하게 불친절한 아주머니들. 다시 갈 이유는 없어 보입니다.

비교적 더 깔끔한 진주집 추천드립니다. 맛도 비슷해요.",3
진주회관,"콩물 걸죽하고 진한맛은 괜찮았는데 김치는 맛없고 면이.. 쫄면인게 제 스타일은 아니었어요. 그리고 맛에 비해 너무너무 비싸고 시끄럽고 정신없음. 

김치는 진짜 콩국수맛을 해침. 이건 아닌거같아요 이게 최선인가?",3
진주회관,"좋아하던 곳이었는데
맛이 변한건지 제 입맛이 변한건지
김치애서 미원맛이 너무 나서 먹기 힘들었어요
약간 땅콩맛도 낫던 콩국물이라 좋아했었는데 
오랜만에 방문랬다가 대실망했네요
여사장님은 언제 정신 차리실건지 여전히 직원분들께 야야가리고 있고요 이젠 다시 찾아가진 않을 것 같아요",1
진주회관,"묵직한 콩국수러의 길을 갈 것인지, 마일드 가벼운 콩국수로 타협할 것인지 시험해볼 수 있는 곳. 필자는 후자. 불친절, 번잡, 비쌈.",3
진주회관,콩국수 걸죽하고 맛있어요! 분위기는 시끄러운 편이에요,5
진주회관,"물가(농산물 물가, 인건비)가 오른 거에 비해 가격이 터무니 없이 올라서 다시 안가게 됨.
이런 거 상관없이 무지성으로 가는 사람은 어쩔 수가 없다고 해도 장기적인 관점에서 가격을 어느정도 합리화할 필요가 있음.
이정도의 콩국수는 대체재는  얼마든 있기에 이젠 안녕~",1
진주회관,"콩국수 집으로 정말 맛있는 집이다.
매 년 콩국수 시기가 오면 찾아가는 집!
김치가 한 몫을 한다.

단점은 인기가 너무 많아서 줄을 서야 된다는 점..
그럼에도 회전율은 좋아서 오래 기다리지 않아도 된다.",5
진주회관,저는 여기의 진한 콩국물이 좋아요,4
진주회관,"한번 가본 사람은 있어도 2번 가본 사람은 잘 없는 느낌. 

노 사장 부부가 좀 직원들에게 엄청 뭐라함 ;",1
진주회관,생각보다 별로였..,2
진주회관,여름철 콩국수맛집 인정 여의도 진주집과 동등한 맛집 형제간인가??,5
진주회관,"콩국수는 3.2일인가 1일인가부터 한다고. 섞어찌개는 가정용 버전의 부대찌개인 듯. 꽤나 맛있다. 김치볶음밥은 호박이랑 돼지고기랑 채소 잔뜩 넣고 해서인지 건강도 챙겨주네 하는 기분. 김치 볶음밥 시키니 인원대로 앞접시에 소분해준다. 반찬도 개별로 준다. 후딱 먹고 빨리 일어나라고 재촉하는 시스템인 듯. (난 오히려 좋아) 

식탁위 음식은 좋았지만, 여사장으로 보이는 분이 일하시는 분들에게 참으로 매섭게 해서(그날이 특별한 거 아닌. 그냥 평소에도 그러는 듯) 듣는데도 좀 후덜덜했다. 요즘에도 저런 사람이 있구나.",4
진주회관,1호선 느낌이 물씬 풍기는 새치기 하는 못배운 노인+소리만 지르고 위생개념 따윈 없는 종업원들의 콜라보로 인하여 우리 부모님은 저렇게 안 늙으셨으면 좋겠다고 생각하게되는 식당.,1
진주회관,윽... 뭐 나왔는데 사과없고 화내심,1
진주회관,"남자 사장 서비스가 별로라 사먹어주기 싫음...
(맛은 보통 콩국수 맛이었음)",1
진주회관,"하도 맛있다고 난리라,
콩국수 별로 안 좋아하는 내가 맛을 분석해 보았는데
이 집은 국물보단 면이 일품인 것 같음.
솔직히 국물은 나도 따라 할 수 있을 것 같음.
면은 탄력 인정&hellip;. 근데 가격 대비 훌륭하다 이건 아님
11.14",2
진주회관,"콩국수 여기서 끝났다
다른곳 이제 못가요..
여기가 그냥 콩국수 원탑이예요",5
진주회관,16000원이지만 정말 맛있다 그리고 회전율도 빠름,4
진주회관,"일단 가격이 16000원 이다. 와우. 음식에 가성비 별로 생각 안하는 편이지만, 명백히 비싸다

맛은 국물은 진한 아니 찐한 두유 맛이고, 면은 살짝 탱탱하고, 양은 성인 남성 기준으로는 적당하거나 좀 모자란 정도

김치가 먹어본 김치 중에, 맛은 있지만, 제일 달다. 여기가 백반집이었으면 김치때문에 안 왔을 거다. 그런데 콩국수는 어쨌든 느끼한 음식이고 그러면 김치는 필수인데, 보통 김치였다면 콩국수 맛을 가렸을거 같다.

그리고 여기뿐만 아니라 타 유명 가게 후기에서도 마찬가지인데, 불친절하다는 글이 자주 올라오지만, 실제 내가 겪은 적은 거의 없는 거 같다. 그냥 퉁명한 대응은 많이 봤지만 서도. 추가로 그런 서비스 받으면 분기탱천하게 되는 마음은 알겠지만, 그걸 꼭 별 하나로 표현해야 하나 싶다. 어쨌거나 음식점은 음식맛 평가가 본질이고, 그러기도 싫은 기분이라면 차라리 안 쓰는 게 어떨지 싶기도 하다.

콩국수에 한정해서 별 세개반(맛있고 근처면 가끔 옴), 후기에는 별 인플레를 감안해서 기입했음",5
진주회관,"사장님 마인드 이런건 모르겠고 비싼 값은 함.

쫄깃한 면발, 적당한 짠맛, 생크림처럼 고소한 국물. 엄청 맛있다기보단 좀 다른 느낌

콩국수 어차피 자주 먹지도 않는데 갈만은 하다고 봄.
줄 엄청 길다",4
진주회관,비싸지만 너무 맛있어요,5
진주회관,"진한 콩국수 단백하고 소금이나 설탕 안넣어도, 간도 딱좋고, 김치도 시원하고 맛있었음
가격은 사악함",4
진주회관,사람들이 김치를 리필하길래 뭔가 싶었는데 정말 . 김치가 눈물남,5
진주회관,"진주회관이 가격을 매년 올리는 이유는 투명합니다. 현 사장님은 가업을 물려받으신 것이고, 이미 부모님대에 부를 많이 축적하셔서 현재의 맛집을 운영하는 것에 귀찮음을 많이 느끼고 계십니다. 손님의 귀중함도 전혀 알지 못 하시고 그냥 속 편한 부자로 살고 싶으신 거예요. 실제로 &lsquo;손님 오지 말라고 그냥 가격을 올린다&rsquo;라고 하신 거 잘 알고 있습니다. 
맛집을 운영한다는 자부심이나 가업 계승의 사명감 따위는 전혀 갖고 계시지 않습니다. 
딜레마입니다. 그래서 가지 않아야 할지, 그럼에도 맛보기를 포기하지 않고 가야할지. 
속상합니다.",2
진주회관,맛있지만 비싸고 양이 적음.,3
진주회관,"&lsquo;나는 왜 콩국수집에서 김치가 다시 생각날까&lsquo; 

한끗 다른점은 담백하고 걸쭉한 콩국물에서도 찾을수 있지만 저는 이집에 김치가 너무 맛있었습니다,  달달하면서도 감칠맛이 도는 진주회관의 김치는 아직도 제 머릿속을 멤돌고있습니다",4
진주회관,제 아무리 맛이 있다해도 국수가 서민의 등골을 빼서는 안 됨,1
진주회관,"콩국수가 왜 유명한지 알게 되는 맛
주차는 확실히 서울이라 너무 불편하고ㅠ 매장이 정신없고 불편하지만 여름에 콩국수가 생각날 때 한 번쯤 먹을법 한 맛!
김치는 너무 짜고 달고 해서 딱 콩국수용인듯",4
진주회관,"6~7년 전 콩국수 한 그릇에 9,000원일 때 왔었는데, 그사이 16,000원이 됨..",3
진주회관,콩국 맛 좋은데 사실 이 정도 잘 하는 곳은 좀 있죠. 양대산맥 정도는 아니다 싶고 그냥 좋은 콩 충분히 넣으면 되는 맛. 면이 굵지 않고 적당히 쫄깃해서 좋았습니다. 김치는 예상외로 단맛 신맛이 살짝 도는데 일부 불호가 있을 수 있으나 맛있게 먹었습니다. 맛집은 보통 부산스럽긴 한데 여긴 정도가 너무 심해요. 김치 더 달라고 하고 싶어도 말도 못거는 분위기에 완전 돗대기시장이라 다 먹기 전부터 그릇 치우려고 서성댑니다. 편한 지인하고는 괜찮아도 어른이나 부모님 모시고 갈 거면 다른 곳 추천합니다. 여기 이모들 테이블 회전수 올려야 인센티브 받는다에 500원 걸겠습니다.,3
진주회관,"1)맛: 맛을 한 마디로 표현하면 &lsquo;크리미한 콩국수&rsquo; 라고 볼 수 있습니다. 콩국수는 콩국을 사용한 묽은 스타일과(얼음동동+오이고명+깨소금) 점도가 높아서 되직한 스타일 두 가지로 나뉩니다. 전자는 주로 시장 스타일로 시원하게 들이키는 깔끔한 맛이 강점이었죠. 크리미한 스타일은 적당히 간이 되어있는데다 부드러워서 고소한 맛을 극대화하는 강점이 있습니다.

 진주집은 크리미한 콩국수 계열의 대표주자입니다. 주문 하자마자 바로 나옵니다. 커다란 그릇에 면이 살짝 잠길만큼 진하고 되직한 콩국물이 부어져서 나옵니다. 반찬은 오로지 김치 하나. 하지만 맛은 정말 만족스럽니다. 진주회관 콩국수의 비결은 되직한 콩물입니다. 면도 적당한 두께감이 있어서 젓가락으로 들어올리면 콩국물이 그대로 빨려들어옵니다. 시작부터 끝까지 부드럽고 고소한 맛을 음미할 수 있는 것이 이 집의 강점입니다. 한여름철에 줄서서 일부러 먹을 필요는 없지만 근처에 갈일이 있다면 추천하고 싶습니다.

2)위생: 테이블 회전이 빠르고 냉방이 잘되어있습니다. 높은 회전률 때문에 사람으로 붐벼서 위생이 아주 깨끗하다는 느낌은 없지만 식기나 그릇은 깨끗했습니다. 

3)매장&amp;서비스: 사람이 워낙 많고 장사가 잘되는데다 대기예약이 많다보니 친절한 편은 아니었던 것으로 기억합니다.

4)가성비: 한그릇에 16000이라 가격은 아쉽지만 근처에 가면 먹어볼 만한 집입니다.

5)강점 및 단점
강점-&lsquo;크리미한 콩국수의 원조집.&lsquo;
단점-&lsquo;1.6만은 물가 감안해도 높은 가격.&lsquo;

*총평: 진하고 크리미한 콩국수의 대표주자",4
진주회관,"도대체 왜 줄서서 먹는지 1도 이해안됩니다.
다른 콩국수와 맛도 별 나지않으면서 비싸고
여사장님 고함소리에 불친절까지.",1
진주회관,"1시반에 갔는데 끝났다고 해서 왜 끝인가요?라고 질문햇더니 
사람 쳐다도 안 보고 끝났어요 하면서 절 확 밀치네요
살다 살다 식당에서 이런  불쾌한 취급 처음 당하네요
나중에 찾아보니 브레이크타임떄문에 끝났다고 한거 같은데  그럼 설명을 하던가
귀찮으면 사람 밀쳐도 된다는 마인드라니.. 어이없네요",1
진주회관,"진주집 콩국수를 정말 좋아해서 방문해봤는데, 여기 진주회관 콩국수는 맛이 다르네요..",2
진주회관,배가 불렀는지 드럽게 불친절함.,2
진주회관,토요일 점심에 갔는데 줄을 많이서서 들어갔습니다. 콩국물이 진하기는 한데 제 입맛에는 좀 짜서 물을 부어 먹었습니다.전채적으로 맛은 괜찮은 편인데 가격이 좀 비싸고 굳이 찾아가서 먹을 맛은 아닌 듯하네요. 판고로 대중교통이용히새요. 주차 공간이 없이서 힘들었습니다.,3
진주회관,살면서 한번쯤은 먹어봐야할 맛,5
진주회관,"방문당일 점심 
역시나 어마어마한 웨이팅

4명온 팀을 고르시더니 이유없는 프리패스로 빠른 입장(?)
가끔 후기에 보아던 일을 직접 겪었네요

콩국수와 콩물 맛은 여전한데
김치는 이전보다 조금 맛이 약해지지 않았나 하는 느낌

가격이 사악하다는 이야기가 많은데 뭐 어쩌겠어

여름에 웨이팅을 보면 메뮤를 왜 콩국수로만 하는지 이해가 되는데 안되는 분들도 많콩국수 콩국수 나보네요",4
진주회관,"자타공인 콩국수 귀신으로서 감히 우리나라 1등 콩국수라 후기를 남겨봅니다,,총총",5
진주회관,"맛있긴한데 16000원은 좀 과했음(23년 15000원) 친절한것도 아니고 김치도 두번은 불러야 겨우주네
매년 오고 있지만 이제 마지막입니다",2
진주회관,"좀 많이 비싸긴 하지만, 콩과 국수만으로 이 정도 경지 만들기 힘듦",4
진주회관,여기만의 콩국수 맛이 확실하게 있어서 재방문의사 1000% 김치매우 존맛탱,5
진주회관,맛있는데 가격이 계속 올라서 1년에 한 번 먹은 걸로 넘어가야겠어요. 내년에 또 올게요,5
진주회관,"Only one Menu available, a little bit overpriced, toilets out of service",2
진주회관,"1. 맛은 괜찮으나 과하게 비싼 가격
2. 자리 안내 교통 정리도 안됨
3. 앉으라고 해서 앉았더니 다른 직원이 자기 구역이라고 일어나서 나가라고 소리지름

오늘이 인생 마지막 방문이 될 것",1
진주회관,맛있고 국물이 진합니다. 김치도 진짜 콩국수를 위한 김치인양 진짜 맛있습니다. 근데 굳이 웨이팅을 해서 먹어야하는지는 의문입니다,3
진주회관,그냥 그래요&hellip; 16000원은 진짜 아닌듯,3
진주회관,"콩국수 맛은 괜찮은데 김치가 달고 이상한 맛이 나요 
불친절은 못 느꼈는데 테이블 관리가 안 됨 너무 더러워요&hellip;! 가격도 넘 비싸고 콩국수 맛 하나 보고 가기엔 고민되는 단점이 넘 많음! 바쁜 매장이라 그런가? 개선됐음 좋겠어요",3
진주회관,"콩국수 16000원;;;찌개 안팔거면 메뉴 내리던가, 장사 개같이하네",1
진주회관,맛은 있는데 종업원들이 엄청 불친절하고 한가할땐 중국드라마 크게 틀어놓고 앉아서 그거 보고있음. 손님 있는데도.,2
진주회관,"콩의 고소함이 1도 없는 콩국물 

쫄깃을 넘어 진짜 쫄면이 아닐까 싶은 어색한 면

콩국수와 먹다 보면 속이 느글느글 해지는 설탕김치",1
진주회관,"국물은 걸죽하고 면은 탱탱해서 맛있어요.
까느보나라 같음. 갠적으론 3대중에 최고!",5
진주회관,콩국수는 안먹어봤고 김볶은 맛있음👍,4
진주회관,"듣던 대로 홀서빙이 최악이고, 도저히 주변에 추천할 수 없는 가게입니다.
친절이라곤 전혀 느껴지지 않는 한 마디 한 마디.
거기까지는 이해하려 했으나, 별도로 요청해서 받은 리필용 콩국물을 반 정도 부어서 간을 맞추고 있는데 와서 묻지도 않고 그 콩국물을 저희 그릇에 붓고 치우더군요.
어이가 없어서 얘기하니, &lsquo;리필용 그릇을 치우려고 그랬다&rsquo;는 더 어이가 없는 답변을 받았습니다.
버젓이 앉아서 먹고 있는데 와서 마음대로 손님이 먹고 있는 그릇에 내용물을 부어 버리고 치운다는 생각을 한다는 거 자체가, 이 가게에서 어떤 마인드로 찾아오는 사람들을 대하는지 알게 됐습니다.
다른 서버분들이 모두 그렇다고는 할 수 없겠지만, 방문 전에 이미 불친절에 대한 얘기를 들었고 실제로 방문해서도 몸소 최근 몇 년 사이 최악의 경험을 한 곳이기에, 다시는 찾지 않을 것 같습니다.",1
진주회관,"진짜 해도해도 너무한다 싶은 김치
이전까지는 김치가 너무 달고 맛없어도 콩국수가 맛있으니 종종 다녔는데 이번에 방문했을땐 너무하다 싶을 정도로 김치가 맛이 없어서 다신 안 갈 것 같습니다. 
남은 반찬 재사용을 하는건지 한 그릇 안에 담겨있는데도 젓가락질 한번마다 익은 정도가 다른 김치가 들려오고 배추를 설탕에 절인건지 뭔지 어떤 정도의 재료를 쓰는지 눈에 빤히 보이고 욕이 나올 정도로 맛없네요
김치 안 드시고 콩국수만 드시는 분들은 가실만한듯 싶습니다",1
진주회관,"왜 유명한지 모르겠습니다.
콩국수 엄청 
비싸요~
양을 줄이시고 가격도 줄이는게 좋을듯 합니다.",2
진주회관,여기는 종업원들이 손님있는데서 서로 뒷담이나 까고 제정신인가 싶다 그리고 배추를 설탕에 절인건지 김치가 달짝지근함,2
진주회관,저는 일반적으로 불친절한 가게에는 사전에 파악하여 아예 가질 않거나 가도 다시는 안 가는 경향이 있습니다. 그런데 여기는&hellip; 그 예외입니다. 가격도 비싼데 여기를 능가하는 콩국수집을 아직까지 발견하지 못 했어요.,4
진주회관,진짜 맛이 죠아요옹,5
진주회관,"작년인가 콩국수 철 끝나기 직전에 방문함
콩국수가 진하니 맛있긴한데....특별하지는..?
그래도 오래된 집이니 돈맛에 휘둘리지말고 오래 살아 가면 좋겠다 이미 좀 휘둘려 계시지만...
좀더 친절하시면 좋겠음",3
진주회관,"워낙 소개도 많이되고 콩국수하면 여의도 진주집과 시청 진주회관. 

여름되면 한 두번씩가서 먹는 곳이지만 착하지 않은 가격과 더 착하지 않은 서비스 마인드. 오늘 간만에 방문했지만 이 가격에 깨끗하지도 않은 환경, 심드렁한 직원들의 서비스마인드를 보면서 더는 방문할 마음이 없어짐.",1
진주회관,"맛은 5점이었다&hellip; 
콩국수 자른 가위를 그대러 가져가 다른 테이블 김치 자르는 모습을 목격하기 전까진..",1
진주회관,불친절 비쌈,1
진주회관,콩국이 진하고 맛있고 김치와의 궁합도 좋음. 하지만 웨이팅이 심하고 가격이 너무 비싸 다시 방문할 것 같지는 않다!,3
진주회관,"갠적으로 소면콩국수 좋아하는데 쫄면스탈이라 -1점
한그릇 16,000원의 가격 -1점
여기보단 여의도 진주집이 국물이 더 맛있고
가성비 맛 다 따져보면 행주산성 가나안국수집이 최고",3
진주회관,비싸 근데 맛있어 비싸 근데 맛있어 비싸 근데 맛있어 비싸 근데 맛있어 비싸 근데 맛있어 비싸 근데 맛있어 비싸 근데 맛있어 비싸 근데 맛있어 비싸 근데 맛있어 비싸 근데 맛있어 비싸 근데 맛있어 비싸 근데 맛있어 비싸 근데 맛있어 비싸 근데 맛있어 비싸 근데 맛있어 비싸 근데 맛있어 비싸 근데 맛있어,3
진주회관,"맛은 괜찮았습니다 
김치는 제 입맛에 너무 달았고요
근데 직원분들이 너무 불쾌해서 먹다가 체했습니다.",2
진주회관,"혼자 방문하니까 엄청 눈치주고 싫어하네요  나중에 온 다른 손님이랑 앉혔으면서 ㅋㅋㅋ
직원들 자기들끼리 짜증내는 것도 듣기 싫어요",1
진주회관,"네이버에는 11시 오픈이라 써있는데
1시반 쯤 가서 콩물 포장하려하니
10시에 이미 다 나갔대요 
근데 제 뒤에 손님은 계속 들어가는데요?
글쎄요 그냥 콩물여유분을 안만드시거나
네이버 오픈시간이 틀린거 같은데
수정했으면 좋겠어요 헛걸음만 2번~~
짜증나서 먹겠나~~",2
진주회관,맛은 있는데 너무 가격이 많이 올랐어요..찾아서 방문할정도는 아닌듯,3
진주회관,"웨이팅은 진짜 긴데 
그래도 콩국이 맛있어요 !",4
진주회관,콩국수 맛집 6시 전에 가니까 줄도 없고 자리도 많았다 특별히 불친절하진 않았고 음식은 선불인데 자리에 앉아있으면 카드를 가져가서 계산해준다 5분도 안 되어서 정말 빨리 나왔다 콩물은 진했고 면발도 탱글탱글했다 다만 콩국수만 먹으면 내 입맛에 조금 싱거워서 소금이나 설탕을 찾아보았는데 테이블엔 없고 달라고 요청해야 하는 듯 했다 그러나 김치와 같이 먹으니 간이 딱 맞았다 콩국수보다 김치가 더 맛있었다 정말 맛있으나 16000이라는 가격은 조금 아쉬운 부분,4
진주회관,"콩국수가 16,000인게 말이되냐 진짜???
기껏해야 콩이랑 국수인데
돈에 눈이 뒤집혀서 가격 개비싸게 받아먹음",1
진주회관,"면이 맛있어요
그래서 면 추가(5천원) 했는데 오래됐는지 늘러붙음.. 맛에 비해 가격이 있습니다",3
진주회관,"(24.07.13) 콩국수 16,000원. 오후 2시 - 2시50분 콩국수뽑는 솥 물교체 시간으로 문 닫는데 40분 좀 지나면 입장 시작,테이블이 워낙 많아 왠만하면 대기인원 한번에 입장 가능한거 같았어요 

(22.08.28) 콩국수는 다 거기서 거기 같은데도 10년 넘게 찾고 있는 집. 친절 이런거 기대하면 안되고, 앉으면 바로 나오는 콩국수 한그릇 후다닥 먹고 나오는데 길어야 30분인데, 13,000원이란 가격과 매치가 안되는 집이긴 해욬",4
진주회관,진짜 고소해요,5
진주회관,"콩물은 크림같이 부드러운 질감이었고 면은 부드러운 쫄면 느낌이었어요
크게 아쉬운 점 없이 먹긴 했지만 가격은 다소 높은 편인 것 같아요",3
진주회관,"서울 미친 물가를 느끼고 싶다면 여기 가세요
평범한 콩국수+달기만 한 겉절이 뿐인데 가격은 삼계탕 수준이네요 양은 드립다 많아서 먹기도 전에 질려버려요...반도 못먹고 나왔습니다",2
진주회관,"7,8년전에 와보고 오랜만에 오네요. 땀을 흘리며 종로에서 걸어왔어요. 11시 조금 넘었는데 이미 안은 꽉차고 줄이 길게 있어요. 참으로 먹는데는 다들 부지런하네요. 4명은 바로 2층으로 프리패스에요. 여기2층있다는건 처음알았네요. 15분정도 기다리고 입장. 먼저 김치부터. 달달하니 자극적이지 않고 감칠맛나네요. 김치가 맛있으니 이미 반은 성공. 콩국수가 나왔어요. 정말 꾸덕꾸덕하고 진하게 고소하고 구수한맛이에요. 면을 콩국물? 에 잘 비벼먹는다는 느낌이에요. 콩국물이 이렇게 진하고 고소하다니 😭 국수를 콩국물에 잘버무려서 김치와  한젓가락 하니 고소함과 달달함이 같이 느껴지네요. 정말 맛있게 잘먹었어요.",4
진주회관,"콩물 맛있고
면 덜 익어 나와서 맛없었음
16,000 가성비 안 좋음",3
진주회관,"불친절? 원래 맛에 신경쓰지 친벌함에 그닥 신경쓰지 않아요
가격? 원래도 턱없이 비쌌고 거기서 천원 더 올라도 맛만 있으면 괜찮아요 어차피 카츠같은것도 이정도하는데

근데 문제는 맛이에요 그날만 유독 그랬던 것인지 잘 모르겠는데 좀 시큼한 맛이 났어요 담백해서 김치랑 잘 어울어져야 하는데 그렇지도 않았고요. 같은날 저랑 같이 가진 않았지만 다른 지인도 동일하게 느꼈다고 하네요. 조만간 한번더 가봐야겠어요.",3
진주회관,"콩국물이 진하고 맛있습니다. 그런데 좋은콩으로 집에서 갈아서 먹어도 이정도 맛은 나옵니다. 집에서 하기가 번거로워서 그렇치. 결국 집에서 해서 먹는 번거로움을 조금 해소한다는 차원에서 먹는 콩국수인데 그 대가가 너무 가혹합니다
1.가성비가 최악입니다.  그 누군가 먹었다더라는 광고만을 앞세워 김치한접시와 콩국수를 가지고 12000원을 받는건 좀 심합니다  12000원에서 또 1000원을 올리셨네. 떼돈 버세요
2.서비스가 최악입니다. 콩국수한그릇과 김치한접시를 그냥 던지듯이 탁자위에 올려놓습니다. 김치 리필요청해도 들은척도 않합니다
3.불가피하지 않은 선불은 손님에 대한 결례입니다. 음식점중 역전앞등 특수한 경우가 아니면 선불하는 업소가 거의 없습니다.  선불이고 후불이 중요하지는 않으나 음식값선불은 손님에 대한 몰예의입니다

##사족
민주주의는 다수결입니다, 
다른 사람 평가하기를 살펴보시기 바랍니다. 일부 식도락가님들이나,  가성비나 기타 서비스등 따지지 않고 오직 맛에만 집착하시는 분들만 긍정적인 평가이고 그외 대다수 분들이 부정적인 평가를 하고 있음을 유념하시기 바랍니다. 참고로 맛집 이렇게 악평하는 거 생전 처음입니다. 끝

▶공감이 가는 다른 분의 글이 있어서 복사해서 또 올립니다
1점  
별점 1점도 아까운 집
불친절의 끝. 제정신인가 싶을만큼 불친절합니다. 
그렇게 짜증낼 정도로 스트레스받으면 장사하지 마세요 
짜증내는 소리 들으면서 먹으니 음식 안 넘어감
그리고 손님 많다고 사람한테 무례하게 대하는거 당연하게 생각하지 마시구요
다른 손님들한테 비키라고 소리지르고 무안주는거 정말 너무 놀라서 신고할 곳 있는지 집에 와서 찾아봤네요 
가성비 엄청 떨어지는데 와주는 손님 감사하게 생각하고 하대하지 마시길.. 갑질당할려고 만삼천원내고국수먹으러 간 거 아닙니다
그리고 노포집은 오래됐으니 더러워도 되는건가요?
이 시국에 테이블 안 닦아주고 수저도 엄청 더러워요
영수증 못 찍어와서 네이버나 다른 곳에 리뷰 못남기는게 너무 억울하네요 
위생&amp;서비스 최악. 
저런 모습 보니 국수에 미리 간을 해서 짠거 조차도 배려없고 폭력적으로 느껴집니다.

*공감이 가는 다른 분의 후기
법카로 먹는거 말고는 내돈으로는 절대안옴ㅋㅋ
반찬은 김치 딸랑 하나 주고 점심에는 콩국수장사만함
돈버는건 좋은데 인심좋게, 친절하게 벌어야지 않겟습네까?

무슨 금요일 저녁 만선호프처럼 다닥다닥 붙어있는 교활한 좌석구조. 만삼천원음식 대접하는 곳 아님 그냥 시장임ㅋㅋ

항상보면 화나있는 서빙아줌마 표정, 집게사장처럼 손님들 쑤욱 훑어보고 뒷짐지는 여사장.

가격이오르면 퀼리티가 좋아져야하는데 김치에 들어가는 설탕만 늘어난듯ㅎ

ㅎㅎㅎ요즘은 법카로가자해도 여기안감
직장인들 호주머니 털어서 만웡 만천원 만삼천원 판가인상했겠지만. 평점 보소 경각심을 가져야함 사장네
■2023년8월4일 작성
-헐, 지금은 15000원으로 다시 올랐네. 
-성북구 길음동 시장안에 가면 중국산 콩국물 2인분이 4000원인데 이거 사다가 콩국수 해먹어도 이집 콩국수맛과 별로 다른 차이를 못 느꼈으니 이글을 보시는 분들은 길음동 중국산 콩물로 콩국수해드시길 적극 권장드립니다
-참고로 진주회관측에 묻습니다. 콩물로 사용하는 콩이 국산인지, 중국산인지 아니면 국산에다 중국산 몇%를 섞어서 사용하는지 이 기회에 밝히시기 바랍니다

다른 방문자의 평가를 올립니다",1
진주회관,"김치가 맛있다
콩국수는 그냥 평범한 콩국수&hellip;. 가격이 너무 비싸서 놀람 테이블 간격이 좁고 시장통같다 
재방문의사는 없음 ㅜㅜ&hellip;",2
진주회관,군더더기 없이 깔끔하니 맛있습니다. 단지 웨이팅이 좀 많이 있을 뿐...,5
진주회관,콩국수의 양대산맥 중 하나,4
진주회관,콩국수가 더 맛있기는 쉽지 않을듯~!,5
진주회관,"리뷰 그대로 딱 3점 정도인 식당이다
금요일 11시 40분에 줄서서 12시 10분에 들어감
나올때 오후 1시였는데 그땐 10분 정도면 들어 갈 것 같았음
김치는 진짜 맛있다 .. 김치 먼저 먹고 나니 눈 앞에 있는 콩국수 대신 칼국수가 땡겼음..
16000원은 위치 생각해도 값어치는 없었다!
경상도에 이것보다 콩국수 맛집 훨 많음",3
진주회관,맛은 괜찮은데 가성비가 극악이라..,3
진주회관,비싸긴한데 크리미하고 마싯내요,4
진주회관,1시30분에 갔더니 빈자리 많은데 굳이 구석(그것도 타인과 합석)에 앉으라는 서비스 정신 상태는 뭡니까? 콩국수 먹어 보니 별거 없던데 왜 1만6천원이나 하나요? 호구되고 싶은 사람만 가면 될듯요. 한번은 모르고 가도 두번은 절대 안감.,1
진주회관,콩국수 넘맛,5
진주회관,맛이 있고 없고를 떠나서 아무리 바빠도 손님을 대하는 직원들 자세가 너무 불친절함. 맛있는 콩국수 먹여줘니 감사히 여기라는듯한 느낌..다시는 안온다,1
진주회관,친절이란 눈꼽만도없는 식당,1
진주회관,"아 여기 콩국수 진또배기..
가격 좀 나가고 건더기 없지만 ..
그저 맛있는데요 ㅠ",5
진주회관,"겉절이는 너무 달고, 콩물국수는 너무 짰어요. 손맛 입맛에 근거한 음식을 하시지 말고 맛있을 때 계량 해서 하시지 그랬어요. 할머니 음식 먹는 기분이에요. 간이 너무 쎄고 사실상 간이 안 맞아요.콩국수",2
진주회관,"비싸
그래도 일년에 한 번은 가야하는 곳",3
진주회관,매년 방문하는데...올해는 뭐가 바뀐건지 맛이 예전만큼은 못한거같아요. 가격은 또 천원 올라서 1.3만원인데 흠..,2
진주회관,"음식은 맛이 8할이라지만 진짜 맛만 있어서 별 3개한거지, 너무 비싸고 불친절은 말해 뭐하나...",3
진주회관,"불친절함, 위생, 가격 둘째치고 걍 맛있습니다",5
진주회관,뭔가 이상하게 끝에 단맛이 나는데 왠지 모르겠음,3
진주회관,"가격이 좀 슬프지만... 콩국수 끝장남
매년 여름에 두번은 꼭 가줘야함",5
진주회관,초심을 잃으신것 같습니다. 위생에 좀더 신경써주세요.,2
진주회관,"콩국수 매니아에게는 비추
국물이 분말로 만드네요
13000원 정도면 콩갈아서 주어도 될텐데
부산 금정구 국수가 맛집 강추
진짜 검은콩 갈아서 나옴
사리 추가하니 4천원 부가되네요 헉",2
진주회관,유명한 건 알겠지만 콩국수가 넘 비싼거 아닌가요? 국수에 금가루가 붙어있는 것도 아니고,2
진주회관,"장: 긴 대기줄만큼 빠른 회전속도
단: 콩국수치고 비싼 가격",3
진주회관,진짜 이거 팔아도되는건가요.. 고기에선 냄새엄청나고 맛이 말도안됩니다..,1
진주회관,콩물 진하고 맛있어요,4
진주회관,아줌마들 왜그래요? 서비스가 최악..,1
진주회관,맛만있음,4
진주회관,"Since 1962.  대치동 '맛자랑', 여의도 '진주회관'과 함께 서울 3대 콩국수. 불친절한 서빙과 선불 그리고 터무니 없이 비싼 가격을 지워 버리는 진땡이 콩국수 !!! 콩국도 콩국이지만 쫄깃하고 탄력있는 면발이 진짜 예술이다.",4
진주회관,"일하는 아줌마 서비스 -100 
기분더러웠고 다신 안가요",1
진주회관,"콩국수가 왜이리 비싸지 했지만 정말 찐하고 고소한게 집가면 생각나는맛....
하절기엔 콩국수 단일품목으로 하고 홀도 넓어서 회전 빨라요
아무 고명없이 콩국수에 배추김치만 나오는데
간이 딱 짭조름하게 돼있어서 달달한 김치랑 먹다보니 정신없이 콩국물을 퍼먹게 됩니다....
괜히 저돈주고 콩국수를 먹는게 아니구나 싶은!
콩국수 좋아하는 분들은 시도해보세요",4
진주회관,"진짜 겁나맛있음 뒤짐
소금간 살짝 되어서 나와서 소금 굳이 안 쳐도 됨
아 진짜 맛있음 또 가고 싶다 군침돈다",5
진주회관,"면발이 엄청 쫄깃하고 간이 살짝 되어있어요. 콩국수 국물은 진한데, 건더기 없이 맑은 국물이에요. 진하고 콩이 갈려있는 식감을 원하신다면 다른 곳 가시는게 좋을 것 같아요. 김치는 엄청 셔요. 일반적으로 잘 익은 김치맛이랑은 좀 다르게 신맛이 납니다. 개인적으론 별로였어요. 서울에서 맛있는 콩국수 집임은 분명하지만 13,000원이라니.. 솔직히 너무 비싸요 ㅜㅜ 이제 안 올 것 같아요.",2
진주회관,서울 콩국수 맛집 중에서 젤 비싼편이지만 맛은 둘째치고 서비스 때문에 다시 가지 않을 곳,2
진주회관,이렇게 서비스 최악인데는 처음봄. 왜 손님들이 실시간으로 주인이 종업원한테 화풀이 당하는걸 실시간으로 봐야하는지.. 그것도 당사자앞에서. 그래 니가게니 니가 그렇깄지만 참,1
진주회관,좋아요,3
진주회관,"자주 가는 콩국수 집인데 맛은 있습니다. 근데 사장님 딸이신거 같은 분이 너무 불친절합니다.
콩국물 사는데 매번 짜증스런 말투로 손님한테 화를 내네요.  2시쯤 갔는데 다음부터 이시간에 오지말라니 어이가 없어서 이제는 안가려구요 콩국수집이 이집 하나인지..
맛있게 먹고 나오는데 체했습니다. 
음식가격만 올리지 말고 서비스 질도 올렸으면...",1
진주회관,"콩국수 안좋아 하는데
이집하고 여의도 진주집 맛있음
하지만 콩국수가 이 가격인 것은 뻥튀기~
뻥튀기 가격으로 4점 주려다 3점",3
진주회관,양도 많고 아무것도 안 올라간 콩국수가 특징. 꾸덕한 국물과 찰진 면발은 수준급. 그러나 13000원의 가격과 콩국수밖에 저녁에 안 된다는게 아쉽다,4
진주회관,"넘 비싸고 테이블도 안닦아주시면서 음식먹을때 대화하지말라고 화내심 방역수칙 어쩌구 하시던데 매장 위생상태부터 챙기시고 그런거 요구 하셨음 좋겠음 어딜 만져도 끈적거리고,, 진짜 불친절하심 그리고 그냥 말씀하셔도 될껄 매장 한가운데서 소리지르셔서 너무 놀랬음,, 무슨 도둑질하는 사람 잡은것처럼 호들갑 떨면서 얘기하심,,사람 민망하게,,",1
진주회관,"이 곳에 다녀오니 평양냉면을 더 의미있게 사 먹을 수 있을 것 같아요 ㅎㅎㅎ 콩물이 13,000원",2
진주회관,"맛은 있는데 콩국수 13,000원은 좀 비쌈.
품질이 좋긴합니다. 김치도 맛있구",3
진주회관,콩국수에 금 넣었나,1
진주회관,불친절은 상관없는데 손님한테 시비를 거나? 바빠서 받는 스트레스 혼자 풀어요 아줌마,1
진주회관,"콩국수 별로 안좋아하는데 여기는 맛있음
김치볶음밥도 괜츈 
사람 없을 때 다녀와서 매우 만족",5
진주회관,서비스 엉망,1
진주회관,친절하시던데.. 사먹은 콩국수 중에 제일 진해요,5
진주회관,"모처럼 진주회관을 찾아습니다
섞어찌게를 먹고 싶어서~
자리에 앉자마자  섞어찌게 주문하니 아줌마 왈~
오늘은  무조건 콩국수만 시켜야 한다고 하네요 ㅠ 
배짱 장사네요  다시 나가기가 뭐  해서 어쩔 수 없이  먹었는데~
그런데  맛 없는 국수가 만3천원이나 하네요  정말 비싸네요ㅡ
후회가 밀려오는 마음~~
절대 비추 합니다 ㅠㅠ",1
진주회관,"매년 오르는 가격도 가격이지만 (더 이상 놀랍지도 않음) 올해는 이상하게 맛도 조금 변한 듯... 예전의 그 맛이 아닙니다.
이 정도 맛이면 이 가격주고 굳이 다시 가지 않을 듯...",2
진주회관,여름의 맛,4
진주회관,콩국수는 맛있게 먹었는데 김치는 정말 정말 정말 정말 맛이 없었어요~ 위생 좋지 않아요~ 근데 이제 가격이 &hellip;.. 이 가격이 뭐 때문에 왜 이렇게 비싼건지.. &iquest;,2
진주회관,손님들은 돈 주고 음식만 사는 게 아니라 서비스도 사는 겁니다.. 친절한 서비스와 청결한 환경이요,1
진주회관,"서비스 너무 불친절하고
메뉴는 많은데 콩국수 밖에 안한다고 
하는데 따로 공지도 아니고..
콩국수 못 먹는 사람도 생각 해주셔야지..

부모님 이랑 왓는데
기분 너무 안 좋게 가네요

부모님이 국수 면도 너무 뭉쳤다고..

오래 되셧다고 장사도 막 하시지
말아주세요 멀리선 온 사람 허무합니다",1
진주회관,"국물 진하고 면빨 쫄깃하고 김치 새컴달콤 맛있어요
안바쁠때 가서 그런지 후기랑 다르게 좀 친절했고요
더이상 가격이 안올랐음 좋겠어요 또가게",5
진주회관,맛있어요진짜- -,5
진주회관,꾸덕한 국물 .. 설탕이나 소금간 안 해도 이미 완성된 맛. 테이블 너무 다닥다닥 붙어 있음. 그치만 가격이 사악해서 4점,4
진주회관,비싸고 위생 별로. 정말 이렇게 불친절한 식당은 처음본다.,1
진주회관,맛도 위생도 서비스 갑질에..,1
진주회관,동네엿으면 한두번 왔을듯 하나.... 찾아올정도는..?,3
진주회관,"여기처럼 입자가 곱게 나오는 집은 못본 것 같네요.
먹다보면 국물까지 싹...
콩비린내도 안나고.
근데 가격이 넘 비쌈.
아무리 한철 장사라고 해도..ㅡ8천원 정도면 딱 적당한데.
직원들 불친절하다고 하는데 직원들이랑 무슨 대화하는 것도 아니고 선불로 카드만 주고 받는데 뭐가 불친절하다는건지??",4
진주회관,"콩국수는 맛있음
그거 배짱으로 직원들 개 불친절함
먹고 있는 내내 기분이 별로였음
김치도 짜고 맛없음
단지 콩국수만 맛남
근데 콩국물에 베지밀 탄거 같음 콩국수 맛집 많이 다녀본 결과인데 만약 안탔으면 콩국수맛만 인정
가격은 헬",2
진주회관,"&lt;여기는 5가지에 크게 놀란다&gt;

1. 방문전 어마어마하게 긴 줄을 보고 놀란다.
2. 갈비탕보다 비싼 사악한 콩국수 가격에 놀란다
3. 정신없고 불친절함에 놀란다.
4. 독특한 메뉴들에 놀란다.
5. 콩국수 맛에 놀란다.

사실 여러모로 부족한 것들이 있지만 여기가
왜 가격이 12,000원까지 하는지 충분히 이해는
가는 곳이다. 콩국수가 어떤 과정을 통해
이정도 수준으로 만들어지는지, 이정도 맛을
내는데 얼마나 복잡하고 힘든과정이 있는지
이해하면 가능하다. 입에 아주 미세한 콩건더기
하나 안느껴지게 마치 크림소스같이 만들려면
얼마나 콩을 여러번 자주 곱게 갈아줘야하는지
일부러 하려고해도 힘들다. 소금을 더 넣을 필요
없이 간도 딱 좋고 김치도 겉절이와 익은 김치의
중간점에서 살짝 달달하니 콩국수와 조합이
아주좋다. 국산콩을 쓰는데 중국산하고 가격차이를
비교해보면 일반적으로 3배는 된다.
면은 다른가게들과는 차별성있게 밀가루로
만든 소면이나 중면을 안쓰고 전분면을 쓴다.
부드러운 면을 기대하는 사람에겐 찔기다라고
느낄 수 있지만 쫄면이나 함흥냉면 좋아하는
분들은 쫀쫀하게 씹히는 식감을 즐기기에 안성맞춤.
이정도 콩국수 맛보고 다른곳에서 이런맛을
찾는다면 전국어딜가도 이만한 정성과 맛을
찾기 힘들거라 확신한다. 콩국수의 진정한 맛을
보고싶다면 꼭 한 번쯤은 가봐야 하는곳",4
진주회관,"12000원에 비해글쎄?
6000원짜리 콩국수 먹어도 될거같다..
그리고 보통 불친절하다는 가게가도 막상 가면 괜찮은편이던데 여긴진짜 불친절..",1
진주회관,인생콩국수. 모르는 사람 없게 해주세요.,5
진주회관,섞어찌개 맛있어요!!! 콩국수는 고명이 거의 없는데 깔끔한 맛입니다,5
진주회관,"주차할 곳 없어서 근처 주차장 이용해야 함
콩국수 진하고 맛있는데 김치가 너무 달았음
설탕 뿌린줄 (유독 내가 단 음식을 싫어하긴 함) 직원들이 친절해야할 의무는 없지만 너무 불친절함 행주질도 대충대충 명동교자 냉콩을 추천하겠음 (내가 너무 기대가 컸나 봄)",2
진주회관,"콩국수와 김치 맛있네요.

근데 12,000원?

글쎄요....

김치볶음밥먹으려햇는데,

직원분이 집가서 김치넣고 볶아먹으라네요.

넘 감동받았습니다.",4
진주회관,"콩국수가 진한 편이긴 함
그러나 존맛이라고 하기엔 부족
가격도 12000원이면 가성비라기엔 부족

김치볶음밥이 진짜 가성비 상품
나와서 볶아주고 동치미 밑반찬 나옴

이집은 김치가 맛있긴 함

추천주문
2인 : 1 콩국수 + 2 볶음밥
3인 : 2콩국수 + 2 볶음밥 or 1콩+ 3볶

콩국수는 좋아하는 사람은 맛있다고 먹는 맛
사먹진 않고 있으면 먹는 사람은 그냥 그렇네 맛",3
진주회관,"여기 콩국수 존맛 진짜ㅠ 국물 개찐해ㅠㅠ체고
양 진짜 많고 가격도 진짜 많아,,,서 배불러도 국물은 꼭 다 먹고옴",4
진주회관,(5-추천 3-쏘쏘 1-비추천) 콩국수로는 전국 최고(!)라고 감히 생각합니다.,5
진주회관,콩국수 국물까지 다 먹을 자신 있는분만 가세요(비싸서),3
진주회관,"1. 좋은점: 콩국수 맛, 접근성(2호선 시청역에서 도보 1분, 차량 방문 시 30분 무료주차 지원)
2. 개선필요: 가격, 서비스친절도, 청결도
3. 종합의견: 콩국수 가격이 사악하여 자주 먹기는 부담됨. 가격을 고려치 않는다면 콩국수를 좋아하는 사람에게는 추천. 콩국수 가격만 보고, 서비스친절도와 깔끔한 청결도까지는 기대하지는 말것",4
진주회관,"콩국물 진하고 좋아요 ! 남길 수 없는 맛.. 
콩국수와 김치가 궁합이 잘 맞음 ! 콩국수만 먹으면 조금 심심하다고 느낄 수 있는데, 김치 한조각 먹으면 달달하니 맛있음.
금강산 섞어찌개도 개인적으로 좋아함. 1인 부대찌개보다 국물 깔끔하고 시원하고 맛있음

콩국수 가격이 더 올라서 ㅠㅠ 한번 슬픔 
어머님들의 친절도는 그닥 기대하고 간적이 없는지라.. 
막 친절하지도 그렇다고 막 불친절하지도 않은 
그냥 적당히 잘먹고 가면 되요..
맛있어서 또 갈꺼긴해요..!!!!",4
진주회관,가격빼곤 완벽하다,4
진주회관,비싸고 콩국수 면이 계란 들어가서 맛이없지요. 그리고 별로 친철 않아요.,1
진주회관,"맛은 있는데 너무 비싸요
여기랑 맛 거의 똑같은데 7,000원에 파는
평창동 행복하우스가 훨씬 맛있네요
국산 재료만 쓰는 숨겨진 맛집이라 아끼는 곳인데..
가성비 차이가 많이 나네요",3
진주회관,맛있긴한데. 굳이 12000원이나 내고 먹어야하나 싶다,4
진주회관,개별로,1
진주회관,점심엔 콩국수만 되네요. 콩국물이 진한거 빼고는 보통이에요. 가성비가 떨어져요.,3
진주회관,"콩국수 한 입 먹어보고 풀리지 않던 의문이 김치를 먹고 나서야 해소되었다.
역시 가게는 김치가 맛있어야 뜬다.
콩국수는 솔직히 가성비 떨어짐.

8.28. 추가 수정. 아무리 생각해도 이 가성비는 심하다.",2
진주회관,콩국수를 참 좋아하는데 이 집이야말로 최고에요,5
진주회관,최고예요,5
진주회관,"콩국수 가격이 아니에요..매우사악..
입자가 매우 고운편이라 그건 좋은데
면도 너무 덜익은 느낌이고 아쉬웠어요ㅠㅠ",3
진주회관,여의도 진주집 생각이나서 회사근처에 있는 진주회관방문했는데요 콩물은 묵직하긴한데 콩비린맛이 났고 면도 살짝 투명해서 쫄면스타일? 조화롭지않았어요 개인적으론 만족스럽지 않았습니다 더워진 날씨탓인지 새콤해지고.. 여의도 진주집이 그리워지는 맛..,3
진주회관,맛있어요,5
진주회관,넘 사람 많아서 불친절한 면도 있지만 맛만큼은 정말 ㅇㅈ,5
진주회관,감동그자체였습니다,5
진주회관,"양 많고 국물 맛 좋아요. 김치 맛있어요. 면은 보통이고 위생, 인테리어 등은 쏘쏘라 별하나 뺏어요",4
진주회관,"콩국이 진짜 고소하고, 번외로 여기 김치볶음밥 맛집이네요",5
진주회관,"맛 좋아요, 양이 적어보이는데 국물까지먹으면 배불러요.
다만 가격이 좀 비싸요",4
진주회관,"정말 맛있지만 보기에도 위생이 안좋았는데, 콩국수에서 철수세미 조각 나온후론 못가겠어요ㅠ",2
진주회관,진한 콩국에 깔끔한 김치볶음밥!,5
진주회관,맛있는데 너무 불친절 약간 위생은 흐린눈,4
진주회관,국물이 진하긴 한데 유명세만큼은 아니었어요.,1
진주회관,"맛있는디
진해서일까 콩귝슈한개룰 다 못먹는 나를 보고 나약해빠졋다고 생각했다. 분발해야지",4
진주회관,최고 ㅠ ㅠ,4
진주회관,콩국수 1등 맛집,5
진주회관,"국물이 진짜 찐하고 맛있네요, 겉절이 김치와 환상의 조합!",5
진주회관,진주회관은 늘 대존맛,5
진주회관,"비싸고 맛이 그닥... 국수에 고명도 하나도 없고
주차는 30분만 무료이고 좀 그렇네요",1
진주회관,맛은좋은데불친절하고손님뒤에대고흉봄.다신안감,1
진주회관,"불친절, 불청결,
주말 점심 콩국수 밖에 안됨(다른메뉴 불가)
13,000원 합리적이지 않음
기대하고 갔으나 재방문의사 절대 없음",1
진주회관,맛은 있어요. 근데 점심시간 즈음엔 사람 많아서 완전 씨끄러운데 조용히 하라고 다그치며 다니는 분은 당최 뭔지. 술 먹고 떠드는 것도 아니고 잘 안들리니까 속삭이는 것보다는 조금 큰 소리로 식당에서 할 수 있는 정도의 대화를 하는 데도 막 뭐라 하는데 그러시면 독서실을 운영하시던가 하시지&hellip;,4
진주회관,.,1
진주회관,"쫄깃한 면빨과 걸죽한 콩국물이 찐~♡
여의도 진주집은 친형
경남 진주시 삼호분식은 친누나
삼호분식에서 콩국수 노하우 전수 받음
3남매가 콩국수 가업",4
진주회관,"김치는 각자 한접시씩 따로 줌(이렇게 주는거 맘에 듬) 김치가 신편 콩국수로 덮어씌우면서 먹음.
콩국수자체가 무슨 맛으로 먹는다! 이런거 모르고 내돈주고 사먹기엔 슴슴한 맛이 아쉽고 같이 먹으러가거나 사주면 먹다보니 먹어본 표본이 많진 않으나 오히려 그러다보니 유명한 곳을 위주로 먹어본거같음 지금까지 먹어본 곳들중에선 가장 맛있었음 다만 가격이 1.3은 쓰으으읍 맛있고 비싸서 깔끔히 비움",4
진주회관,맛만 좋다면 상관없지만 이렇게 불친절할필요까지 있을까 싶음,1
진주회관,"네이버리뷰도 남겼는데 카카오리뷰가 더 신뢰가서 또 남겨요

돈내고 기분나쁜 경험 하고 싶으신 분들에게 추천합니다! 확실한건 맛은 있어요! 콩국수도 맛있고 김치볶음밥도 맛있습니다.

근데 직원분들 불친절은 인생 살면서 식당에서 경험해본 곳 중 단연코 1위 아주머니분들 바쁘셔서 그런건가요 왜이렇게 화가나계시는지 다짜고짜 화를 내는건 기본이고

볶음밥준비하시려고 불올리곤 사라지시고는 
탈 것 같아서 불껐더니 자리 오셔서는 불꺼진거보고 째려보시고 한 숨 쉬시는거보고 최악이다 싶었어요

이렇게까지 눈치보면서 먹어야하는 곳인지는 모르겠고 불친절하다는 리뷰는 많이보고 감안하고 갔는데도 이러니 잘 생각하시고 방문하세요 전 외식 인생 최악의 경험이었어요 맛은 있습니다~~",1
진주회관,"예전 그 맛 아님
주인 불친절.",2
진주회관,"먹어본 콩국수 중에 최고! 
국물이 엄청 담백하고 김치가 진짜 ㅠㅠㅠ 환상이에요 고명 하나 없이 이런 맛이 ??
다른 곳에서 못먹겠어요 ㅜㅜ
자주 갔는데 저는 한번도 불친절하다고 느낀 적 없습니다 오히려 점심시간에 바쁜데도 친절하셨어요!
여름철 점심시간에 가시면 웨이팅 있으니 참고하세요:)",5
진주회관,"저녁에 먹어서 웨이팅 없이 먹었네요.
점심때 건물 삼면을 둘러싼 줄을 보면서 시도를 못했는데 8시에는 널널하네요.
바쁠땐 불친절하다고 소문 났던데 저녁엔 친절하네요.
맛도 소금, 설탕 없이 먹어도 맛있네요.",5
진주회관,콩국물이 면발에 잘 배어납니다!콩맛도 아주 진하고요! 근데 위생이..,3
진주회관,"콩국수전문.

콩국수 ㅡ 양.적다.",3
진주회관,"콩국수의 진수를 맛볼수 있다.
콩물을 좋아한다면 굳이 발품을 들여서라도 꼭 방문해보시길.
진한 콩물이 일품

섞어찌개는 비주얼과는 전혀 다른 상상도못한 맛을 낸다. 맛있게 먹었지만 호불호가 좀 강해서 굳이 추천해주고 싶지는 않음",5
진주회관,맛은 있는데 가격도 비싸고 서비스는 기대 X,3
진주회관,레전드인데 가격도 레전드임,3
진주회관,"맛은 있으나 가격은 후덜덜
그래도 먹고 있으니 팔겠지ㅎㅎ
친절은 기대마시길...
바쁜거 이해함ㅎ
불칠절하고 비싸도 먹는데 뭐ㅎㅎ",3
진주회관,"진짜 진주회관 사랑하는데 행주 쉰냄새가 너무 심각하게 나서 냄새랑 국수랑 함께 먹었습니다 
바닥인지 테이블인지 바로 일어나서 나가고 싶을정도였는데 일행들이 있어 참었어요",3
진주회관,늘 맛잇게 잘 먹고 있습니다 !,5
진주회관,"소문대로 &hellip;불친절 , 왜 그렇게 화가나셨어요 ㅠㅠ 한분빼고 다들 무서워 콩국수는 맛있었어요 섞어찌개도 괜춘
주차도 30분만 ㅜㅜ아쉽다",2
진주회관,"별점 1점도 아까워요
1. 만삼천원 가격대비 맛있는지 전혀 모르겠음
2. 너무 시끄러워서 먹는데 집중을 못함
3. 사이드에 앉아있으면 툭툭 치면서 지나가고 음식접시를 얘기도 없이 들이미는 등 직원들 서비스 최악

다시는 안옵니다.",1
진주회관,"비싸고 양은 무식하게 많고
엄청나게 걸쭉하고 콩비린내..잘 안넘어감
면은 쫄면에 쓰는거같은 면인데 너무 맛없었음",1
진주회관,콩국수만큼은 서울 최고이고 모든 재료가 국내산인 것이 믿음 가는 곳,4
진주회관,콩국수만큼은 정말 최고지만 예전 먹었던 김치가 아니예요. 너무 달아졌어요 ㅠ,4
진주회관,"예전의 그맛이 아닌데 가격만 매년 오르는..
여의도 진주집에 한참 못 미치는 맛과 서비스
물 많이 타는지 고소함 꾸덕함이 덜해짐 아쉬울 따름
여전히 맛 없는 건 아니지만 한그릇 만삼천원 값어치는 전혀 못 함",2
진주회관,옴.. 약간 땅콩맛이 나는 콩국수라 아쉬웠어요.,3
진주회관,와.. 가격 보소.. 끝을 향해 가는구만ㅋㅋㅋㅋ,1
진주회관,재용이형의 픽,5
진주회관,재드래곤~,5
진주회관,완전한 콩을갈아만든 콩국수라긴보다는 고소함을위해 볶은 콩가루를 섞은듯한 맛으로 오리지널 콩국수로는 안느껴지네요. 오히려 섞어찌게가 갑인듯,3
진주회관,예전에 삼겹살 맛나게먹은 기억있어서 간만에 들렀는데 삼겹살 주문하니 어이없다는 표정으로 무슨 삼겹살이냐며 여름에는 콩국수만 한다네요.. 메뉴에도 삼겹살 떡하니 써있고 아무리둘러봐도 여름에는 콩국수만 한다는거 안붙어있는데 알아서 잘 찾아보고 오라는건가.. 너무 심하게 면박줘서 무슨 무전취식하는 사람이된줄...,1
진주회관,겨울에는 콩국수를 안한다네요. 안하는줄 모르고 갔다가 섞어찌게 먹었는데 섞어찌게는 쏘쏘했어요. 저는 후추맛이 많이나서 걍 그랬어요. 자극적인 msg 맛...,1
진주회관,"빨리 여름이 와서 콩국수 먹고싶네요..하.. 원랜 삼청동쪽에 검정콩국수가 제 원픽이였는데 어느순간 하얀 콩국수가 입맛에 맞네요.. 저한텐 진해서 국물까지 퍼먹게 됩니다ㅠ
여름에 일요일날 갔을때 저희 테이블은 들어가자마자 바로 콩국수 달라하긴 했는데, 그 뒤로 들어온 손님들한텐 계속 주문정해지면 불러달라하시고선 콩국수랑 다른거 시키니 콩국수만 된다구.. ?? 그럼 애초에 콩국수만 된다 하시지^^;;;",5
진주회관,"콩국수 기다리다가 현기증 날 것 같네요. 뭣모르고 1월에 갔다가 허탈하게 나와서 더 그런가ㅠ 

솔직히 가격은 착하다 말 할 수 없지만 그래도 맛있어요!",5
진주회관,"지나가다 맛집인 것 같아 들렀는데
가격에 오잉?하고
 다 국내산에 비싼 이유가 있겠지 하고 주문.

맛있고 면이 쫀득쫀득하네요
걸쭉해서 면 건지면 국물이 따라올라와요

맛은 있으나 고명, 반찬 없고 가성비는 그닥...",3
진주회관,어휴 맛있네,5
진주회관,음....,3
진주회관,비싼가격 불친절함이 맛을 망침,1
진주회관,"오랜만에 갔더니 가격이 또 오름.
주차되냐니까 뒷편 LG타임즈건물에 주말에는 자기들만 쓴다고함. 어른2명에 아이1명. 2그릇 시켰다가 추가해서 3그릇 먹음.
4만원치가량 먹고, 1시간 10~20분 지나서, 주차권주는거 받고 주차장에서 차 빼는데, 시간오버라고 추가결제하라네요.
식당에 다시가서 상황얘기하니까 1시간만 지원해준답니다. 설명을 제대로 해주지도 않고...
뒷통수 맞은기분이 드네요.
적은금액도 아니고, 일부러 1시간가량 차타고가서 먹었더니 주차비까지 내고왔습니다.
동네 아주 맛있는 콩국수집을 찾아서 갈일없었지만, 옛날생각에 찾아갔더니 다신 갈일이 없을듯합니다.
음식 가격에 비해 식당이 깨끗한것도 아니고,
지저분하고...

일호(점)칼국수 집 콩국수 맛있습니다.
지금 이전한다고해서 잠시 장사 안하던데..
이제 여기 갈일은 없을듯합니다.",1
진주회관,콩물이 진하고 맛있어요~ 휴일에 11시 20분에 들어갔는데도 사람이 많더라구요. 그래도 음식이 빠르게 나와서 좋아요. 가격이 좀 비싼것같아요..,4
진주회관,"난 이집 섞어찌개가 맛있더라.
부대찌개에 오징어랑 쑥갓 들어갔다고 생각하면 되는 맛.
우동사리 라면사리는 기본 제공임.",4
진주회관,태어나서 콩국수 한그릇 다 먹은거 첨이에요~! 진짜 너무 맛있어서 깜짝 놀랐어요 그동안 한입 먹고 역시 하며 숟가락 놓는 음식이 콩국수였는데 한그릇 싹싹 다 먹었어요 사장님께 너무 맛있다고 인사드리니 친절하게 반응해주시고 오랜만에 서울 갔다가 넘 맛있는 별미 먹고 왔어요,5
진주회관,"맛은있지..
비싸고 시끄럽고 불친절하고 
아 맞다 김치가 좀 마이 달아..",3
진주회관,"콩국수 처음 먹어보는데 첫경험이 좋은 맛집
웨이팅이 엄청 기니까 여름엔 우산쓰고 가면 좋음
가격이 너무 비싸서 1점 낮춤",4
진주회관,"영업시간을 공지한 것과 다르게 운영하네요.
어제 8시 30분 갔는데 문 닫았습니다
영업시간은 22시까지로 공지함",1
진주회관,"2021.8.7 현재, 토&amp;일...은 19시 20분에 주문마감 한답니다.",4
진주회관,직원 불친절 식당가서 밥먹다 기분 이렇게 잡친적은 처음이에요 맛도 뭐 보통이고 걍 여의도 진주집가세요,1
진주회관,"양도 많고 맛있어요
테이블, 바닥장판, 수저통 위생은 좀 찜찜함
김치는 국내산",4
진주회관,"별점 1점도 아까운 집
불친절의 끝. 제정신인가 싶을만큼 불친절합니다. 
그렇게 짜증낼 정도로 스트레스받으면 장사하지 마세요 
짜증내는 소리 들으면서 먹으니 음식 안 넘어감
그리고 손님 많다고 사람한테 무례하게 대하는거 당연하게 생각하지 마시구요
다른 손님들한테 비키라고 소리지르고 무안주는거 정말 너무 놀라서 신고할 곳 있는지 집에 와서 찾아봤네요 
가성비 엄청 떨어지는데 와주는 손님 감사하게 생각하고 하대하지 마시길.. 갑질당할려고 만삼천원내고국수먹으러 간 거 아닙니다
그리고 노포집은 오래됐으니 더러워도 되는건가요?
이 시국에 테이블 안 닦아주고 수저도 엄청 더러워요
영수증 못 찍어와서 네이버나 다른 곳에 리뷰 못남기는게 너무 억울하네요 
위생&amp;서비스 최악. 
저런 모습 보니 국수에 미리 간을 해서 짠거 조차도 배려없고 폭력적으로 느껴집니다.",1
진주회관,"코로나에 여길 가는게 맞는 건지 모를 정도로 사람이 많고 회전이 빨라요..
콩국수 맛은 괜찮은데 공짜음식 먹는 것도 아닌데 빨리 먹고 나가야 하고 직원들도 엄청 불친절해요..
가격도 사악하고 두번 갈 곳은 아닌듯해요..",2
진주회관,"콩국수 제외한 다른 메뉴 안됨
코로나 상황에서 칸막이 제대로 안하고 손님 꾸역꾸역 받음^^
김치 재활용하는 것 같다는 리뷰 많았는데 실제로 김치가 부분 부분 뜯어져있고 정갈하게 나오지 않아 51-55% 확률로 재활용하는것 같았음
김치는 먹지 않았고 면도 김치를 먹지 않아 느끼해져 먹는걸 포기함
콩물만 먹었는데 콩물은 맛있음
허나 김치재활용 문제나 서비스로 볼때 이 식당은 없어져도 될 음식점이라고 생각됨",1
진주회관,"콩국수두개랑 포장주문하니 
종업원 대놓고 
포장 넘 힘들다고 포장 안시켰음 좋겠다고 
중얼대더니 주문안받고  그냥 감ㅡ.ㅡ
남편이랑 황당해 서로 쳐다보다 
다른분이 주문받음
포장주문이  그렇게  싫음
사장님께 직접 건의하던가
일하기 귀찮음 그냥그만두세요!
불친절하단 리뷰 그렇게 많아도
한번도 안겪었는데 
대놓고 저런말하는 종업원 첨봅니다
10시45분쯤 갔기에 크게 붐비지도 않는
시간인데도 저러더군요",1
진주회관,콩국수 정석맛이라 그냥 잘 먹고 몇분 마스크 쓰고 얘기하고 있었는데 앉아있은지 너무 오래 됐다고 나가라고 하셨습니다. 근데 들어온지 20분 밖에 안됐..콩국수 13000원 20분 컷하실수 있으면 가셔용~,1
진주회관,"콩국수를 그렇게 좋아하는게 아니면 굳이 안가도 될 것 같은 곳&hellip;
맛은 그렇다치고 직원분들의 응대가 너무 별로였고(빨리 들어가라고 손님을 민다) 다른 손님들에게도 똑같았다.
국수 먹던 그 짧은 시간동안 직원들끼리 말다툼 하는 것도 보고 아주 불편한 경험을 하고 나온곳.",1
진주회관,"1.일단 가격이 너무 사악해요(국산이라 그런지 몰라도 비싸긴 너무 비쌈 13,000) 곧 그정도 값어치는 아닌듯..물론 개인적인 입장
2.요새 더워서 손선풍기 들고다니잖아요 많이들..
근데 입장해서도 덥길래 앉아서 손선풍기 바람 쐬고있는데 일하시는분이 갑자기 선풍기는 꺼주세요 하고 슝하고 가버림(이유는 모름,굳이 물어보지도 않았음)
3.김치 맛집이라고도 하는데 객관적인 입장에서도 너무너무 달아요(콩국수에 어울리라고 달게 나오는거같은데 굳이 잘 모르겠음)",2
진주회관,꼭 가라,5
진주회관,진짜 개맛있다&hellip;.인생콩국수&hellip;국물이 엄~~~청 고소하고 맛있음&hellip;.콩국수 별로 안좋아하는데 이건 다먹음&hellip;진짜 맛있고 다좋은데 가격이 너무 비싸서 4점&hellip;,4
진주회관,꾸덕하고 맛있습니다! 아무 간을 안하고 먹어도 맛있는 콩국수 처음이라 감동이에요. 물론 저는 설탕뿌린 콩국수를 좋아해서 국물은 설탕뿌려서 다먹었습니당ㅋㅋㅋ벌써 두번째왔어요!,5
진주회관,"콩국수는 콩물 농도와 간만 맞으면 다 맛있는 이미 완성된 음식이다. 평가의 박함은 대부분 가격대비 서비스... 확실히 가격은 이해할수 없다. 리뷰를 찾아보니 2009년 9500 2011년도에 만원 2016년도 11,000 2018년도 12,000 2020년도 13,000이라는 가파른 가격 상승이다.",1
진주회관,"맛과 접대가 비례합니다
맛도 없고 불친절해요",1
진주회관,"같이 간 지인도 매우 좋아했습니다! 
김치가 맛나면서 살짠 단맛인데 그래서 그런지 
국수와도 궁합이 잘맞는거같아요! 
일하시는 아주머니들 매우 바빠서 친절은 기대하기 힘들지만 괜찮아요",5
진주회관,여의도 진주집에 비해서 여러 면에서 떨어짐.,2
진주회관,"https://youtu.be/3snshluSDNw

비싸긴한데 맛나요!",5
진주회관,"비싸서 자주는 안가야지 하는데, 한 번 맛보면 자꾸 생각나요. 콩물이 고소하고 진하고 부드럽습니다. 콩비린내도 안나고 차갑지만 적당히 차가워서 배불리 먹어도 배아프지 않아 좋네요. 가격이 사악해서 별 하나 뺏어요.",4
진주회관,변치않는 맛. 가격만 좀..,4
진주회관,"국보급 면,콩국물,김치 최고입니다..강원도 콩 이라는군요..
좋은분들과 또 가야징~",5
진주회관,"전화받는 여직원 태도 최악,,",1
진주회관,"9000원 할때 가본 이후, 현 13000원 맛의 기쁨은 여전하다. 인절미맛 국수와 요구르트 김치. 가격 더 오르지 않았으면&hellip;",5
진주회관,"콩국물이 진하긴 해요.

근데, 맛있는 음식을 간이 다 망치네요.
짜도 너~ 무 짜요. 
너무 짜서 고소함이 완전히 묻혀버립니다.

짠거 좋아하는 입맛에 잘 맞겠어요. 
진짜 좀 심하게짜요.
여기 맛집이라고 평가가 자자한데....집근처에 맛있는 콩국수딥있으심 글로가셔요.",2
진주회관,"김치는 달달 콩국물은 짭짤해서 조화가 좋아요
하지만 만원 정도가 딱 적정한 가격 같아요",4
진주회관,"불친절은 잘 모르겠습니다. 월요일 점심 늦게 방문해서그런지 사람도 별로 없었구요. 

다만 식기의 위생상태와 테이블이 물기에 젖어있는건 아니라고 봅니다.

콩국수는 정말 맛있습니다. 그냥 콩물만 포장해서 집에서 먹는게 어쩌면 가성비가 좋으려나 싶었지만 다른 글을 보니 콩물은 남아야 판다더라구요.
김치는 달아서 소금 넣어서 먹었어요.

위생은 별로구 김치가 많이 단데 국산 콩 100퍼로 간 콩물이라고 해서 한 그릇에 13000원은 좀 노양심인것 같네요.

주말이나 이럴때 불친절까지 경험하면 돈 아깝긴할듯..

위생신경써주세요.. 아직 코로나입니다",4
진주회관,"정말 콩물이 진하고 고소해서 맛있습니다
서비스는 최악입니다 화를 돋굽니다
사리 추가하면 콩물이 부족할 듯 해서 직원분께 콩국 리필되냐고 물어봤습니다
된다고 확인해서 주문했습니다
근데 나중되니 주문이제 안 받고 콩국도 못 준다고 합니다
아까 준다고 해서 사리 추가했는데 어쩌냐고 하니
어쩔 수 없다고해서 언성을 조금 높이니 금방 가져다 드릴게요 하고 콩국을 그릇에 담아서 줬습니다
이 밖에 계산대 직원분 자리 안내할 때 반말 묻는 말에 시종일관 기다리세요 기다리세요만 큰소리로 반복만 하고 동냥해가면서 밥 얻어 먹는 신세가 딱 이럴겁니다",2
진주회관,"콩국수 그냥 보통임  가격대비 그닥임 
춘천 화천집  콩국수 생기면 전주회관 망함",1
진주회관,대기줄도 길고... 서비스는 그냥 그렇고... 회전율이 아주 높은 대신 위생상태가 약간 찜찜할 때도 있고... 그럼에도 불구하고 부인할 수 없이 맛있음... 오로지 콩국수 하나만 보고 갈 때는 가도 됩니다...김치는 정말 좀 달달하더라구요 취향에는 안 맞는데 콩국수랑 밸런스를 맞추려고 그런건가 싶기도 하고.. 하지만 단거 빼고 그냥 시원한 맛이 좋겠다는 생각.,4
진주회관,바쁜 건 알겠는데 너무 싸가지가 없어서 불편해요... 일단 기본 모드가 손님에게 화내기에요. 일부러 그런 것도 아니고 계단 오르다 신발 벗겨졌다고 뒤에서 서빙하던 아저씨 빨리 안올라가고 뭐하냐고 화내고 신경질내더라고요.. 누가보면 전쟁터 총알 빗발치는데 앞에서 미적대는 줄..,1
진주회관,"진한고 고소한 콩국수 여름에 더 생각나는 맛!
다른집 콩국수 먹고 실망할까봐 콩국수는 이집만 가는 나의 발걸음ㅎ",5
진주회관,"사장 할머니...장사하시는 분이 바쁘다고 짜증내실거면 왜 장사를 하시는 건지....
  더운데도 기분좋게  줄서서 콩물 포장했다가 정말 기분 상했네요.... 오픈부터 직원분들이 다 짜증난 상태던데...주말이라고 손님 많아서 바쁜게 손님이 죄송해야 하는건가요~??",1
진주회관,"더운날 우연히 줄 없이 바로 들어가서 쾌적한 상태였고 서비스 관련 후기를 많이보고 갔어서 불친절함이 거슬리지 않았습니다. 한두분만 짜증이 많으시지 다른분은 상냥하셨어요.
다만, 먹고있는 사람들 앞으로 테이블마다 있는 쓰레기통을 정리하시더라고요. 또 제가 어떤 문 앞에 앉았는데 쓰레기 담긴 큰 봉투를 그 문 열고 넣으시고요. 순간 쓰레기 창고 앞에 앉은듯한 기분이라 이런 부분은 불편했습니다. 회전율 때문에 테이블에 있는 쓰레기통 틈틈히 비우시는것도 이해는갑니다만 먹고있는데 쓰레기통이 눈앞을 돌아다녀서 다른 방법은 없었나하는 아쉬움이 있었습니다. 

그럼에도 감수할만큼 맛은 찐이네요  평점이 좋지 않길래 안가려했었는데,, 안가면 이 맛 몰랐을만큼 어디에서 맛보기 힘든 진짜 찐 콩국수를 맛본것같아 대만족했습니다. 첫입에 바로 반했어요.. 양도 꽤 되는편이라 가격에 큰 불만은 없어요. 꾸준히 가려구요 너무 맛있게 잘먹었습니다.

김치는 살짝 달달한 편인데 고춧가루가 텁텁?쌉쌀한? 느낌이라 단맛을 잡는듯했어요. 걸죽한 콩국물이랑 궁합이 너무 좋다고는 못말하겠어요. 그래도 거슬리지 않는 맛이라 만족스러웠습니다!",5
진주회관,짜요,1
진주회관,"여름이면 생각나는 조합 콩국수, 김치.",5
진주회관,맛은 괜찮긴 한데 위생이 좀 찜찜하고 콩국수에 오이가 없음,2
진주회관,보통,3
진주회관,꺽 맛있음,5
진주회관,김치 너무달......ㅇㅏ요,2
진주회관,김볶밥을 바로 앞에서 볶아줘서 특이함. 가성비는 갠춘,3
진주회관,"가격은 사악하나 확실히 콩국수 맛은 있음.
정말 국수와 콩국만 있어서 좀 당황스러웠으나 먹어보고는 인정할 수 밖에 없었음.
직원서비스는 기대할만하지는 않아요.",4
진주회관,"콩국수 맛있어용 
김치볶음밥은... 돌솥비빔밥같고 좀 희한함ㅋㅋㅋㅋ",4
진주회관,꾸덕한 콩국수 제대로 먹었습니다. 개인적으로 국물보다도 면이 훌륭한 집이라고 생각합니다. 김치도 정말 맛있었어요.,5
진주회관,"밖에서 사먹는 콩국수 중 괜찮게 먹었다.
기본적으로 간이 되어 나와서 김치랑 같이 먹으니 짜다. 김치랑 먹을 때 간이 딱 맞았으면 좋을 듯",4
진주회관,"맛있긴함
매년생각날듯

좀비쌈
웨이팅있으면안감.
직원들틱틱댐",4
진주회관,"글쎄요?! 그렇게 맛있나요 이집이? 섞어찌개! 짜고,맵고 딱~ 라면에 소세지 넣은 맛이네요!!",1
진주회관,맛있어요 ! 콩국물 진하고 김치도 맛있어요.,5
진주회관,"맛있긴함!
시원한 컹국수 느낌은 아님
가격도.. 비싼편임

근데 김치랑 먹으면? 개존맛!",5
진주회관,명성에 비해 평범한 맛 김치는 너무 달다.,3
진주회관,여름마다 가서 먹던 곳. 서울에 더 이상 안 살아서 아쉽게 못 가네요. 친절하진 않습니다.,5
진주회관,일하는 아주머니가 각자계산을 안받으심. 선불임,2
진주회관,"콩국수 최고최고최고 
김치가 달아서 오히려 맛있던데",5
진주회관,"+ 추천: 특색있는 맛을 가진 걸쭉한 콩국물
- 비추천: 비싼 가격. 면이 불호라 국물만 마심.

[메뉴: 콩국수]",2
진주회관,"Seafood pancake, very delicious!",5
진주회관,"맛있음
김치 내 입맛엔 너무 달음",4
진주회관,너무 비싼데... 맛있으니까 용서함. 또 먹고싶다.,5
진주회관,진주집보다 이쪽이 접근성이 좋아서 여길 더 자주 가는 듯.,4
진주회관,콩국수 3월부터 판다네요,4
진주회관,"콩국수 괜찮았지만, 너무 비쌉니다.",3
진주회관,넘나 맛있어요.. 찐중의찐.. 국물진짜왕찐해요 최고입니당,5
진주회관,콩국수 잊을만하면 생각남,4
진주회관,"국물 매우 진하고 맛있음
김치가 좀 단편인데 매우 잘 어울림
내부 시끄러운 편",4
진주회관,콩국물이 진합니다.,3
진주회관,서비스는 그냥 그렇지만 정말 맛있어요,5
진주회관,"맛은 4.5점, 가격은 2점. 진한 콩국수로 고소한 맛은 일품이나 재료비, 내용물, 겉절이 김치 뿐인 반찬을 감안할 때 13,000원 주고 먹을 콩국수는 아니다. 현재 인플레상황을 감안해도 10,000~11,000이 적정이라 본다. 너무 폭리라 다시 방문할 계획은 없다.",3
진주회관,"가본곳중에서 최악임.
고소한 맛과 걸쭉한 국물 와이프가 좋아하고 콩국수를 안좋아하는 나도 부담없이 먹을 수 있으나...
진짜 이건 불친절정도가 아니라 연세 있으신분한테는 그렇지만 싸가지가 없고 장사를 하는 안되는 사람들이 장사를 한다는 생각이 듬.
손님한테 소리지르는건 기본. 바쁘다보니 추가 주문이나 김치추가 등도 잘 되지도 않고 그러면서 가격은 13천원이나 받아먹음. 그 돈으로 직원 한명을 더 쓰면 될껄 사장이 돈독 올라서. 진짜 가본 어떤 곳보다 최악임.
직원분들한테 뭐라고 하기엔 또 친절하실 때도 있어서 이건 친절하신분들이 악덕 사장의 갈굼이랑 직원들을 갈아넣어서 직원들이 불친절해 진걸로밖에 안보임.
와~ 진짜 음식 어떻게든 진상짓이라도 해서 알려주고 싶은데 직원들만 고생일꺼라서 꾹 참고 나옴.",1
진주회관,앞서 많은 분들이 후기 남기신대로 콩국이 걸죽하고 진하면서 담백하고 맛있어요. 면은 쫄면같은 느낌이구요. 줄 서는 동안 더웠는데 콩국 먹으니 서서히 시원해지고 속이 든든했어요. 다만 옛스러운 맛집이라 홀이 크고 테이블도 많아서 정신없어요. 서빙하시는 어머니들도 너무 바쁘시구요. 식사하는 마음이 여유롭긴 힘든거 같아요.,4
진주회관,그냥 1 top,5
진주회관,사람이 정말 많고 가격도 착하진 않지만 맛으로는 정말 인생 최고의 콩국수집.,5
진주회관,조금 단 두유스러운 국물의 콩국수. 김치도 달짝하고 싱거운 스타일.,3
진주회관,"콩국수에 소금을 ;; 고소한 맛이 없고 짭짭하네요
만들 줄 모르시네 ㅜㅜ

13,000,원에 비싸기만 함

두번다시 안 올듯",1
진주회관,"진심 꼬소 보돌 몽글몽글 천상의 맛
슴슴하고 건강하고 맛있는 콩국수에
같이 나온 김치가 감칠맛 쩔어서
조합이 너무 좋았어욤
또먹고싶다!!!!",5
진주회관,"처음부터  일행없으면 착석불가라 안내를 해야지..
미리 주문은 안된다고 화내더니 나가라고 화내는곳
씨씨티비 운운하면서 주문이 안된다는데 말도안되는 변명임
일행이 10분정도 늦게왔는데 입구에서 막지도 않으면서 나한테는 브레이크타임이라고.. 나가라고 화내서 언성높아지니 그제서야 여자 사장 나오고 태도 미안한표정 지음...",1
진주회관,가 보세요,1
진주회관,"손님 너무 많아서 그런가. 수저 설거지 상태가..
다른 좋지 않은 평가.. 다 팩트임.",1
진주회관,언제 이렇게 줄어들었는지 모를 콩국수가 1만3천원이나 해야되나 싶네요. 중국인 직원들은 불친절의 극치를 달리고 계산도 자꾸 실수하고 수저나 테이블상태도 매우 불결합니다. 특히 중국인 직원들 상태 정말 정떨어져요. 그냥 동네 방앗간에서 콩갈아다 면삶아먹는게 백배나음.,1
진주회관,"맛있는건 사실.
친절도는 실망",2
진주회관,"대대손손 레시피는 전수받았을지모르나,
손님에 대한 태도는 전수받지못한 천박함 그자체.",1
진주회관,괜찮아 맛있으니까,5
진주회관,"콩국수 처음 먹어봤는데 맛있네요(베지밀 느낌남)
청결도는 조금 떨어집니다",3
진주회관,진주집이 더 맛있음,4
진주회관,콩국수를 좋아하지 않아도 1년에 한 번 정도 맛 보러 올 만한 곳. 진한 콩국수 국물을 적신 면 위에 김치를 얹어먹으면 정말 맛있다.,4
진주회관,비싸고 불친절,1
진주회관,"먹어본 콩국수 중 제일 맛있음 가격만 좀,,",5
진주회관,겉절이 맛나다,4
진주회관,"맛 원툴. 고소한 콩국물에 쫄면같은 면, 적당히 달달상큼한 김치 한점 올려 같이 먹으면 완벽함. 가격이 점점 오르는게 아쉽다. 전엔 콩국수에 볶음밥해도 2만원이었는데..",4
진주회관,행복은 멀리 있지 않습니다. 시청역 9번 출구에 있습니다,5
진주회관,"쫄면양 엄청많이 주고 콩국은 넘 조금이고
김치는 설탕 쏟아진듯
맛있으면 아깝지않은데
만오천원 쓰레기통에 버림 
동네 콩국수가 넘 맛있었네 
한번가봤으니 궁금증 끝",1
진주회관,"가격이 엄청 올랐네요.
앞으로 만오천원내고는 안먹을꺼같네요
분위기도 너무 시끄러워서 입으로먹는지 코로들어가는지 정신이없네요",2
진주회관,"메뉴판에 있는 다른 메뉴는 시킬수없는곳
콩국수만 시킬수있으면 콩국수만 써놓지 쓸대없이 다른메뉴들로 현혹하네..",1
진주회관,국물이 진하고 고소합니다. 달달한 겉절이랑 잘 어울려요. 가격은 만오천이라 조금 부담스럽..ㅠ,4
진주회관,"점심에 갔는데 콩국수 외에 다른 메뉴는 시킬수가 없었습니다.
그럼 왜 뭘 주문할지 물어보나 모르겠네요ㅋ
주문 시 선결제를 하는 방식이고 개별로 계산하려했으나 하나로 몰아달라고 강권하셔서 기분이 별로였습니다.
이것만 생각하면 별 하나도 아깝지만 콩국수는 맛있었어요.
면은 소면보다 두껍고 중식 면보단 얇은 면이구요.
콩물은 간이 이미 맞춰나왔습니다.
매우 곱게 갈아져있어 부드럽고 고소했구요.
개인적으로 위치 고려해서 만원정도면 먹겠는데 만오천원은 심하네요.
두번 갈 생각은 들지 않았습니다.

진짜... 맛은 있어서 별 두개 줍니다.",2
진주회관,분위기가 정신없고 김치는 달지만 콩국수가 참 맛있다 부드러운 콩국물..❣️ 가격이 쬐끔 비싸지만 물가 올라가는 판국에 이런곳은 계속 있었으면 하는 마음. 여러번 먹기는 부담스럽겠지만 한여름이 되기전마다 생각날곳,5
진주회관,"너무너무 사랑하는 콩국수집이에요, 그냥 성지이자 정수이죠. 그런데 5점이 아닌 이유는, 간만에 갔는데 넓은 실내가 아니라 안쪽의 룸 같은 곳으로 들어가라고 하셨는데 찌른내가 너무 나서 나와서 먹었어요. 냄새땜에 저기서 못먹겠다고 더 기다리겠다고 하니 '도대체 무슨 냄새가 난다는 거야'라는 아주머니땜에 2점 깎았어요. 그리고 콩국수, 김치는 잘 먹었지만 먹는내내 냄새가 바람타고 왔고 3시간이나 지났지만 아직도 속이 울렁거려요.",3
진주회관,맛있어요!!! 회전이 빠른 편이라 기다릴만했어요,5
진주회관,"맛은 있는지 모르겠지만
인심이 싸납네요~
토요일 2시부터  
브레이크타임도 그런데
1시50분에 도착한 손님도 내 쫒고
그것도 모자라서 손님 추가로 받았다고
손님 앞에서 소리지르는 여사장님~
진짜 진상이네요~

그냥 여의도 진주집으로 갑니다~",1
진주회관,"콩국수의 성지 같은 곳이지만 가격이 15000..
약간의 불친절함과 웨이팅은 감안해야할",3
진주회관,"간단 요약!

콩국수 맛있습니다

김치 조금 달지만 맛있습니다

분위기 최악 입니다. 사장님 엄청 시끄럽고 직원에게 뭐라 하며 손님에게도 뭐라 합니다. 먹는 내내 사장님과 가까운 자리여서 최악의 분위기를 경험할 수 있었습니다.

맛있었으나 15000원 가격을 한다고는 생각 안됩니다. 시끄럽고 사장님이 손님을 포함한 주변 사람들 모두에게 화내는 것을 즐겨보고싶다면 최고의 추천 장소입니다!",1
진주회관,"콩국수하면 딱 떠오르는 집 중 하나
가격이 15,000원으로 국수 하나 먹는데 이 가격이 비싸지 않나 싶다가도 이럴때 아니면 그 맛을 못느끼기에 한 번 정도는 방문해보는 것도 나쁘지않다.
면류이기에 회전율이 빨라 오래 기다리지 않고 들어갈 수 있다.",4
진주회관,세번째 방문. 다음에 또 올 곳. 3-4명이서 가면 웨이팅이 없을수도 있음,5
진주회관,"콩국수로 유명한 진주회관으로 출동
휴일 11시 30분인데도 이미 줄이 길게 서 있어 놀람
20분 기다려 입장
콩국 국물이 진한게 역시 인기 맛집
국수는 탄력있고 탱탱
여의도 진주집과 형제 사이라 들었는데 국물은 비슷하고 국수는 다르다 느껴짐",4
진주회관,"회전율이 빠르고 선불임
콩국수가 15000원 이라는 굉장히 비싼 가격
콩국물이 굉장히 진하고 김치랑 잘어울렸음
콩국수를 그닥 좋아하지않아서인지 몇입 먹고 물림
다른 분들은 국물까지 싹싹 비우심",3
진주회관,누가사주면가는곳,3
진주회관,"콩국수 비싸긴 한데 맛있음. 직접 담은 김치도.다만 다른 서비스는 기대하기 힘듦.낡고 좁은 테이블과 의자, 그리고 수시로 반명령조로 이야기하는 직원들도 볼 수 있음.",4
진주회관,인생 콩국수 맛집,5
진주회관,넘맛있지,5
진주회관,15000원! 이젠 그만 가야겠다.,1
진주회관,미쳤네요 여기 ㅋㅋㅋ존맛탱,5
진주회관,콩국수좋아요,5
진주회관,"추워서 콩국수만 먹긴 좀 그래서 섞어찌개 시켰는데 나름 괜찮았어요~ 오징어 들어간 부대찌개 느낌
콩국수가 진짜...진하고 맛있어서...
국수가 만오천원인게 흠인데
비싸서 많이는 안 갈 것 같지만 그 찐한 맛 때문에 종종 갈 듯 하네요",4
진주회관,"선불이고 만오천이면 비싸다고 생각했는데 진짜 맛있어요!! 전 콩국물 리필받았어요!! 면도 맛있구 전 생각날거 같아요!! 처음엔
짠가?싶었는데 아닌거 같고 간이 딱입니다 아무것도 안넣고 먹는게 최상의맛 ㅋㅋㅋㅋ 설탕도 필요 없어요!",5
진주회관,"가격 실화? 저걸 15,000에 먹어?  저거랑ᆢ 똑같은거 8천원~9천원 이면 먹는데.",1
진주회관,맛은 좋은데 싸가지가 너무 없음,1
진주회관,"가성비? 없음
맛? 있음! (콩국수+겉절이)",3
진주회관,맛있는 콩국수!!!,4
진주회관,제스타일은 아니긴한데 항상 사람이 많더라구요,3
진주회관,ㅋ콩국수,4
진주회관,"가성비 따질거면 김천가서 먹어야죠 여러분~
여기 콩국수는 정말 차원이 달라요...ㅠㅠ 
콩국물 목넘김도 너무 부드럽고 고소해요.
면발도 정말 쫄깃하고 맛있습니다. 
날이 따듯해지면 꼭 생각나는 곳이예요. 
김치도 증말 맛나요.",5
진주회관,콩국수 가격 15천원 ㅠ 국산콩에 양을 생각함 이해되기도 하는데 차라리 양을 조금 적게 해서 사이즈 달리 판매하심 좋을 것 같아요 회사 여자분들이랑 갔는데 다들 너무 맛있지만 느끼해서 반은 남겼는데 너무 아까웠습니다,5
진주회관,"콩이 완전 갈려서 걸리적거리는거 하나없는 깔끔한 두유맛 국물이 넘사임
면은 특별한걸 모르겠고
양은 넉넉한 편
김치는 개인적으로 너무 별로였음
콩국수 좋아하는 사람은 한번쯤 가볼만한곳",4
진주회관,"콩국수가 맛있어요! 
섞어찌개는 ..ㅂㄹ",5
진주회관,"곧 여름이다, 진주회관으로 달려가자.",4
진주회관,나 여기 주방에서 일 배우고 싶다,5
진주회관,맛있어여~!,4
진주회관,끝내주게 맛있긴 하다.,5
진주회관,"맛은 있는데 가격 심한거 아닌가요..
가격땜에 별한개 뺌",4
진주회관,콩국수 오랜만에 먹는데 국물 정말 진하고 맛있네요. 면도 소면보다 맛있었도 국물이 진해서 먹다보니 배부를정도. 줄 설 각오하고갔는데 주말에 비오는 날이라 그런지 12:40에갔는데도 한번에 들어갔어요 ㅎㅎ,5
진주회관,나사산 믹서기 콩국수콩국수,3
진주회관,"내가 콩국수를 먹는 방법!!ㅋㅋㅋ
아 여기 완전 내스타일 콩국물 흡입
면이.. 뭘까 국수면 아닌거같은데",5
진주회관,"엄청나게 크리미한 콩물에, 쫄면과 짜장면빨 사이에 면. 조미료 엄청 들어가서 느끼한 김치. 존맛.",4
진주회관,"밑 리뷰에 꼬불꼬불 털 나왔다길래 어쩌다 그런거 겠지 하고 갔는데 왠걸 긴 걸로 김치랑 뭉쳐 나옴.
콩국수 매니아라서 콩국수 엄청 많이 먹어 봤는데 특별한게 국물 많이 주는거 외엔 못 느꼈음. 맛 별로. 여기 맛있다고 리뷰 올린 분들 진짜 맛있는 콩국수 못 먹어 봤거나 마음씨 고운분들임",1
진주회관,"진한 콩물이지만, 부페처럼 삶아놓은 면만 넣어서 30초 안에 나오는 콩국수, 그냥 동네 두부집 콩물에 콩국수가 더 나음.. 김치는 너무 달아서 설탕배추 먹는 느낌..
심지어 위생도 심각함.. 가위 사용후에 다시 안쓴듯이 통에 넣음..",1
진주회관,진한 콩물. 쫀득한 면발. 익음이 적당한 김치. 정말 맛있다,5
진주회관,왜 만원이 넘는 돈을 내야하는지 이해하기 어려운 집,1
진주회관,조박사 냉콩국수 최고!!!,4
진주회관,"콩국수 11000원 치고는 가성비가 없습니다
그냥 한번씩 드실때  찾으세요",1
진주회관,"대체 무슨 자신감으로 12,000원이나 받아먹는지 이해할 수 없는 집",1
진주회관,콩국수,4
진주회관,"조금 간이 센 맛...요즘 콩국 진한 집이 워낙 많아서...
김치는 맛있었다",3
진주회관,"다른 메뉴는 팔지도 않고 콩국수만 팝니다
콩국수는 괜찮은데 다시 가고싶지는 않네요",1
진주회관,불친절 여의도진주회관이 훨씬 괜찬은듯,1
진주회관,"비싼건 그렇다쳐도 직원들이 매우 불친절함.
카드결제 따로 계산한다고하니까 캐셔분이 인상을 팍써서 놀랐음.
다시 갈일 없음.",1
진주회관,"역시 맛있군. 가격이 계속 오르는 단점만 빼면
맛은 인정. 여전히 줄서서 먹는군요",4
진주회관,진짜 자주가는데 오늘 12:30쯤 먹다 머리카락아닌 꼬불거리는 털 나왔어요 직원태도도 불량 교육좀시키세요,1
진주회관,콩이 진국입니다,4
진주회관,Soybean Noodle,3
진주회관,"어릴때 가보고 기억이 안나서 15년을 궁금해 했었는데
우연치 않게 찾게됨.
맛이 변한건 아닌가해서 댓글보는데 실망스러워 가슴아팠음.
왜이렇게 직원들 싸가지 없다는 말이 많은지..
음식점이 직원들 매너때문에 폄하되는건 정말 아쉽다.",1
진주회관,가격이.....,2
진주회관,"맛도 좋고 서울시 미래유산 선정까지
되었는데. 화장실 시설이 너무 노후되ㅣ었네여
수도꼭지 손잡이가 부러졌는데 그걸 테이프로 감아놓기까지...
명성에 밎는 화장실이 정말 시급해보입니다.",3
진주회관,"맛만 놓고보면 국물과 면 모두 훌륭합니다. 콩국물도 따라올것이 없어보이고 면이 탄탄해서 국물과 잘 어울리네요.

그런데 가격이 매우 비싸고 가게 내부가 무지하게 시끄럽습니다. 손님들이 많긴 하지만 주방 소음이 엄청나서 이렇게 소란스러운 식당은 첨인듯.
양이 약 1.5~2 인분은 되기 때문에 아주 배고픈게 아니면 둘이 한그릇 먹어도 충분합니다.",3
진주회관,주문하는데 시간 좀 필요하다고 하니 왜케 짜증을... 들어가서 바로 주문해야하는 규칙이 있는 가게인가요?? 위생도 별로고 맛도 별로고.. 여기가 왜 맛집인지..,1
진주회관,"콩국수. 국물, 면 다 진하고 괜찮은데.
김치도 콩국수도 맛있습니다.
12000원은 서울 물가를 탓해야 하나요....
여름 점심시간에 콩국수만 팔아서 회전율도 빠른데.. 12000원 너무 비싸네요ㅜ",3
진주회관,비싸지만 맛있어요.12000원- 제대로 만든다는 콩국수집들은 하루가 다르게 가격이 오르니 아쉽지만 어쩔수없죠. 장사잘되는 종업원들 특유의 바쁜 쌀쌀맞음은 있습니다. 그렇지만 맛은 있습니다.평이 많이 최악인데 저는 괜찮았습니다. 맛만은 진퉁맛! 콩죽먹는기분~~! 걸죽한 찐한 콩죽에 면 담가먹는거 같은 깊은 맛이였습니다 . 여름에는 콩국수만 주문가능하다고 합니다. 기회되면 짜글이나 김볶먹어보고싶어요.,5
진주회관,"수년전에 끊었습니다. 
장사하는 자세가 틀린 곳입니다. 
아무리 맛있는 음식이라도 내주는 사람의 태도가 저질이면 맛도 저질로 바뀝니다.",1
진주회관,주인아줌마 배때지 부른듯함. 들어가자마자 자리 봤음에도 불구하고 못봤다 생각한건지 &quot;언니야 저 방 있잖아! 저 자리 앉으라고 저기 자리 있잖아!&quot; 이러는데 들어올때 인사는 커녕 신경질적인 말을 듣자니 굉장히 불쾌함. 나갈때도 인사 절대 없음. 손님을 돈으로 보는듯.,1
진주회관,"유명해서 갔는데 콩국수 12000원 실화인가요?
콩국수계의 에르메스인가연~? 
그러면 서비스나 그에 맞는 뭔가가 있어야 하는데
맛은 있지만 비위생적이고, 김치도 맛없고
특히 여름이라 어쩔수 없는 부분이긴 하지만
땀냄새때문에 역해서 먹다 내려놨네요...

만원 이하의 가격이라면 그러려나 하고 이해할 수 있겠지만
다른 콩국수 집의 1.5~2배 인데... 그만큼은 아닌 것 같아요

다시 안갈 것 같습니다",1
진주회관,"기본 메뉴와 맛이 간단한 집. 김치와 콩국수 한 그릇을 맛있게 먹고 돌아간다. 한 그릇에 12,000 원, 주변에 더 싸게 기본은 하는데가 있으면 그냥 거기서 먹어도 좋겠다.",4
진주회관,"단순한 콩국에 면, 그리고 그에 딱 어울리는 새콤하고 맛깔난 김치가 더울때 입맛을 돋워준다. 양도 많다.",4
진주회관,"콩국이 진하고 맛있어요
면도 쫄깃쫄깃",5
진주회관,맛은 있는데 전화했더니 너무너무 싸가지가 없음 당황스러울정도,1
진주회관,맛있음 맛있음,5
진주회관,굿굿,5
진주회관,콩국수집이지만 김치볶음밥이 맛있어요. 직원들은 불친절합니다.,3
진주회관,"콩국수 맛집. 가격이 조금 비싸긴 하지만 먹어본 콩국수 중에 가장 맛있었음.
직원들이 불친절한게 흠.",4
진주회관,"달지 않고 짜지 않고 걸쭉하지만 텁텁하지 않은 정도인 산뜻한 맛의 콩국수, 서비스나 가게 내부시설 위생은 별로, 꽤 비싼 가격이지만 음식 양이 많고 콩물이 진해서 배부르니 감안하고, 가볼만한 맛집이지만 제 발로 재방문은 안할듯",4
진주회관,직원이 진짜 불친절해요,1
진주회관,너무 비싸여 그리고 다른곳과 별 차이없습니다. 그냥 동네에서 먹어도 될것같습니다.,3
진주회관,"직원이 매우 불친절하고, 위생상태 불결. 수저통에 물기가 그득하고 화장실 엉망.",1
진주회관,맛잇었어용,4
진주회관,너무 바쁜게 흠이지만 장사한지 오래되었고 콩국수 정말 맛남,5
진주회관,말해머해.... 그저 빛콩국수ㅠㅠㅠ,5
진주회관,"서울미래유산에까지 선정되었다는 식당
무료주차는 30분까지만, 그것도 주말에만
찌개메뉴는 오후 6시30분 이후만,
반찬은 심심하고 달달한 김치 달랑 한접시,
계산은 앉은 자리에서 주문과 동시에 선불 등등 여러가지 불편함에 불구하고
맛은 어디 흠잡을 데 없을만큼
진하고 고소한 콩국수집
가격은 11,000원으로 오른듯",5
진주회관,"기본적으로 짭조롬한 간이 되어져서 나오는 콩국수.
먹다보면 약간 간간하다는 느낌을 받는다.
콩물은 한번 걸러낸 듯 하지만, 크림스프같은 점도가 있어서 면과 콩국물이 한 번에 입에 들어오는 만족감이 좋다.

하지만, 다음에 또 콩국수를 먹는다면 예술의전당 앞 백년옥으로 갈 듯 싶다.",4
진주회관,콩국수,3
진주회관,콩국수도 콩국수지만 돌아가신 어머니와의 추억의 장소,5
진주회관,been,3
진주회관,진한콩물에 먹는 콩국수 최고,4
진주회관,콩국수 짱,4
진주회관,"콩국수를 별로 좋아하진 않아서 그냥 그랬지만
유명한집이다",3
진주회관,진짜 콩국수와 진짜 김치볶음밥.,5
진주회관,전통의 콩국수집. 김치가 달아서 별로라는 사람도 있지만 콩국수의 핵심은 국물에 있으므로 진한 국물에 가산점을 얻어 별 다섯개. 국물은 진짜 죽인다.,5
진주회관,콩국수 먹고싶을 때 항상 가는 곳이에요~ 국물도 꾸덕하고 면도 쫄깃하니 맛있어요. 개인적으로 김치도 호불호 갈릴수 있는데 저는 맛있었어요. 다만 다소 낮은 친절도나 어수선하고 시끌시끌한 분위기는 감안해야 합니다.,4
진주회관,"여름에 종종 생각날것 같은

콩국수 13000원

22.07.28",3
진주회관,"가게 유명세 믿고 손님 보기를 뭣같이 보는 가게. 인사도 없고 말도 짧고, 설명도 없이 선불입니다만 앵무새처럼 외친다?
콩국수 유명세에 처음 가본 한번은 먹을만 하지만 그 불친절한 서비스 겪고 나면 다신 가고 싶지 않은 곳입니다. 내 돈내고 기분나쁜 하루를 두번 다시 보낼 생각 없음.",1
진주회관,"사장님 
차좋은거 끌고다니는건 알겠는데 맨날 가게 앞 통행로에 떡하니 대놔서 저포함 사람들이 굳이 출근길을 돌아가네요~ 옆에 주차장두 있구먼
오르막이라 비오는날엔 ;",1
진주회관,"음&hellip; 콩국수집을 찾아다니시는 분이라면
물음표가 생기지 않을까 싶어요.
이정도 퀄리티 콩국수집 많지 않나 싶은데..
(13000원보다 저렴하게 드실 수 있을듯)",3
진주회관,"3.5점 정도가 딱 적당할듯. 콩국수를 안좋아하는데 진주회관에서 처음 먹어봐서 다른데하고 비교는 어려움. 처음 먹었을 때 맛도 없고 가격도 비싸서 다신 안올거 같다고 생각함. 그런데 지인 따라 어쩔 수 없이 한번 더 갔는데 처음보다는 맛있었음. 그리고 그날 저녁 머릿속에서 진주회관 콩국수가 맴돌기 시작. 평양냉면처럼 처음에는 왜먹지 하다가 점점 빠져들게 되는 진주회관 콩국수......
여기 김치는 정말 맛있음. 처음 갔을 때도 김치맛집이라 생각했음.  가격은 11000원만 했으면 좋겠다..",4
진주회관,"내가 콩국수 맛을 잘 모르는건지,
과대평가라 생각함",3
진주회관,여의도 진주집만 못 함,3
진주회관,콩국수의 내재적 한계일까 알쏭달쏭,3
진주회관,"콩국수(10,000원: 15년 10월)",3
진주회관,콩국수만 드세요. 콩국수는 맛있어요 근데 나머지 찌개들은 맹탕같은게 다 최악임 입맛버리지마시고 콩국수만 드시길,3
진주회관,"콩국수 콩물이 정말 부드러워요~ 면은 쫄깃쫄깃
양이 많아요.
콩물 잔뜩 묻힌 면 먹고 김치 한 입 먹으면 꿀맛
여름이는 불가능한 메뉴가 많아서 아쉽..",3
진주회관,"콩국수 1만원.섞어찌게 7천원.김치볶음밥 7천원.김치찌개 7천원.된장전골 7천원/10:30~22:00/연중무휴/Since 1962년/걸죽한 국물과 일체의 고명 없이 나오는게 특징인 콩국수로 유명하며, 국산콩을 사용하긴 하나 가격이 비싼게 흠.",4
진주회관,맛은 있지만 싸가지가 최악,1
진주회관,"40년 전통 콩국수 전문점이라는 본질이 많이 흐려진듯..
주인 아주머니 불친절과 배째라식 태도는 별 하나도 아깝네요..이제 못가겠음",1
진주회관,맛도 대치동 콩국수 하위호완이고.. 무엇보다 아주머니가 너무 불친절하네요 입소문타서 그런가 다시는 가고싶지 않네요,1
진주회관,직원태도가 최악이였어요....,1
진주회관,찐득한 콩국수!!! 아예 기존의 콩숙수와는 다른 카테고리라 해도 될 정도!!! 콩국 테이크아웃 하고 싶음,4
진주회관,ㄱ,2
진주회관,콩국수 맛있음... 김치 잘안줌....김치맛이 변동이 심함...,3
진주회관,"진한 콩국수. 10년만에 방문, 옛 추억이 새록새록...",4
진주회관,콩국수가 맛있을지는 몰라도 주인도 안나오는지 관리를 안하는지.. 일하는 아줌마들이 싸가지가 없어서 다신 안갑니다.,1
진주회관,"이집 콩국수가 진리
진한 콩국물이 기가 막히게 맛남
여름되면 생각나는 곳^^",4
진주회관,서울 콩국수의 지존! 콩국수와 배추김치 한접시가 전부지만 고소한 국물과 쫄깃한 면발은 누구도 흉내 못낼 듯...,5
진주회관,콩국수맛 최고,4
진주회관,여름이면 두세번은 가야 아쉽지 않죠,5
진주회관,콩국수싫어하는사람도 먹게만드는맛,5
진주회관,콩국수 김치볶음밥,5
진주회관,콩국수 맛집.맛은 있는데 곱배기  또는 사리 추가도 있었으면.,3
진주회관,맛 정말 좋네요,4
진주회관,콩국이 기막히게 넘어가고 고소함이 딱 적당한게 콩국수의 최고봉^^,5
진주회관,나사기술? ㅋㅋ 그건모르겠고 맛은 보장되는 집.,5
참맛장어,기대보다 맛있는 안창살과 갈비살,4
참맛장어,가성비 너무 나쁘네요 냉동마냥 나오고.. 불이 처음에 너무 뜨거워서 질겼고.. 밑반찬 아쉬워요 안 친절하고요,1
참맛장어,"맛집까진 아니고 무난한 고기집
미국산 싫어하면 피해야됨",4
참맛장어,"사장님, 맛은 있었는데...
집에 와서 보니 안창살 1인분 더 영수증에 찍혀있고 공기밥 2개 더 찍혀있었어요 
사장님 장사 이런식으로 하시면 안됩니다. 
너무 비싼거같아서 의아해 했는데....
집에와서 다시보니 이렇네요...

다른 블로거 리뷰보니까 그분도 이렇게 당했다는데,
한국인 여직원한테 제가 주문했거든여..
바쁘시면 직원들을 더 쓰세요.",1
참맛장어,"점심메뉴는 모르겠는데 저녁메뉴 고기는 비싸고 비싼 가격에 비해 밑반찬도 허접
한우이긴 하지만 그 가격 주고 먹을 만큼은 아니네여
맞은편 골목 살아 동네식당이라고 가 본건데 실망 ㅜ",1
참맛장어,"하나도 아깝습니다
비싸면 음식이라도 제대로 만들어주던지",1
참맛장어,"밑반찬도 몇개없고, 직원들이 다 외국인이라 소통도 어려워요. 화룡정점으로 플라스틱 바가지로 된장찌개를 끓이는 모습이 참 인상적이었습니다. 식당인데 스텐국자가 없는건지..^^",1
참맛장어,"11시부터 영업이라 써놨으면 11시에 문 여는게 맞는것 아닌가요?
예약이 없으면 13시에 연다는건 무슨 경우죠?
아니면 미리 전화로 점심영업하는지 문의했을때 알려줘야 했던것 아닌가요?",1
참맛장어,예약해도 음식나오는데 한시간걸림,1
참맛장어,"직원이 친절하고 장어가 맛있고 사장님이 예뻐요😍
입구 찾는게 조금 힘들긴 했는데 찾아가는 재미가 있어서 괜찮아요.",5
참맛장어,"충정로 장어 맛집 참맛장어 원기회복 오동통 자포니카 뜻 / #협찬 아침에는 추웠다가 저녁에는 더웠다가 날씨가 그야말로 장난을 치고 있습니다. 까딱하면 감기 걸리기 딱 좋은 나날이 이어지고 있습니다. 저도 가끔씩 기침을 하곤 있는데 심한 감기로 이어지고 있지 않아 다행이라고 생각 중입니다. 영양보충이 필요한 시기에 장어를 먹기 위해 충정로 장어 맛집 참맛장어 식당을 찾았습니다. 지하철 5호선 서대문역 2번 출구에서 도보 3분 거리에 있습니다. 서대문역 사거리 쪽에 있어 버스, 지하철 대중교통이 잘 돼 있습니다. 

오픈한지 얼마 되지 않은 느낌의 식당입니다. 참맛장어 본점은 남원에 있다고 합니다. 맛에 대한 자부심이 있어 서울에 추가로 오픈했답니다. 믿고 먹을 수 있는 곳입니다. 내부가 넓습니다. 테이블이 여럿 설치돼 있습니다. 프라이빗한 룸도 마련돼 있습니다. 직장인들 회식 장소, 연인 데이트 장소로 딱 좋아 보입니다. 장어한판을 먹었습니다. 충정로 장어 맛집 참맛장어는 머리와 뼈, 내장, 피 제거 후 600g을 기준으로 판매하고 있답니다. 빨간 불빛의 냉장고 위에 안내판에 그렇게 적혀 있습니다. 

국내산 민물장어를 따로 손질하는 공간이 있습니다. 손질된 장어들은 냉장고에 놓여져 있습니다. 따로 구매가 가능하답니다. 소주와 맥주 등 주류도 다양하게 냉장고를 채우고 있습니다. 상추와 배추, 고추, 마늘, 양파, 쌈무 등 장어와 먹으면 좋은 것들이 많습니다. 셀프 코너에서 먹을 만큼 덜어서 퍼 갑니다. 청결하게 유지되고 있어 보기 좋았습니다. 

참숯이 올라옵니다. 두툼한 장어 1kg가 불판에 등장했습니다. 이렇게 큰 장어, 저는 처음 봅니다. 직원이 보통 장어가 아니고 자포니카 장어랍니다. 자포니카 장어는 최상급 품종으로 한국, 일본, 대만 등 동아시아에 주로 서식하고, 양식으로 많이 키운답니다. 

숯가마에서 구워낸 소금을 장어 위에 뿌렸고 직원이 직접 구워줍니다. 비싼 장어를 잘못 구워 다 태워 먹으면 참 슬플 거 같습니다. 전문가의 손놀림을 감상하며 입속으로 들어올 장어를 기다립니다. 굽기의 정도가 적당합니다. 숫자 3 모양으로 잘려진 장어들이 줄 맞춰 누웠습니다. 살이 진짜 오동통해 먹기도 전에 침이 고였습니다. 

충정로 장어 맛집 참맛장어의 잘 익은 장어를 먹어보니 환상입니다. 상추, 배추 쌈에도 먹고 여러 장아찌 반찬과도 먹었습니다. 장어 특유의 느끼함이 덜 해 먹는 내내 물리지 않았습니다. 다양한 방식으로 질리지 않게 먹었습니다. 회사 회식장소로 다시 한 번 오고 싶습니다. 미국산 고기 좀 그만 먹고 싶습니다. 국내산 민물장어가 먹고 싶은 직원입니다. 

깨끗한 실내 분위기와 통통한 장어, 그릴링 서비스까지 부족한 게 없었던 참맛장어 식당입니다. 이번 봄에는 감기에 안 걸릴 자신이 생겼습니다. 원기회복과 맛 두 마리 토끼를 챙겼던 점심식사였습니다. 

위치 = 서울 서대문구 경기대로 82 광산빌딩 지하1층 참맛장어
영업시간 = 11:00~22:00 
전화번호 = 02-313-8576

#충정로장어 #서대문장어 #서대문역맛집 #서대문역장어 #참맛장어 #장어맛집 #서울장어맛집",5
참맛장어,맛잇어용,5
철길떡볶이,국민학교 시절 50원에 떡 4개에서 3개로 바뀌던 시절에 다니다가.. 근 30년만에 재회하게된.. 맛은 그때 그시절 그대로.. 마치 80년대로 다시 돌아간 듯,5
철길떡볶이,&bull; 판단유보,3
철길떡볶이,맛있는데 야끼만두 하나가 넘 딱딱해서 강냉이 탈릴뻔 ㅠ 위생은 없다고 생각해야 맘편해요,4
철길떡볶이,"I love this place. Even it can be a little bit hard for a first time to order for people who don't read/speak a little bit korean, the staff will gladly help you and prepare a lovely local experience. The food is all tasty and fresh. I fully recommend this place.",5
철길떡볶이,"철길감성 좋고,야장 좋코~~!",4
철길떡볶이,"생각보다 지나다니는 열차 소리가 엄청 크니까 민감하신 분들 밖에 앉을 땐 조심해야 할 것 같아요! 같이 온 친구가 좀 무서워하더라고요. 
떡볶이는 쫄깃쫄깃하고 훌륭했습니다",5
철길떡볶이,"어릴적 먹던 바로 그 맛!
김밥 쵝오!!!
떡볶이는 국민학교시절 학교 앞에서 먹었던 그 맛이고요. 
잘라주는 김밥은 옛날 당구장에 김밥이랑 꽈배기 팔던 아줌마들이 팔던 그 맛.",4
철길떡볶이,"주방이나 식사자리거 뒷간 수준으로 더러움
건강 생각하고 먹는 떡볶이가 아니라 그냥 먹음
떡볶이는 달달하고 찰지나 그외 튀김 순대는 그냥 구색용
순대는 다 풀어지고 튀김옷은 눅눅하고 기름짐 아마도 전날에 튀겨놓은 듯",3
철길떡볶이,"가격 엄청 올랐네요ㄷㄷ 떡볶이 1인분 2천원 보고 갔는데 3500원.. 나머지도 전부 1000-1500원씩 다 오름
맛은 있어요. 근데 2000원짜리라고 생각하면 맛있는데 3500원짜리 맛인지는 잘 모르겠네요",3
철길떡볶이,솔직히 서울에서 이정도 금액이면 가성비라 생각하는데 야끼만두 진짜 강냉이 털릴뻔했어요 치아 약하신 분 들 주의하시고 계란은 완숙임다 오뎅맛있고 좋아요 김말이 짱!,4
철길떡볶이,"한번쯤 방문! 떡볶이 양념은 맛나요
가게 내부&amp;외부는 좀 비위상할수 있어요
튀김은 딱딱해요",3
철길떡볶이,"학교앞 떡볶이 느낌이에요
특별한 것은 없디만 사진보니 또 먹고싶네요",4
철길떡볶이,맛있게 잘먹었습니다:),5
철길떡볶이,30년전 고등학생때 먹었던 추억의 떡볶이집,5
철길떡볶이,맛있어요,5
철길떡볶이,"달디 단 떡볶이에 추억이 있으신 분들이라면 엄청 좋아할 듯! 튀김도 옛날 느낌으로 맛있고 김밥도 최고에요!
철길 옆에서 먹는 낭만이 좋으시다면 밖에서 드셔도 되지만, 위생관리가 중요한 분들이라면 그냥 안에서 먹거나 2호점, 혹은 포장을 추천합니다. 테이블 같은 게 손님들이 알아서 잘 닦고 가야하는데 많이 더럽고, 의자나 바닥 등이 흔들거리고 좀 열악해요",5
철길떡볶이,JMT,5
철길떡볶이,"맛은 평범하지만 자꾸 생각나는 맛이에요!
저렴해서 좋아요~",3
철길떡볶이,"맛있다 떡볶이는 맵지 않지만 자극적이라 맛있는 판떡볶이고 야끼튀김도 소는 없지만 엄청 빠삭해서 닭껍질튀김 먹는 듯 고소하다 다른 곳에서 먹을 수 없는 못난이튀김도 맛있다 기차뷰도 특이하고 분위기 있다고 느꼈다

근데 이 모든 걸 다시는 경험하고 싶지 않게 만드는 비위생... 비위생이 아니라 위생이 없다 평소에 그런 거 신경 안 쓰고 잘 먹는 편인데도 여긴 화장실보다도 더러운 곳이다 맛있게 먹고 나서도 믿을 수 없는 위생때문에 울렁거려서 다시는 못 오겠다고 생각함",1
철길떡볶이,너무  불친절하고 떡볶이도 영 아니고 그냥 갬성만...위생적이지도  않고 비추천,1
철길떡볶이,아주 맛있게 먹었어요 사장님도 친절하고 기차도 잘 보여요!  사장님도 힘내세요!,5
철길떡볶이,"유명세 때문에 구지 방문한 집.
주차가 힘들어 포장해서 집에서 먹는데,

접시에 풀어 어린녀석들이 먼저 기습.
이거저거 준비하고 하나 딱 먹어보니....
떡이 갔습니다....ㅜ.ㅜ

밀가루 제품의 주정처리와 다른 쉰 맛입니다.

아쉽지만 떡볶이 양념맛만 봤네요....ㅜ.ㅜ

구지 찾아갈 만한 느낌은 없습니다.",1
철길떡볶이,무단점유,1
철길떡볶이,"팩트체크3(24/3/3)
맛: ★★★★☆, 매장: ★★☆☆☆
친절: ☆☆☆☆☆, 임팩트: ★☆☆☆☆

안녕하세요? 팩트체크 마포건달입니다.
기존 별점 3개에서 1개로 조정합니다. 맛도 중요하지만 기본적으로 친절함은 제로에 가깝습니다.

24년 3월 초, 지나는 길에 방문합니다. 사람이 많습니다. 주문을 종이에 적어 받고, 내어주는 구조 입니다. 떡볶이 양이 부족한지, 제 주문을 받고 뒤에 오시는 분들은 끊더군요. 불안하네요.

15분을 기다렸는데, 제 것을 받기도 전에 떡볶이가 종료되었습니다. 그럴 수 있다고 생각합니다. 허나 전혀 미안한 내색도 없고 당당하네요. 얼굴은 어쩜 웃음기도 없고, 너무 당연한 듯, 무표정에 피드백조차 없습니다. 

맛 중요하죠. 하지만 기본 인성도 중요합니다. 벽에 덕지덕지, 철길 떡볶이집 철거 되지 않게 도와 달라는데. 전혀 동정심이 생기지 않습니다. 

이제 다시는 오지 않을 듯 합니다.


팩트체크2(23/8/13)
23년8월에 또 가봅니다. 아주 후덥지근한 날씨인데, 가게는 에어컨을 틀지 않습니다. 주인 아주머니는 웃지를 않으시네요. 

떡뽁이 양을 보면 정말 허망합니다. 3500원어치가 너무 무색합니다. 맛은 보장하나, 양을 다시 한 번 재보고 생각해보니, 다시 오고 싶은 마음이 뚝 떨어집니다. 

사진(떡뽁이 1 + 야끼 1 + 김말이 1 = 7500원)
배고플때는 양 많이 주는 곳이 더 나을 듯 합니다.



팩트체크(23/7/9)

지난 주, 강남역 &lsquo;예쁜할머니네&rsquo; 떡뽁이 이후, 두 번째 떡뽁이 맛집 탐방입니다. 추천은 책을 통해서 오게 되었습니다.

마침 회사에서 집 가는 길이라 걸어갈겸 들렀습니다. 더운 여름이고 마감 시간 30분 전이라 그랬는지 손님은 없고 조용합니다.

식당 안과 밖의 자리 풍경이 다릅니다. 철길 옆이라 전기선이 닿을 수도 있는 거리에 야외 식탁들이 놓여 있습니다. 위험하겠지만 낭만은 있어 보입니다.

2인분 주문 했는데, 몇이 드실거냐 묻더니 3인분 양을 주시네요. 게다가 서비스로 김밥 여러 줄. 마감 시간 즈음에 가면 누릴 수 있는 특권(?)인가 봅니다.

집에 와서 시식을 합니다. 길다랗고 벌건 떡뽁이는 길거리 떡뽁이 그것과 비슷하나 맛은 훨씬 있습니다. 짜지 않으며 누구님 말씀대로 &lsquo;진지하게 맛있습니다&rsquo;. 다음에도 같은 길을 걸어 갈 일이 있으면 잊지않고 주문해서 다시 먹을 것 같습니다.

길다란 떡뽁이는 매우 쫄깃합니다. 쌀떡뽁이는 아닌데 그렇다고 100% 밀떡뽁이도 아닌 것 같습니다. 떡은 쫄깃하게 맛있고 양념은 짜지 않고 아주 좋습니다.

김밥은 그저 그렇네요. 일단 밥 품질이 일반적이고, 간 또한 평범 합니다.

지난 주 맛본 떡뽁이와 비교 시, 현재까지는 &lsquo;철길 떡뽁이&rsquo; 승 입니다. 주인은 무뚝뚝하네요.

/////////////:///////////// 별 리뷰 해석:
★★★★★ - 최고중에 최고, 감동적이고 매력적임
★★★★☆ - 아주 좋음, 감동적임
★★★☆☆ - 좋음, 원할함, 준수함, 문제없음
★★☆☆☆ - 크게 나쁘지 않으나 추천하지 않음
★☆☆☆☆ - 문제라고 생각함, 기분이 안좋음
☆☆☆☆☆ - 할많하않",1
철길떡볶이,유명하대서 들렀는데 굳이 찾아갈 집인지 모르겄음. 주차 가능. 맵지도 않고 떡볶이든 오뎅 국물이든 다 걍 아는 맛. 친절하지도 안 친절하지도 않으심. 걍 매우 평범한 곳. 사진에서 보듯 떡볶이 비주얼은 군침나게 좋음.,2
철길떡볶이,그냥 풍경..? 분위기? 때문에 가는 곳,3
철길떡볶이,"늘 ~한결같은 떡뽁이맛.. ^^
늘 ~이 곳에 있어줘서 고마운 맛^^  

멀리서라도 생각나면 (수고를 감수하고라도) 찾아올 수 있어서 좋은 맛..^^

청결하지 않다~ 불결하다~^^ 매우 박한 평을 하시는 분들도 계시지만.
전 ~늘 이러한 곳이라 너무 좋네요^^  (예전 생각도 나고)

깨끗하고 청결한 곳도 많으니 
(그 분들은 그 곳에서 그 곳의 떡뽁이를 드시고 ^^) 
이 곳은 그냥 이대로 여서~ 좋은 분들만 오면   더~~~좋겠어요 ^^
늘  편히 먹게..^^",5
철길떡볶이,철길. 그러나 의생 가격 등 평이 안좋...,3
철길떡볶이,"그냥평범하거나 그이상은 아닙니다.
전반적으로 양은 많지않아서 가성비는 좋지않고 
맛은 평범합니다.
떡볶이를 철길옆에서 먹는다는 특별한 컨셉정도로 생각하고 다녀오시면될거같아요.",3
철길떡볶이,"떡볶이 맛 자체는 나쁘지 않으며, 철길을 볼 수 있는 야장이 특징입니다. 그밖에는&hellip;음",2
철길떡볶이,"찾아갈맛은 절대아닌데..
그냥 옛날 감성 접근할만한 나이있으신분이면
맛 생각버리고 데이트한번 정도 하는 느낌으로 가세요 맛은 생각하는것 이하",3
철길떡볶이,"1989년도 재수할 당시 연세학원 앞에서 할머니가 포장마차에서 팔던 그 맛  기억하고자 가보았습니다 딸이 운영한다고 들었는데...
그땐 배고픈 재수생들 줄서서 먹었습니다
지금은 그저 그렇네요 맛은 얼추 비슷한 것 같지만 제 입맛이 변했나 봅니다",4
철길떡볶이,사장님도 친절하시고 음식도 정말 맛있었습니다. 또 가고 싶네요.^^,5
철길떡볶이,"떡은 먹을만 한데 오뎅 진짜 너무맛없고 김말이 튀김도 맛없고 협소하고 안친절하고 더러워요.
동네떡볶이집이라도 한번 가고 다시는 안갈 퀄리티",1
철길떡볶이,테이블 더럽고 내부 위생 안좋아보이고 먹고 다같이 배탈남 맛도 딱히,1
철길떡볶이,다시는 안 갑니다,1
철길떡볶이,글쎄요!,2
철길떡볶이,"철길 풍경보며 먹는 노포 분식집
떡볶이는 쏘쏘
재방문은 글쎄...",3
철길떡볶이,"4월2일에 오신분들은 다아실껄요 떡볶이가 탄맛이났다는걸 
어르신들이라 말도 못하고 아 진짜 별로임 성의없는 순대와 셀프로 가져가는 짠맛 가득한오뎅 그리고 철길옆 기차를 보며 먹을수있는 바깥자리는 난간??에 왜 뿌려놓은지모를 수많은 음식물찌꺼기들을 보며 먹어야합니다 1년을 벼르다 갔는데 진짜 그냥 다별로였네요 

아 정말 중요한건 위생문제입니다 내가 내물티슈들고가서 닦고 먹어야하고 말해뭐하나요 가서보세요...",1
철길떡볶이,"동영상 못 올리는게 이쉽네요.
잘 먹고, 잘 보고 갑니다.",5
철길떡볶이,"포장에 40분이상 걸리는걸 전혀 이해 못하겠네요
다른곳과 비교해보시고 양, 시간, 서비스 등 많은 개선하셔서 진정한 지역 명물이 되시기 바랍니다",1
철길떡볶이,상상이상의 불친절. 금방이라도 무너져 내릴 것 같은 건물과 끔찍한 위생. 떡볶이 맛은 있으나 글쎄요..?,2
철길떡볶이,쏘쏘 먹을만함,4
철길떡볶이,오래전부터 유명했던지라 가보고 싶었는데 오늘 큰 맘 먹고 가봤음..철길 옆 낭만 쩔고 맛고 있음! 근데 좀 비쌈 ㅎㅎㅎ,4
철길떡볶이,맛은 쏘쏘  사장님 화가 많이나신듯~~,1
철길떡볶이,"방송이 미쳤음!! 왜 이런데를 찾아다니며 홍보해주는지!
식탁은 한번도 닦은 적이 없는지 까만 먼지가 묻어나고 바테이블 창틀화분엔 거미줄이ㅠㅠ
정말 지저분하고 더러워요! 
그렇다고 맛이 있는 것도 아니고
가지 마세요!!!",1
철길떡볶이,떡볶이 양은 적고 맛은 괜찮은 편이지만.. 순대 오래되어서 불어 터졌고 군내나는데 계속 파나보네요 이제 안 갑니다,1
철길떡볶이,"몇번 왔는데 점점 배짱장사하시는 듯
죄다 셀프고 맛도 없음
어묵은 물만 부어 재탕한 맛",1
철길떡볶이,"아주머니 썩은표정
말도안하고 뭘 얘기해도 고개만 끄덕이는수준
양: 개창렬
맛: 개취
위생: 최악
분위기: 개취
똥인지된장인지 본인이 꼭 먹어봐야 아는 성격이라면 가보세요",1
철길떡볶이,"적당히 매콤
맛있긴 한데 깨끗하지는 않음!",4
철길떡볶이,예전추억을찾아간 내가 바부 ㅎㅎ 감성팔이로 변질,1
철길떡볶이,"24.2.27 방문
떡볶이 김밥 순대 먹고 배탈 디지게 남
며칠 고생할지 보겠음",1
철길떡볶이,"여기를 일부러 찾아가서 돈주고 먹기엔 ...
위생 엉망이고 맛도 엉망입니다
그냥 가까운 떡볶이 집에서 드시는 것이 훨씬 맘 편할겁니다
정도 없고 맛도 없고.. 돈만 생각하시면 망하는 지름길입니다",1
철길떡볶이,"이해가 안가는게 무슨 여기가 맛집인가?
이상한 사람들 너무많음
2년동안 근무한회사 옆인데 도무지 이해가 안감",1
철길떡볶이,"여태 2번정도 가본곳입니다.
위생이 좋지못했던 기억이 강합니다.
최근 업장 철거관련 청원 문자가 발송되는것같은데,
코로나때 작성한 수기명부의 개인정보를 오남용하시는것같다는생각이 들어 기분이 좋지않습니다. 기록된 번호들은 개인의 정보이니 삭제해주시는게 맞다고 생각이 듭니다.",1
철길떡볶이,"혼자 하시는 거라면 셀프, 계좌이체 다 이해합니다. 매장 분위기나 감성도 너무 좋구요. 다만, 맛은 제가 집에서 하는 게 더 맛있을 듯 해요. 2대 째 감성으로만 장사하신 건지.. 제주도 나 군산 여행지 느낌 내고 싶으면 가셔요",1
철길떡볶이,철덕추전,5
철길떡볶이,맛도 별루 가격도 별루.,1
철길떡볶이,"오랜만에 떡볶이 맛집 블로그를 보고 포장해 왔는데요..ㅠ 쫌 많이 매우 실망입니다. 여타 떡볶이집 이상은 아닌것 같구요, 무엇보다 가격대비 양이 넘.. 일반적인 1인분의 기준이..음.. 재방문은 어렵지 싶네요.  못난이, 야끼만두, 김말이 각 1인분&amp;순대 1인분, 떡볶이 2인분의 사진입니다. 아 순대는 3개 집어 먹고 찍은사진입니다.
그냥 철길 추억을 느끼려 가시려는거면 모르겠으나... 맛집이라고 블로그 올리신분 너무합니다..ㅠ 너무 맛을 기대해서 그렇다고 하기에는 ㅠ 실망.. 많이 아쉽네요~",1
철길떡볶이,"평범하네여. 판자촌  같아서  깜놀 ...많아보이죠?  포장도  해왔는데  주먹만큼..  싸진  않아요.. 
맛은  그냥 저냥..가까우면  포장할만하구요..떡볶이   궁금하면 한번  갈만해요.ㅠㅠ",3
철길떡볶이,너무 넘넘넘넘넘 맛있어요 떡볶이,5
철길떡볶이,철길 풍경이 다 했습니다.,2
철길떡볶이,칼복순,5
철길떡볶이,"라면 오뎅 떡볶이 야끼만두를 먹었는데 맜있네요!
열차도 자주와서 매우 좋아요!
하지만 디젤기관차가 바로 옆 선로를 지나가면 진동이 너무 크네요 ㅠㅠ 그래도 재미있고 맜있게 먹었습니다!",5
철길떡볶이,갬성은 미쳤지만 위생은......,4
철길떡볶이,아내가 좋아해서 일년에 몇 번 방문하는데. 이 가게는 리뷰로 따끔하게 불만 글 올리시는 분들의 느낌을 즐기러 가는 곳이예요. 요즘같이 깨끗하고 친절하고 분위기 좋은 곳과는 전혀 다른 곳입니다. 나이 좀 있는 분들이 옛 추억을 느낄수 있는 가게랍니다. 있는 그대로 느낄수 있는 분들 아니고 요즘 트렌드에 민감한 분들은 호기심에도 절대 가지 마세요.,3
철길떡볶이,"이상하게 자꾸 생각나는 떡볶이
군만두 존맛 못난이도 굿",4
철길떡볶이,좋음,5
철길떡볶이,"맛은 그런대로 짜다
가격은 개념상실
저 양이 김밥이 3천원에 순대가 3500이라니...
(다 한줌의 양)
압구정도 저것보다 많이 주겠네 ㅎㅎ
불법건축물인데 임대료도 안들텐데 왤케 비싼겨??
2만원어치 시켰는데 기별도 안 가네
다른곳 2배 가격 생각하면 됨
다신 가고 싶지 않은 곳",1
철길떡볶이,"사진 찍으러 가는곳. 킬복순 보고 남자 둘이 가서 대충 먹었는데 19500원 나왔습니다만, 비싼게 문제가 아니라 맛이 밋밋해요.",2
철길떡볶이,진지하게 맛있음 ^^,5
철길떡볶이,"떡볶이, 김밥 등은 딱 적당하게 맛있었고요, 못난이 튀김은 진짜 맛있습니다. (여기 오신분은 못난이튀김 꼭 드세요)
 철도 좋아하는 사람은 아주 좋아할만한 곳입니다. 곧 없어질수 있다는게 아싑습니다. 꼭 한번 방문해보세요!",5
철길떡볶이,"떡볶이 양이 적고,, 순대도,,
아쉬웠읍니다,, 그래도 기찻길 낭만,, 

행복은,,, 어디에나 있는 것,,, ^^  
@azossii",4
철길떡볶이,"추억의 맛이 나는 곳이에요!
다만 위생이나 화장실은 넘 무서워요..",4
철길떡볶이,오랜 단골입니다. 최고에요.,5
철길떡볶이,"도착하자마자 허름한 건물 안에 아주머니께서 이름과 메뉴를 적으라고 하셨고 그 후 철도를 볼 수 있는 자리에 앉아 기다렸습니다. 여기가 철도 보기 좋은 곳으로 유명하대서 저도 괜히 여기에 앉았어요. 철도 보면서 멍때리던 중 음식이 왔고 맛은 그냥 그저 그랬습니다. 동네 떡볶이보다 조금 못한 맛이라서 다시는 안 와야지 했던 맛이에요. 어묵 국물도 그냥 그저 그랬구요
그래도 이왕 돈 주고 산 거 먹는데 옆에 철도가 지나가더라구요 신기하기도 해서 사진 몇 장 찍었습니다
철도 좋아하시는 분들이라면 한 번 가볼 만한 거 같아요
그리고 다른 철도랑은 다르게 무궁화호였나? (정확하지 않을 수도 있어요) 지나갈 때 매연 냄새가 나더라구요
이미 철도가 보이는 곳에 앉아서 먹는 지금 위생과 맛은 포기했지만 위생을 중요시 하는 분들은 가지 마세요
아 그리고 다 먹고 나가려는데 나무에서 소리나서 부러지는 게 아닐까 싶었어요",2
철길떡볶이,길복순 ㄷㄷㄷ,5
철길떡볶이,보기 보다는 맵지 않았고 국물없는 빨간밀떡볶이와 철길옆에서 먹는다는 낭만을 생각한다면 모를까 그 외는 글쎄다 싶은 점이 많은 집으로 특히나 웬만하면 화장실은 안가는게 정신건강에 좋다는~ ㅎ,1
철길떡볶이,"맨날 먹고싶은 최애떡볶이! 빠삭한 야끼만두는 우주최강이에요. 오랫만에 갔더니 아저씨도 엄청 친절해지셨네요ㅋㅋ 👍 
오뎅국물은 비추해요😅
건강하셔서 오래오래 맛난 떡볶이 만들어주셨으면 좋겠어요♡",5
철길떡볶이,"노포 분위기 그대로고 
맛도 그대로임",5
철길떡볶이,넘 달고 튀김이 너무 딱딱했어요,1
철길떡볶이,여기 맛은 좋아요. 어렸을적 맛 그대로임. 하지만 평을 보니 젊은 입맛은 좀 달라진듯,4
철길떡볶이,제일 맛없었던 떡볶이였습니다ㅠㅠ 조미료 많이 들어가서 닝닝하고 텁텁한 맛에 인공 캡사이신 맛...튀김은 차갑고 튀김옷이 너무 두꺼워서 반입 먹고 버리고 싶었어요,1
철길떡볶이,이게 왜....,1
철길떡볶이,"만약 이집 떡볶이맛이  우리나라 최고라면 별 3개를 주겠다 왜냐면 시설 위생 뭐하나 보통이라도 되는게 없으니...
근데 맛도 참....  별하나도 아깝다.",1
철길떡볶이,불친절,1
철길떡볶이,왜 여기가 맛집이 된건지? 이유가 뭘까요?,1
철길떡볶이,"음 비어있는 가게에 들어와 제일 먼저 주문했는데 다른 테이블 3~4개가 나오고 나서야 나오는건 뭐지요?
예약받는데도 아닌데 순서대로 일처리가 안되시는 듯.. 맛은 그냥저냥이고 서비스는....친절하지 않아 기분이 나빠지는 집이에요;",1
철길떡볶이,비참함의 최전선. 식당도 아니고 음식도 아니다.,1
철길떡볶이,옛날 초등학교 앞에서 파는 컵떡볶이맛!! 전 너무 맛있게 먹었어영,4
철길떡볶이,양이 작아요..,3
철길떡볶이,프랜차이즈나 레토르트 떡볶이가 더 맛있어요..,1
철길떡볶이,"서울 맛집 까진 아니고 충정로 떡볶이 맛집 정도? 
소스도 적당히 달달하고 떡도 밀떡이라 맛있는데 
환경이 열악하고(늘 붐비고 응대도 느리시고) 양이 적음ㅜㅜ 
그래도 계속 생각나는 맛이라 종종 감.",3
철길떡볶이,코로나땜시 임시휴업입니다,1
철길떡볶이,눈뜨고 코베인다 라는 속담을 볼 수 있는곳,1
철길떡볶이,포스있는 사장님. 갈 때마다 떡볶이 맛 차이가 약간씩 남. 바로만든 것보다 시간이 지난 떡볶이가 맛있음.,3
철길떡볶이,"가격이 싸지도않아 양이 많지도않아 위생적이지도않아 맛도없어 
ㅋㅋㅋㅋ 휴",1
철길떡볶이,"좋은점수 좋은평 적혀있는 리뷰들에 대한 신뢰가 없어지는 계기가된 음식점.

위생은 정말최악.
친절도는 기대하지마십시요.
음식의맛은 떡복이는 그냥저냥 특이할것없는맛
                  튀김류는 기름쩐냄세에 삶아서 파는가싶을 
                  정도로 눅눅함
                  순대는 불어터졌음
아진짜 뭐이런 음식점이 있습니까..

커피 마시러와서 입안을 씻어내고있는중 한자적어봅니다",1
철길떡볶이,"맛 없고 양 적고 비싸고 더러움

학교 앞 분식집 떡볶이 맛이 아님. 그냥 오래된 눅눅한 밀떡 맛. 포장마차 떡볶이 느낌. 그냥 고추장맛만 나고 텁텁함. 

정말 너무 더러움. 조리하는 곳도 더럽고, 맨손으로 조리하고 그 손으로 쓰레기 버리고 돈 만지고. 그리고 설거지도 제대로 안해서 어묵국물 떠먹는 그릇에 고춧가루 덕지덕지 붙어있어서 기겁하고 내려놓음. 
물컵도 찐득찐득하고. 

앉아서 먹는 탁자 위 물건에도 먼지가 덕지덕지 쌓여있고, 상도 찐득찐득함. 

떡볶이 3000원으로 올랐는데 양 코딱지만하고. 
김말이는 그냥 그랬고, 야끼만두는 최악. 딱딱하고 말라비틀어짐. 이로 베어지지도 않아 돌덩이 씹는 느낌. 

다신 절대 안갈듯. 왜 유명한지도 모르겠고 돈낭비 시간낭비 위장낭비",1
철길떡볶이,"분위기 좋고, 맛좋고, 값싸고...
주차도 사이비로 살짝 할 수 있답니다... ㅋㅋ",5
철길떡볶이,여기 말고 다른데서 떡볶이 잘안사먹습니다.,5
철길떡볶이,맛있네요. 떡볶이 매니아라 일부러 찾아가서 먹어봤는데 떡복퀸님 영상보고 찾아갔다가 최근에 실망한 집들이 조금 있었는데 멀리살지만 재방문 의사 있고 떡볶이 맛있어요. 다만 사이드메뉴가 조금 아쉬운데 떡볶이가 맛있어서 갠춘,5
철길떡볶이,도기본 갈때 들럿던 천장낮은 분식. 신의 한수,2
철길떡볶이,맛있음 ㅎ 가끔 생각남,4
철길떡볶이,"최악~ 최악~ 최악~

/ 방송 보고 철길 보면서 기분 좋게 먹으려고 마음먹고 가봤는데 , 여기 절대 가지 마시길, 혹시 간다면 제발 그냥 철길만 오고 오길!!!!!!!",1
철길떡볶이,아주머니 정말 불친절하세요 나갈 때 안녕히계세요 했는데 네. 라고 답하는건 어디서 배우셨는지ㅋㅋ 벽에 연예인들과 찍은 사진들은 함박웃음 짓고 계시던데 손님들한테는 웃음기 하나 없는 표정이네요,1
철길떡볶이,분위기 하나로 좋습니다. 기차가 옆으로 달리는 곳에서 먹는 떡볶이라니요.,4
철길떡볶이,철길 극과 극을 달리는 분식점,3
철길떡볶이,오랜만에 갔는데 맛이 읍써요...,3
철길떡볶이,"위생 너무 안좋고
친절도 너무 안좋고
맛도 평범..
평생 방문 의사없음
심지어 비쌈
감성때문에 와도됨 대신 테이블 음식물 널려져있음",1
철길떡볶이,"음....여기가 왜 대체 욕을 먹는지 모르겠음. 그정도는 아니라 생각함.
일단 나는 라면이랑 김밥 1줄을 시켰는데
라면 맛과 양은 앵간한 분식집들이랑 똑같음. 가격이 3500원인데 다른 집들은 4000원대부터인걸 생각하면 저렴한 편임.
김밥은.....솔직히 재료가 많이많이 부실해보였는데 뭘 넣은건진 몰라도 맛있었음. 대신에 1줄 양이 너무 적음...4조각정도
사장님이 불친절하다고 하는데 나는 그렇게 생각하지 않음. 경상도 사투리가 공격적이라고 생각하지만 실상은 그렇지 않잖음? 사장님의 말투도 공격적인 것처럼 보이는거지 전혀 악의는 느껴지지가 않았음.",4
철길떡볶이,"떡볶이만 가끔 생각나면 드세요. 나머지는 입에 대자마자 아이고 내 돈! 하게 됩니다. 

떡볶이 2000원일때의 의견입니다.",1
철길떡볶이,떡볶이에 대한 모독이다.,1
철길떡볶이,"그 동안 불법영업 했는데 
이젠 그만 두어야 한다고 생각합니다",1
철길떡볶이,"국유지 무단점거, 속히 철거되길 바랍니다.
노점짓으로 많이 벌었잖아요?",1
철길떡볶이,"맛있게 질먹었습니다.
맛도 취하고 분위기도 취하고 ~",4
철길떡볶이,불친절 저세상위생  돈내고 구박받음,1
철길떡볶이,오늘 서울 온김에 먹으려고 했는데 토일날 휴무 라고 하네요 그래서 별한개를줌,1
철길떡볶이,쏘쏘~~괜찮음,3
철길떡볶이,"떡볶이, 순대 굿굿 / 치즈추가 놉",3
철길떡볶이,위생이 아쉬워요,4
철길떡볶이,"금액 대비 떡볶이양 비추
쌀떡도 아니고 밀떡으로 3000원씩이나 받을만한건지?
방송이나 유명인이 나왔다고 해서 맛집이 아닌것처럼...
백종원이 봤다면 욕 * 10000000000000번 들어도 할말없는 가게임
근처 영천시장가서 사먹는게 훨낫다",1
철길떡볶이,"30년 전부터 유일한 단골 떡볶이 집.... 
한두번 먹을 때는 잘 모르겠지만 몇번 먹어 보면 때 되면 무조건 생각 나는 집 .. 멀리 이사가서 자주 못 가지만 여전히 가끔씩 찾아 가는 곳.. 요즘에 프렌차이즈 떡볶이 많지만 이집만 유일하게 자주 생각남",5
철길떡볶이,2019년에 한번 먹고 지금까지 또먹고싶단 생각이 1도 안들었어요,1
철길떡볶이,옛날 할머니 생각하면서 가면 실망. 딸내외는 매우 인색한 듯. 떡볶이 양도 매우 적고 김말이 튀김도 묵은건지 떡볶이국물에 담궈줘도 안이 딱딱해서 기분 별로~국민학교때 노라노예식장앞 포장마차가 그립네~,1
철길떡볶이,"맛 : 튀김이 뭔가 이상한데 못먹을 정돈 아님
분위기 : 분위기만 괜찮음
위생 : 외부 탁자 근처 음식물 쓰레기 버려져있고
파리엄청날림 파리넬리인줄(퍽)
가성비 : 싼줄 알았는데 양 생각해보면 신전이 더쌈",1
철길떡볶이,위생 최악,1
철길떡볶이,"철도나 풍경 좋아하는사람이 근처 볼일있을때 한번쯤 들리면 좋은 곳. 딱 한번만... 위생도 위생이지만 양도 적고 튀김도 딱딱하고..
뭐, 후회는 안합니다. ㅎㅎ",2
철길떡볶이,"재가 갔던 분식집 중에 최악... 비위생적 노맛 양도적고 그냥 맘에 드는게 하나도 없어요.

분식을 너무 좋아하는데요. 여긴 그 중 최악",1
철길떡볶이,"왜 가죠 여길?
아직도 카드거부하고 현금만 받나요?",1
철길떡볶이,위생이...,1
철길떡볶이,"19.6월 방문리뷰
진짜,,,위생 심각하네요,,,,,,,,,가게뿐만 아니고 음식 위생도 정말 심각해요 
맛이라도 맛있길 바랬는데 정말 특별한 맛없어요 .. 떡볶이도 시큼해서 놀랐습니다 정말 충격 그 자체
 
24.10월 리뷰 추가 
+ 여기가 얼마나 충격적인 위생이냐면,,5년 지난 지금까지도 이 가게가 안 잊혀져요......
먹고 나오나마자 주변에 국밥집 찾아서 탈 날까봐 장 소독한다고 먹은 기억이 ㅠㅠㅠㅠㅠ이정도면 트라우마 아님?
위생 안 좋은 가게 방문하게 되면 여길 기준으로 말하게 되는 곳이랄까....와 진짜 근데 여길 이길 곳은  없음.......최근 리뷰 봐도 바뀐 게 없나 보네요",1
철길떡볶이,"불친절, 비쌈, 위생 안좋음, 카드 안받음.
솔직히 이정도 맛 떡볶이는 지천에 널렸음.
무허가 건물로 버티기 하면서 녹지 조성 개발도 못하게 하여 주위 환경이 지저분해지고 있음. 철거 막아달라고 손님한테 사연팔이 하려면 친절하기라도 해야하는거 아닌가 싶음",1
철길떡볶이,"여기 주차장이 없어요.
주변의 유료주차장에 주차해야 합니다. 수시로 구청주정차위반 단속차량이 사진을 찍고 가요. 떡복기 먹으려다 주정차위반 고지서 받아요.
그리고 들리는 말에 의하면 가게의 창을 모두 밤새도록 열어놓아 쥐가들락거린다고 하고 주인아저씨는 런닝바람으로 밖에서 담배피다가 그대로 들어와서 서빙하고..어딘지 모르게 비위생적이다는 생각이 듭니다. 맛이야 여기나 저기나 그맛이고 미세한 맛밖에 차이가 안나지요.
열차 지나는거 한번볼려다 주증차위반 차딱지받고..",1
철길떡볶이,원주 자유시장 떡볶이 맛,4
철길떡볶이,"저도 이근체 사는데 철길옆에 떡뽁이 집이 있어서 자주지나가는 편입니다. 기차가 지나가는것 바라보면서 
떡볶이 먹잖아요 사실 맛이 있어서 먹는것 보다 철길 때문에 먹는것 같애요 사람들이 많이 가길래 궁금해서 가봤는데 주문을 했는데 30분만에 주네요 떡볶이 맛을 봤는데 맛은 있는데 정성이 너무 부족합니다.  순대도 아주 개판입니다. 왜 이런데로 가는지 진짜 이해가 안가요 차라리 경기대주변에 엄마손김밥집으로 가는게 났습니다. 물론 사람의 따라 취향이 있겠지만 우리집근처에 엄마손김밥집이 있어 별기대안하고 갔는데 거기가 오히려 더 맛이 있습니다.",1
철길떡볶이,사장님 너무 불친절하세요 ㅠ 위생도 별로지만.. 떡볶이는 너무 맛나요,2
철길떡볶이,"1. 특이하고 이색적인 철길이라는 매력포인트 연인과 데이트할때 적절한듯.

2. 음식맛은 음... 그냥 딱 분식집 평균맛이고 스낵바의 한계는 느껴지는데
여기서 순대는 맛있음 순대+떡복으로 먹어보길 권유

3. 맛이 아닌 가게 비쥬얼로 따지면 작은 관광명소 정도는 가능할듯!

4. 한번쯤 이색적인 분식집에서 먹고싶다면 가보시길

5. 근데 솔직히 기차 지나갈때 소음이랑 먼지는 어쩔수 없는듯ㅜㅜ

6. 다만 지속적인 단점인 위생문제는 개선해야하할듯",4
철길떡볶이,"맛은 동네 똑볶이집보다 별로, 위생엉망, 가격도 싸지않고 흠 그냥 철로옆이라는것 때문인듯하네요. 동네 깨끗한 분식집 가세요",1
철길떡볶이,"양 엄청 적고 비위생적이고 그냥 흔하디 흔한 달달한 밀떡. 튀김은 엄청 퍽퍽하고 노맛 
거기다 먹는내내 기차 지나가는 굉음에 고막 터지는줄",1
철길떡볶이,맛과질....그리구양  그닥....걍 2대까지만 장사하기를,1
철길떡볶이,"인스타 보고 가지마세요... 양도 적고 떡볶이도 진짜 특별할 거 1도 없는 맛이에요;;
위생적으로 보이지도 않아서 멀리서 가봤다가 엄청 후회했어요",1
철길떡볶이,"사장님께서 불친절하지도 않고 막 친절하지도 않고 적당해서 좋고
이런 빈티지를 좋아해서 내부도 나쁘지도 않고 양도 저 혼자 먹어서 그런지 적당하지만 약간 매운게 물이랑 같이 먹었어용 앞으로 단골 될듯ㅎㅎ 참고로 원래 이런 리뷰 잘 안쓰는데 맛있어서 씁니다~",4
철길떡볶이,여기 영화 신의한수에 나왔던곳 아닌가,2
철길떡볶이,학교앞 분식집 st.  가성비 인정,3
철길떡볶이,그냥저냥이에요 한번 궁금해서 가볼만한 곳,3
철길떡볶이,맛있음. 분위기 최고. 사장님이 다정한 스타일은 아니지만 그렇다고 불친절하거나 무례하진 않음. (다만 곧 사라질 예정),5
철길떡볶이,왜 유명한거임? 비위생적이고 튀김은 뭐 이빨 부러지는 줄ㅋㅋ양도 적고 테이블 닦긴하시는건지..외부 테이블에서 먹으면 화단에 음식물쓰레기 그득그득 있는거 보실 수 있음 제발 다른 곳 가세요,1
철길떡볶이,"특별한게 없음. 외관이 특별한 거 말곤 정말 맛있는 것도 아니고 그렇다고 친절하셔서 자꾸 가고싶은 것도 아니고 뭐 그렇다고 불친절 한 건 아니지만.
떡볶이는 그냥 떡볶이이데 순대가 맛없는 걸 처음 느껴봄.... 불어터졌어ㅠㅠㅠㅠㅠㅠ",3
철길떡볶이,넘 맛나요!! 떡볶이두 찰순대두 어묵도 꼬마김밥두 못난이튀김두요! 따뜻한 분위기까지 짱이에요 ㅠㅠ,5
철길떡볶이,"사실 왜 유명한지 뭐가 맛있는지 모르겠지만...
지인들 때문에 종종 가는 집
유명하다 하니 한번 경험해보기에는 나쁘지 않음",2
철길떡볶이,"옛날의 그 밀떡볶이에요.
저는 요새의 엽떡보다 이 집의 떡볶이를 매우 좋아해요.
ㅠㅠㅠㅠ진짜 감동하면서 먹고옴
김밥이 좀 많이 작긴한데 넘 맛있었어요 ..
집가서 자꾸 생각나는 맛 .. 위생은 어떤지 모르겠네요
추억의 그맛이라 행복했어요

주인분은 친절하진않으셨지만
불친절하지도 않았어요 로봇같았어요",5
철길떡볶이,맛있음. 요즘 잘 볼 수 없는 옛날식 달달하고 빨간 떡볶이! 종종 생각나는 맛. 지나가는 기차를 보며 먹는 것도 나름 재미있음,3
철길떡볶이,"역시 떡볶이는 밀떡

양은 적지만 사장님 친절하심",5
철길떡볶이,양이 좀;;,2
철길떡볶이,"친구따라 떡볶이집 가게 되었습니다. 
오. 떡볶이 맛이네. 라면서 먹다보니 다먹었네요. 
한 그릇 더^^ 추가요 ㅎㅎㅎㅎㅎ 
김말이 튀김이랑 밀떡 조화 엄지척!! 맛있어요! 
사장님 내외분 친절하셔요 ㅎㅎ",5
철길떡볶이,"시간 잘 맞춰가야할듯 밀떡이라 막판에 남은것먹어서 식감은 보통이었고, 김말이는 바삭하지않고 물렁해서 따로 담는것보다 같이담아달라고했으면 좋았을것같음",3
철길떡볶이,어렸을 때 알고있던 그 밀떡의 바이브가 살아있는 유일한 곳. no 후회.,3
철길떡볶이,가지마세요,1
충정각,충정로에서 이런맛집 이런 전통적인 곳 쉽지 않습니다. 고즈넉하고 맛도 괜찮습니다.,5
충정각,코스요리,4
충정각,동네에 연말 회의하러 갔는데 샐러드 나오는 그릇이 거의 다 깨져있어서 사장님한테 깨져있다고 했는데 ㅋㅋ 사장님이 어떻게 해드릴까요요요요요옹 이지랄함.... 사태의 파악성을 잘 모르시는듯...사진 찍어놓을껄 후회하네요...그릇도 깨끗히 씻은건지도 모르겠는데 뒤에 찔릴까봐 그릇을 거의 안닦으신것 같더라구요...유명하다고 해서 갔는데 이 추운 겨울날 사람들 이끌고 여기 간 제가 너무 후회스럽습니다...맛도 더럽게 없어여...그냥 피자헛이 맛있습니다...,1
충정각,충정로에 이런 장소가...,3
충정각,돈이 문제가 아니라(물론 문제지만) 너무 맛이 없음. 해산물 파스타에서 모래씹힘... 먹을 수가 없었다. 서버는 내가 시킨게 오일이라고 했는데도 토마토 파스타를 줌. 일행이랑 파스타 바꼈는지 아닌디더 모르고 오일파스타인지 토마토인지도 모르고 서빙할때마다 사장한테 달려가서 물어봄. 피자... 냉동이 더 맛있음. 처참함. 왜 여기까지 온거야,1
충정각,"84000원 내고 먹은 커플세트 
파스타는 먹다 보면 굳어 떡이 되고
샐러드는 치즈향이 너무 강함
스테이크에 나온 곁다리 수준이라고 생각하며 먹어야 할 정도",2
충정각,소소...,1
충정각,충정로에서 좋은 분들과 함께하기에 분위기도 좋고 맛도 좋은 몇 안되는 곳 중 하나입니다.,5
충정각,그레이트 상당히 맛있네요,5
충정각,음식맛은 보통이였는데 인테리어가 색달라서 괜찮았습니다,4
충정각,최고의 음식 최고의 건물 이런 곳에서 맛있는 음식을 먹을 수 있었던게 참 영광이었습니다.,5
충정각,"동네에서 가깝기도하고 이런곳이있었나싶어 단체식사장소로 예약을하고 갔더니 너무실망을했네요
사장님의 고고한태도와 파스타와 깜빠스가 이렇게 수준이하인곳은 처음이었습니다 ᆢ여러사람들에게 참 민망할정도로ㅡ모두 얘기하더군요 장소만 백년된곳이고 장사하시는분은 얼마되지않은듯 ᆢ서울시건물이라고 들었는데 (잘못된정보인지 확실치는않습니다) 참실망스러웠습니다 다음부터 절대로 가지않을거라고 모두 입을모으게되었습니다",1
충정각,맛이 없음. 커플세트 먹었는데 스프는 밍밍하니 끝맛이 물맛이고 봉골레는 바지락에서 모래 씹히고 안심스테이크는 고기가 흐물흐물하니 육즙도 없고; 왜 비싼건지 모르겠음.,1
충정각,"+알리오올리오
다른 음식들은 맛있어보였는데 내가 주문한 알리오올리오는 별다른 특색이 없었다. 담에 가서 충정각피자를 먹어봐야지..",3
충정각,"앞에 주차장있고, 멋진 건물인것 외에는 장점을 알수없던곳..8만원넘는 커플세트인데 양이 너무나 작아서  배고파서 2차를 가야할판..   ㅜㅜ스테이크 익힘도 너무 덜익혀서 피가 나오고, 스파게티도 2인용으로 양이 나오지 않아서, 황당

메뉴 가격이 맛과 반비례..
ㅜㅜ",2
충정각,참 차분한 식당,4
충정각,"Casual Italian Restaurant 
&amp; Gallery",3
충정각,"분위기 끝내주고 가격도 착한 이탈리아 식당입니다. 1905년 대한제국 말기에 지은 117년된 고색창연한 건물에서 갤러리에 전시된 유화 그림들 바라보며 이탈리아 음식 먹는 맛이 일품입니다. 여름엔 은행나무 아래 시원한 옥외좌석도 좋고, 겨울엔 귀신 나올듯 삐거덕거리는 다락방도 조용하고 좋아요.",5
충정각,분위기는 좋으나 다소 느림. 맛이 특별하지는 않음. 여유 가지고 방문할 것!,3
충정각,"가격대비 맛, 양 별로입니다. 비추합니다. 정 갈데없으면 가는 걸로.",2
충정각,회식장소 데이트코스 코스요리 까르보나라 찹스테이크 까르보나라 샐러드 봉골레스파게티 알리오올리오,5
충정각,이 집은 조용한 분위기와 의미있는 건물이 매력. 사실 특별한 맛을 기대할 곳은 아님. 백년 넘은 고택에서의 한끼 식사라는 것만으로 가격과 맛이 용인되는 곳.,4
충정각,"가격대비 맛, 양 별로입니다. 비추합니다. 정 갈데없으면 가는 걸로.",2
충정각,"인테리어와 그림으로 승부보는 곳이다.
법인카드로 사업상 손님 대접하는곳...
내돈 내고 먹고싶지는 않다",2
충정각,"여기 진짜 오랜 건물이 특이하다는 점? 빼곤 제대로된 게 하나도 없는 곳. 
식사는 가격대비 정말 볼품없기 짝이 없다.
다들 야외 테이블 감성 좋을 것 같아 방문하지만, 현실은 벌레 천지에 접시 위로 나뭇가지 이파리 다 떨어짐 ㅋㅋ
진짜 내돈 주고는 죽어도 다시는 안가고 싶고, 누가 사준다고 가자고 해도 안감.",1
충정각,맛은 무난합니다 다만 시간 잘못 맞추면 오래기다려야합니다,3
충정각,회식장소 데이트코스 코스요리 까르보나라 찹스테이크 까르보나라 샐러드 봉골레스파게티 알리오올리오,5
충정각,이 집은 조용한 분위기와 의미있는 건물이 매력. 사실 특별한 맛을 기대할 곳은 아님. 백년 넘은 고택에서의 한끼 식사라는 것만으로 가격과 맛이 용인되는 곳.,4
충정각,분위기는 좋으나 다소 느림. 맛이 특별하지는 않음. 여유 가지고 방문할 것!,3
충정각,동네에 연말 회의하러 갔는데 샐러드 나오는 그릇이 거의 다 깨져있어서 사장님한테 깨져있다고 했는데 ㅋㅋ 사장님이 어떻게 해드릴까요요요요요옹 이지랄함.... 사태의 파악성을 잘 모르시는듯...사진 찍어놓을껄 후회하네요...그릇도 깨끗히 씻은건지도 모르겠는데 뒤에 찔릴까봐 그릇을 거의 안닦으신것 같더라구요...유명하다고 해서 갔는데 이 추운 겨울날 사람들 이끌고 여기 간 제가 너무 후회스럽습니다...맛도 더럽게 없어여...그냥 피자헛이 맛있습니다...,1
충정각,코스요리,4
충정각,충정로에서 이런맛집 이런 전통적인 곳 쉽지 않습니다. 고즈넉하고 맛도 괜찮습니다.,5
충정각,"분위기 끝내주고 가격도 착한 이탈리아 식당입니다. 1905년 대한제국 말기에 지은 117년된 고색창연한 건물에서 갤러리에 전시된 유화 그림들 바라보며 이탈리아 음식 먹는 맛이 일품입니다. 여름엔 은행나무 아래 시원한 옥외좌석도 좋고, 겨울엔 귀신 나올듯 삐거덕거리는 다락방도 조용하고 좋아요.",5
충정각,돈이 문제가 아니라(물론 문제지만) 너무 맛이 없음. 해산물 파스타에서 모래씹힘... 먹을 수가 없었다. 서버는 내가 시킨게 오일이라고 했는데도 토마토 파스타를 줌. 일행이랑 파스타 바꼈는지 아닌디더 모르고 오일파스타인지 토마토인지도 모르고 서빙할때마다 사장한테 달려가서 물어봄. 피자... 냉동이 더 맛있음. 처참함. 왜 여기까지 온거야,1
충정각,"84000원 내고 먹은 커플세트 
파스타는 먹다 보면 굳어 떡이 되고
샐러드는 치즈향이 너무 강함
스테이크에 나온 곁다리 수준이라고 생각하며 먹어야 할 정도",2
충정각,"앞에 주차장있고, 멋진 건물인것 외에는 장점을 알수없던곳..8만원넘는 커플세트인데 양이 너무나 작아서  배고파서 2차를 가야할판..   ㅜㅜ스테이크 익힘도 너무 덜익혀서 피가 나오고, 스파게티도 2인용으로 양이 나오지 않아서, 황당

메뉴 가격이 맛과 반비례..
ㅜㅜ",2
충정각,충정로에서 좋은 분들과 함께하기에 분위기도 좋고 맛도 좋은 몇 안되는 곳 중 하나입니다.,5
충정각,맛은 무난합니다 다만 시간 잘못 맞추면 오래기다려야합니다,3
충정각,소소...,1
충정각,"여기 진짜 오랜 건물이 특이하다는 점? 빼곤 제대로된 게 하나도 없는 곳. 
식사는 가격대비 정말 볼품없기 짝이 없다.
다들 야외 테이블 감성 좋을 것 같아 방문하지만, 현실은 벌레 천지에 접시 위로 나뭇가지 이파리 다 떨어짐 ㅋㅋ
진짜 내돈 주고는 죽어도 다시는 안가고 싶고, 누가 사준다고 가자고 해도 안감.",1
충정각,"인테리어와 그림으로 승부보는 곳이다.
법인카드로 사업상 손님 대접하는곳...
내돈 내고 먹고싶지는 않다",2
충정각,"Casual Italian Restaurant 
&amp; Gallery",3
충정각,충정로에 이런 장소가...,3
충정각,참 차분한 식당,4
충정각,맛이 없음. 커플세트 먹었는데 스프는 밍밍하니 끝맛이 물맛이고 봉골레는 바지락에서 모래 씹히고 안심스테이크는 고기가 흐물흐물하니 육즙도 없고; 왜 비싼건지 모르겠음.,1
충정각,"동네에서 가깝기도하고 이런곳이있었나싶어 단체식사장소로 예약을하고 갔더니 너무실망을했네요
사장님의 고고한태도와 파스타와 깜빠스가 이렇게 수준이하인곳은 처음이었습니다 ᆢ여러사람들에게 참 민망할정도로ㅡ모두 얘기하더군요 장소만 백년된곳이고 장사하시는분은 얼마되지않은듯 ᆢ서울시건물이라고 들었는데 (잘못된정보인지 확실치는않습니다) 참실망스러웠습니다 다음부터 절대로 가지않을거라고 모두 입을모으게되었습니다",1
충정각,최고의 음식 최고의 건물 이런 곳에서 맛있는 음식을 먹을 수 있었던게 참 영광이었습니다.,5
충정각,음식맛은 보통이였는데 인테리어가 색달라서 괜찮았습니다,4
충정각,그레이트 상당히 맛있네요,5
충정각,"+알리오올리오
다른 음식들은 맛있어보였는데 내가 주문한 알리오올리오는 별다른 특색이 없었다. 담에 가서 충정각피자를 먹어봐야지..",3
커피앤시가렛,"뷰는 말할것도 없고 사실 까페의 본질은 커피라고 보는데요 커피가 정말 맛있어요. 그리고 분위기를 채워주는 음악 역시 근사하고요 가장 큰 장점이라면 근처 맛집도 많고 서울시립미술관, 교보문고도 가까워서 데이트하기도 좋네요. 서울 도심의 보물같은 곳!",5
커피앤시가렛,"뜨거운 커피 찻잔에 달라고 부탁해도
설겆이 귀찮아서
절대 안된다고. . . 
언제까지 일회용쓰는지 지켜본다",1
커피앤시가렛,뷰 좋아요. 인테리어 좋아요. 실내에서 기본적으로 일회용컵을 씁니다. 그래서 별하나 삭제.,4
커피앤시가렛,"뷰맛집.
사람이 음청 많다
커피맛은 보통, 나쁜편은 아니다.
한번은 와볼만한 곳정도?",3
커피앤시가렛,"쓰읍,, 굳이? 뷰만 보고가면 좋은곳 창가에 앉으려면 창가 웨이팅 따로 해야함",2
커피앤시가렛,"스타벅스 아메리카노 좋아한다면 이 집 커피맛이 취향에 맞을 거라 생각. 
분위기 좋고 빌딩숲과 한옥집 혼재하는 뷰 좋음.",3
커피앤시가렛,뷰가 좋은 곳인데 구석 자리에 앉아서 사람 구경만 했네요ㅠ,4
커피앤시가렛,"17층이라 전망은 좋은데 커피 맛없고 요거트도 그냥 그랬음. 그릭이라기 보단 그냥 크림 요거트 발효 덜된맛. 그레놀라 귀리만 있던데 이걸 6,900받는건 넘나 노양심 아닌가&hellip; 커피는 기계를 바꿔야 할것 같다 자리 한번 앉으면 못바꾸고 의자 가져오는것도 안되니 직원에게 문의하길",3
커피앤시가렛,"별거 없는데 요거트 꼭 먹게됨.. 커피는 다 맛있고, 브라우니는 그냥 그래요. 자리가 많은만큼 사람도 많음.",5
커피앤시가렛,"커피맛 무난무난, 사람많아서그런지 나오는속도 최상, 창가쪽 자리 뷰 최고. 마침 운좋게앉았는데 잘쉬다갑니다.",5
커피앤시가렛,"커피 맛은 그럭저럭인데 뷰 때문에 사람이 너무 많음
여기보다 뷰 좋은 카페나 식당이 많은 동네라 추천하진 않음",3
커피앤시가렛,"예전에 스카치라떼 먹어보고 맛있어서 한번 더 갔는데 맛이 변한거같아서 아쉽네요.
친구가 시킨 음료도 너무 맛없다고...
음료도 별로지만 일단 사람이 넘 많아서 시끄러워서 다신 안갈거같아요ㅠ
뷰가 좋아서 한적할때는 좋을거같지만..
테이블도 다닥다닥
사장님은 친절해요 알바생들 표정은 완전 녹초..",2
커피앤시가렛,"뷰맛집이고요
커피는 무난합니다
창가 바로 앞에 앉으면 살짝 어지러워요",5
커피앤시가렛,뷰 좋아요,5
커피앤시가렛,뷰가 너무 좋아요! 굿즈도 너무 귀여워서 하나 구입했습니다ㅎㅎ 가격은 비쌌지만 하겐다즈가 올라간 브라우니도 맛있었어요,4
커피앤시가렛,서울에서 가장 좋아하는 카페,5
커피앤시가렛,너어어무 좋은데 사람이 너어어어무 많아요🙆&zwj;♀️💛,5
커피앤시가렛,ㅎ 안가요,1
커피앤시가렛,좋은 자리는 항상 사람이 꽉꽉 차있지만 다시 가고싶당,5
커피앤시가렛,뷰 짱,5
커피앤시가렛,뷰도 좋고 내부 공간도 너무 협소 하지 않아 좋아요! 대신 웨이팅 관리가 잘 되면 좋을 것 같아요. 라떼는 무난했는데 같이 간 일행은 아메리카노가 너무 쓰다고 하더라고요 ㅜ.ㅜ 가격대는 전체적으로 높지만 뷰 값이라고 생각했습니다...@.@.,5
커피앤시가렛,사람만 좀 덜 많으면  좋을 것 같은데.. 정말 너무 많고 소리도 시끄럽게 울리고 뷰가 이뻐도 다시 안가고 싶어요,3
커피앤시가렛,늘 갈때마다 손님이 너무 많은 게 분위기를 다 깎아먹네요,3
커피앤시가렛,"주말 웨이팅있음
음료는 맛없음
운좋게 창가쪽이어서 분위기빨로 다시 갈 의향있음",4
커피앤시가렛,커피는 맛있는데 사람이 되게 많아서 좀 시끌시끌했어요. 전망이 좋은 게 큰 장점인데 유리창이 바깥에서 안닦여있어 좀 아쉬웠습니다.,4
커피앤시가렛,"211115
뷰맛집

230818
여전히 뷰맛집",5
커피앤시가렛,"#먹자마자 #서울 일기
한줄: 꼭 창가자리 못앉더라도 서울한복판에서 그 공간감만으로 좋은..

(2023.07.26 방문)
&bull; 근처에서 이른 저녁 먹고 꼭 가보고싶어서 찾아감
&bull; 일하면서 커피 많이 마신 날이라 칵테일 보헤미안 서울 시킴. 제주감귤초콜릿마냥 오묘하니 맛있었다. 진짜 오렌지 과즙이 보였다
&bull; 굿즈 귀여워..
&bull; 서울 도심에 이정도 뷰 가진 공간인 것만으로 좋았다
- 창가자리는 넘나 치열해서 포기.. 자리 비자마자 어떤 남자분들이 사람 치고 지나가며 쟁탈하셨다ㅋ 에어컨 넘 춥고 비염까지 도져서 조금 있다가 그냥 나가자 했다ㅜ
&bull; 좀 마시다 테이크아웃 부탁드렸는데 친절하게 옮겨담아주심~!

&bull; 화장실 안가봤지만 회사건물이라 이용하기 좋을것같음",5
커피앤시가렛,아이스크림 올라간 브라우니가 맛있고 분위기가 좋다,5
커피앤시가렛,스카치라떼 맛있어효 날씨 좋으면 뷰가 넘 좋은디 창가자리 넘나 치열합니도&hellip; 17층의 탁 트인 뷰가 넘나 좋아유,5
커피앤시가렛,"맛은 평범~좋음 사이 정도인 것 같고, 조명배치를 잘 해둬서 사진이 잘 나오네요
처음 들어가기엔 조금 복잡한 건 맞지만, 한 번 가보면 시청역 근처에 이만한 카페는 없지않나 싶어 다시 가게 됩니다",5
커피앤시가렛,커피 쏘쏘 뷰 좋음 근데 평일 오후에도 사람이 바글바글함 ㅠ,3
커피앤시가렛,"음료맛은 좀 아쉬움
뷰는 정말 좋다!!
그치만 창가 자리를 선점해야만 볼 수 있음 ㅜㅜ",3
커피앤시가렛,"서울 뷰 맛집. 
오전에도 창가 쪽 자리는 꽉 차 있었어요. 안쪽도 자리가 잘 되어있어서 좋았습니다. 건물 옥상에도 올라갈 수 있는데, 잠시나마 리프레쉬할 수 있었어요!",5
커피앤시가렛,브라우니랑 감귤초코라떼 맛있어요,5
커피앤시가렛,"직원분들 친절하시고 힙한 분위기 물씬
포토매틱 부스도 있어서 친구들 같이 가면 사진도 찍고 좋을 것 같음
듣던대로 전망도 좋았으나 역시, 뷰 있는 자리에는 앉기 어렵고 다들 그곳에 앉으려고 하다보니 자리가 나자마자 다들 슈슈슈슉 이동하는 눈치싸움",3
커피앤시가렛,뷰도 좋은데 커피 맛도 좋은편,2
커피앤시가렛,밤에 가면 뷰가 좋은 곳,5
커피앤시가렛,"밤에 가면 뷰 좋음!
아인슈페너 위의 크림이 특이함! 밀도 있고 그릭요거트 같이 생겼는데 적당히 달고 맛이씀
사람 많고 웨이팅..",4
커피앤시가렛,"응대가 불친절함.

세 명이서 웨이팅 하는데 앉을 자리가 두 자리 뿐이라고 다짜고짜 한 명은 나가서 기다리라고 하질않나 2인석으로 안내받은 다음 주문하고 가방 내려놓자마자 4인석 나왔는데 대기손님 있다고 2명 자리에 3명 앉게하더니 정작 한참 뒤에 온 바로 옆 3인 손님은 더 넓은 자리로 옮겨줌. 

바로 옆 우리 테이블은 대놓고 무시하는건가.

선택적 친절인건지 직원 바이 직원으로 다르게 손님을 응대하는건지 모르겠지만 다시는 오고싶지않음.",1
커피앤시가렛,전망 좋고 사람 많음,5
커피앤시가렛,"담배냄새인지 뭔지 퀘퀘한 냄새 때문에 머리 아프고, 대낮인데도 어두컴컴한 조명에, 좁은 공간인데 사람이 너무 많아요",1
커피앤시가렛,"점심시간대 방문은 정말 비추입니다ㅠㅠ
창가 뷰가 좋고 카페 내부도 깔끔해요. 커피맛도 괜찮네요.",4
커피앤시가렛,"일반 회사 건물 같은곳에 있어요
평일 점심에도 사람 많아요
좀 정신없음 ㅠㅠ",4
커피앤시가렛,여유있을때가면 고층뷰 보며 한적히 즐길 수 있을거같음. 공휴일 시간 잘못타면 웨이팅행,3
커피앤시가렛,커피 무난 포토매틱 있음 뷰 좋은데 명당자리는 이미 만석 ㅠㅠ,4
커피앤시가렛,생각보다 넓으나 콘센트 있는 자리가 많지 않아서 조금 아쉬웠습니다 개인적으로 어두운 카페는 좋아하긴하나 그래도 조명이 너무 부족해서 작업할때 어두워서 별점 하나 뺍니다 커피는 무난한 맛이었음 명당자리 노리실려면 오픈어택 추천,3
커피앤시가렛,"와이파이가 안되네요ㅋㅋㅋㅋ 작업하기 좋다고 해서 굳이 찾아갔는데 노트북 핸드폰 둘다 페이지 로딩도 안되고 직원에게 물으니 동시접속자가 많아서 그렇다네요..? 

한 네다섯 테이블 있었습니다 참고로^^ 무슨 와이파이를 쓰길래 저런지 모르겠는데 업그레이드 할 생각이 없으면 작업하기 좋은 카페로 홍보하지 마세요; 찾아간게 시간 아까워 어떻게든 연결 해보려고 씨름 하다가 짜증나서 옆 스벅으로 옮겼습니다.",1
커피앤시가렛,직원이 너무 친절해요 웨이팅 있을 땐 창가자리 질서 정리도 잘 해주셔서 좋아요!,5
커피앤시가렛,"뷰가 좋고 커피맛도 좋음 손님이 많은데도 종업원의 목소리 톤이 밝아서 기분 좋게함
사무실을 개조해서 개방감이 있으면서 동시에 휑한 느낌. 테이블의 회전율이 빠른 편인데도 계속해서 손님이 너무너무 많음",4
커피앤시가렛,맛있습니다 좋아요 ^^,5
커피앤시가렛,"뷰는 워낙 유명하니 언급하지 않아도 될 것 같고, 꼭 창가자리가 아니더라도 그 바로 뒤 좌석까지는 창 밖이 살짝씩 보여서 괜찮습니다. 베이비라떼도 너무 맛있었고, 카페 자체는 정말 예쁘고 좋아요.

그러나 그 덕에 인기가 많아서.. 평일 오전이라면 추천합니다만, 점심시간에는 정말 비추입니다. 각오하고 갔는데도 정말 너무너무 시끄러워서 도망치듯 나왔어요.. 주말은 어떨지 모르겠는데 더하면 더했지 덜하진 않을 것 같아요. 와이파이도 잘 끊기지만..

그럼에도 불구하고 계속 방문할 것 같긴 한 곳입니다..!",5
커피앤시가렛,브루클린 저리비켜~,5
커피앤시가렛,"뷰가 열일하는데 커피도 맛있는

아이스 아메리카노(샷추가) 6300원
솔트 스카치 라떼 6800원
레몬 쿠키 5500원

22.07.28",3
커피앤시가렛,인기가 많아 평일 낮에 가도 뷰가 좋은 자리에 앉으려면 기다려야 하지만 커피도 진하고 고소하고 뷰가 이쁘다. 르라보 핸드로션을 구비해놓는 센스가 좋음.,5
커피앤시가렛,"경치가 좋은데 경치좋은 자리가 잘 안나서 앉기가 힘들어요. 
커피도 맛있고 최고",5
커피앤시가렛,옛날에 사람없을 땐 진짜 좋았는데 지금은 ...,3
커피앤시가렛,이젠 사람이 너무 많아서 예전 분위기를 찾기 쉽지 않다 ㅜㅜ,4
커피앤시가렛,"분위기 맛집 ! 웨이팅 있을수도 있어요
자리는 웨이팅이 생기면 빈자리만 가능 자리 이동은 불가능. 커피맛 나쁘지 않아요",4
커피앤시가렛,분위기맛집,5
커피앤시가렛,뷰 원툴,5
커피앤시가렛,"제 인생 최악의 커피... 할리스랑 스타벅스 그리고 엔젤마저도 이 커피의 맛을 이길 수 없습니다.. 정말 차마 마셔줄 수가 없어 남기고 온 커피.. 이 커피를 내리는 물이 아깝다..
아이스아메리카노: 쓰레기
솔티어쩌구커피: 느끼함
밀크티: 이상함",1
커피앤시가렛,"전반적으로 분위기는 좋은데요....
아메리카노에서 담배맛나요",4
커피앤시가렛,베이글 맛있습니다 추천해요!,5
커피앤시가렛,"음료 주문이 밀렸는데도 친절하셨습니다
스카치커피 맛있고요 무화과 휘낭시에 맛있습니다",5
커피앤시가렛,"창가자리는 운 좋을 때 앉을 수 있다 !
테이크아웃이 아님에도 불구하고 종이컵에 준다 .
비엔나커피 위에 올라가는 크림은 뭉친 케이크 크림같아서 비추. 그냥 라떼나 아아 드세요",4
커피앤시가렛,"시청역 카페의 희망
분위기+뷰 // 준수한 맛",5
커피앤시가렛,"뷰가 정말 정말 좋아요
솔트 스카치라떼는 
버터랑 소금맛이 아주 은은하게 나요
너무 맛있고 고소해요
친절해요
평일 오후에 와도 만석
직장인들이 대화하러 오는 곳",5
커피앤시가렛,뷰가 다 했는데 음료들이 맛도 좋음 저녁에 다시 가보고 싶은데 엄두가 안나네요,5
커피앤시가렛,"비싸지만 뷰는 최고
의자랑 테이블 완전 편함
커피는 먹을만함",4
커피앤시가렛,"재방문의사있음 

커피도 맛있고 칵테일도 맛있음 
특히 브라우니에 아이스크림 올라간 거 꼭 먹어야함 사실 커피보다 이게 더 맛있음
뷰 좋음 다만 자리경쟁 치열해서 창가자리 앉고싶으면 오픈런해야할듯 
그래도 창이 통창이라 멀리서 봐도 예쁨 
자리 욕심 버리면 정말 좋은 카페",5
커피앤시가렛,굿입니다용 언젠가 아침일찍 창가자리에서 꼭 책 읽을것임,5
커피앤시가렛,"뷰 예쁨. 그릭 - 쏘쏘 , 레몬티 아이스 - 노맛 ,버터 스카치 - 굿  음료랑 메뉴 맛 뷰 믿고 개발 안하는 곳. 그렇지만 들를만한 가치가 충분하고 기회되면 또 갈거임",3
커피앤시가렛,"뷰는 진짜 미쳤음 
옥상에서는 남산타워도 보인다.
해 떨어질 시간대에 가면 더 좋은 듯",5
커피앤시가렛,적당히 친절. 맛 평범. 뷰 좋은데 창가자리 좁고 적음. 창가자리 못 앉으면 이 카페 온 의미 없어짐.,2
커피앤시가렛,호연지기를 기를 수 있음.,4
커피앤시가렛,"커피 맛 그냥 그럼
평일 낮에 갔는데도 사람 너무 많고 엄청 시끄러움
창가자리 아니면 메리트 없고 너무 시끄러워서 커피 테이크아웃 해서 20분만에 나옴",2
커피앤시가렛,"어제 처음 왔는데 너무 예뻐서 오늘 또와버린.
오늘은 쿠폰도 만들었다구요 ㅎㅎ
카피도 맛나고 한동안 시청올일 많은데 카페는 여기로 올래요 :)",5
커피앤시가렛,비싸지만 맛도있고 뷰도 좋고 사람많을때 아니면 여유있어서 좋네요. 메뉴 추천하자면 레몬쿠키랑 크루키를 드셔라. 브라우니랑 치케는 별로에용,5
커피앤시가렛,창가자리 아니면 이집의 메리트는 없어요. 커피맛도 그렇고 주말엔 도떼기 시장이네요,2
커피앤시가렛,"브라우니 최고
커피 진짜 맛집

+24.11.22",5
커피앤시가렛,"서울 시내뷰 포함 좋은 경치를 볼 수 있는 곳.
끝.
fyi) 아메리카노와 플랫화이트 마셨습니다.",3
커피앤시가렛,"사람이 많습니다
풍경 좋아요  서울 한복판에 높은곳에서 커피를
먹는 기분이가 좋음
커피맛은 무난무난",3
커피앤시가렛,시청역과 직결된 건물 17층에 있는 카페. 주말에 가서 5&ndash;10분 정도 웨이팅 후 입장. 그냥 무난 적당했습니다. 운 좋게 창가 자리에 앉긴 했으나 생각보다 주변 건물도 비교적 높은 게 많아서 시티뷰 호텔뷰 같은 것을 기대하고 가면 안 됩니다. 인터넷에서 유명한건지 인플루언서 같은 차림한 사람들 많이 있어서 사람 구경하는 재미는 있었어요. 평균 연령 20대 중반일 듯. 점포명이 커피앤시가렛이어서 남미산 시가 같은것을 팔 줄 알았는데 그냥 동네 편의점 수준의 담배가 준비되어 있었습니다. 개인적으로 초코 퍼지보다는 치즈케이크가 나았어요. 치즈케이크는 필라델피아 치즈케이크+레몬 크림 얹어나옵니다. 초코퍼지는 수분감이 너무 없어서 퍽퍽해요. 드라이 오렌지가 음료수나 케이크에 들어가 있는 건 좋아요.,3
커피앤시가렛,"탁 트인 고층에 감성이 더해진 분위기 맛집
커피도 맛있음
웨이팅은 항상 심하고 어렵겠지만 창가자리 추천",5
커피앤시가렛,커피 맛있고 분위기 좋긴 한데 요즘 사람이 너무 많아요 점심때쯤부터 오후 늦게까지 정말 시끄러워서 잘 안가게 되네요,4
커피앤시가렛,"주말에 가는 바람에 
뷰구경보다 사람구경을 더 많이하고오긴했지만 
생각보다 커피도 괜찮고 창문 너머로 보이는 뷰도 좋았음 
사람이 좀 덜 북적였으면 별다섯ㅅ개도 가능하지 않았을까?",4
커피앤시가렛,뷰가 끝내줘요. 창만 바라보고 있어도 힐링이에요. 커피 비싸고 맛있습니다. 디저트는 별로에요,4
커피앤시가렛,"가격은 사악
뷰도 이젠 그닥
하지만 노을 질 때 생각나는건 왜..?
걍 이뻐서",3
커피앤시가렛,"뷰 빼고는 딱히 장점은 없지만
뷰가 압권입니다. 
음료 그냥 쏘쏘하구요 커피류는 다..음..
뷰 보이는 자리에 앉기가 힘들기도 합니다
해질때 예쁘긴한데 너무 시끄러워서
오픈런 추천드립니다",3
커피앤시가렛,"시그니처메뉴 각각 시켰습니다. 창가자리 아니면 굳이 갈 필요 없다고 생각하는 커피집, 맛은 있지만 공간 자체가 울림이 있어 사람이 많으면 매우 시끄럽고 자리는 불편해서 시장에서 먹는 것 같습니다. 웨이팅은 카페치곤 금방 빠지지만 공간에 비해 자리가 너무 많은 것 같아요.",3
커피앤시가렛,자리 많아서 좋고 전망 짱 좋아요,4
커피앤시가렛,다른 리뷰처럼 전망 좋은 자리 앉을거 아니면 굳이..싶은 곳,3
커피앤시가렛,"한번쯤 와볼만한 카페. 치즈케이크가 맛있다
좋은 뷰는 덤",5
커피앤시가렛,테이블이 너무 빽빽하지만 뷰가 너무 좋고 치즈케잌이 맛있어요 :),4
커피앤시가렛,야경뷰 맛집입니다!,3
커피앤시가렛,커피가 기대이하,2
커피앤시가렛,커피는 괜찮았어요. 근데 점심시간에 사람이 너무 많...,3
커피앤시가렛,분위기 &amp; 맛있는 커피!,5
커피앤시가렛,"오래 전부터 애정하는 장소~
사람이 많은 건 뷰가 좋으니 어쩔 수가 없음 ㅜ
그냥 한적한 시간대에 방문해보면 이 카페의 진가를 알 수 있음.

커피는 보통",4
커피앤시가렛,"뷰는 시티뷰와 저 멀리 산 (인왕산)까지
정동길과 덕수궁 끝자락도 살짝 보이는데 좋습니다

산미 없는 원두 쓰시는 것 같아
고소한 커피 좋아하면 좋아하실 것 같습니다 

그러나 묘하게 친절하지 않은 듯한 분위기
건물 자체가 낡아서 화장실은 별로
시가렛도 멋들어지는 시가가 아닌 그냥 편의점 담배를 한구석에 팔고있어서 굳이 싶긴 합니다 

오늘은 일행이랑 가고 다음에 혼자 책 읽으러 가야지 했는데 딱히 그런 분위기는 아니에요 사람도 많고 그만큼 회전율도 빨라서 소란스럽습니다 

재방문은 글쎄,, 잘 모르겠네요",3
커피앤시가렛,"분좋카
콜드브루는 낫마이스탈,,",4
커피앤시가렛,👍🏻,5
커피앤시가렛,장소가 시끄러운것은 넓은 카페라 어쩔 수 없지만 자리 없어 대기중 -&gt; 자리 남 -&gt; 늦게 온 팀이 자리 선점 함 상황에 먼저 대기중이었다고 직원분께 말씀 드렸더니 &ldquo;저희가 자리 안내 해드린다고 말한적이 없는데요&rdquo; 라는 답변이 돌아왔습니다. 제가 직접 그 분들께 사정을 설명했고 기분이 상한듯 그분들은 그냥 떠나셨습니다. 모두 그 장소에서 좋은 경험을 하고 싶어 찾아온 사람들인데 좀 더 나은 대응을 해주실 수 없었을까 아쉽습니다. 좋은 경험이 아니었고 재방문하게 될 일은 없을 것 같네요.,1
커피앤시가렛,"창가 자리 아니면 메리트 없는 거 맞음. 그리고 창가 자리 사수하기 쉽지 않아서 회전률이 느림.

그치만 전 창가자리 앉아서요. 좋았습니다.

친절하고, 아아는 산미없이 고소하고, 드립은 산미있는데 가볍고 맛있고 케잌도 맛있었음. 아아는 종이컵에 주는 게 살짝 아쉬웠지만 다음에도 아침 일찍 와서 창가 앉을 겁니다.
화장실도 건물이 낡아서 그렇지 깔끔하고, 무엇보다도 직원분들이 친절해서 내내 기분 좋았음.

점심시간에는 직장인들 몰려서 시끄럽긴 함. 근데 아침나절에는 좋아요.",4
커피앤시가렛,"좋아요 은근 자리 많음
근데 뷰가 예쁘거나 특출난건 아니고 시티뷰

아메 노산미
라떼 낫배드인데 스팀조금 과하다고 해야하나 쫀쫀하진 않음

담배도 있긴하던데 시가는 못 봄 내가 못봤나
컵이 조그마서 금세마심
방음이 안돼서인가 시끄러워지긴 하는데
그래도 분좋카임은 확실함 
추천 한번쯤 가볼만함",4
커피앤시가렛,"분위기 4/5
친절함 3/5
맛 3.5/5

화이트와 블루의 조합. 시티뷰 하나는 정말 최고인데 방문할 때마다 자리가 없음. 가게 내부가 좁은 것도 아님. 뷰 말고는 크게 특별한 것은 없지만 뷰 하나로 모든 단점을 커버한다고 생각함. 해질녁에 가면 분위기 오질 듯. 맛은 상중하 중에서 중상 정도.",4
커피앤시가렛,"인테리어,뷰 좋음 커피는 쏘쏘
웨이팅까지 할일인가 싶긴 함",3
커피앤시가렛,커피랑 디저트류 다 평균 이상이고 뷰 좋은데 안쪽 자리 기준 어디선가 담배냄새가 솔솔 풍기네요. 아마 꼭대기층이라 옥상에서 새어들어오는거 같은데 목이 칼칼해서 오래는 못 앉아있을 것 같아요,4
커피앤시가렛,"주말 점심 이후에 방문했는데, 분위기 때문에 가고싶다면 그 시간대는 피해야할 듯&hellip;
사진 찍기도 애매하고 사람이.. 많습니다. 모든 사진에 다른 사람이 걸려요. 
그렇다고 커피가 엄청 맛있지 않아요. 평균 2.5~3점 되려나&hellip; 커피 맛 자체는?
분위기 좋으니까 맛 없지 않은게 다행이라는 생각이 들지만 사람 이렇게 많아서 사진 찍기도 힘들다면 흠.. 이라는 생각이 듭니다. 
의자는 편해서 좋았어요. 비교적 디저트도 다양했고. 
근데 다시 갈 지는 모르겠습니다.",3
커피앤시가렛,"뷰나 메뉴다 다 좋아요.
뷰는 너무 좋아서 또 가고 싶습니다",5
커피앤시가렛,해지고 나서 오히려 분위기가 더 좋아진다,4
커피앤시가렛,"커피 양이 타 카페에 비하면 적은 편이지만, 사람들이 많아서 혼잡한 상황임에도 직원들이 친절히 응대해주시고 커피에 대한 설명 세심히 잘 설명해 주셔서 좋았습니다!
또한 커피/음료와 케잌을 먹으며 야경과 주변을 바라보면 잃어버렸던 감성을 다시 되찾을 수 있을 정도로 분위기도 넘 좋아요😁",5
커피앤시가렛,"장점: 뷰, 힙한 가구들과 조명, 예쁜 브랜드 로고와 굿즈
단점: 뷰 때문에 비싼 가격임에도 불구하고 언제가도 사람이 많아 한적하게 뷰를 즐기는건 불가능, 원래도 울림 있는 공간에 꽉 차있는 사람들 수다 소리가 더해져 미친듯이 소리울림 심함, 맛있는 메뉴 없는 메뉴 편차가 심함(음료)

가끔 장점이 단점을 이길때 방문함",3
커피앤시가렛,"평일 방문. 평일 카페 치고 사람이 너어무 많더라고요 ㅋㅋㅋ 뷰는 좋았습니다 콘센트 자리는 몇 없어요 구석탱이 한두군데 정도? 
잠깐 30분-1시간 내외로 작업하긴 좋은데 그 이상은 무리였어요 (전 콘센트 필수라 ㅋㅋ) 수다 떨기 좋은 곳이고 통유리창 바로 옆 명당 자리는 누가 일어날 기미가 보이면 바로 다른 누군가 와서 가방 올리고 자리 잡을 정도로 ㅋㅋㅋ 치열합니다 전 한칸 떨어진 자리에서 바깥 뷰 보고 왔는데 그것만 해도 좋았어요 뷰가 탁 트여서 한번쯤 가볼만 해요",5
커피앤시가렛,여기서 커담 해보신 범법자 없지유?,5
커피앤시가렛,기존 층수가 높아 날싸좋으면 북한산까지 쭉 보이고 덕수궁 돌담길도 보입니다. 그거 때뮨인지 같이간 분이랑 깨졌습니다ㅎ 그래도 예쁘니까 다행. 브라우니 맛있어요,5
커피앤시가렛,답답하구 시끄러움 ..,3
커피앤시가렛,"저녁때 가서 해넘이는 못 봤지만
어두워도 뷰맛집,,🤎
바리스타분들도 왕왕 친절하시고 시그니쳐 커피도 맛났다 크림 귣
아 감귤초코라뗀가 그 메뉴는 정말 제주도 감귤초콜렛 녹인맛이니...
그런 쵸코 싫어하시면 절대 주문하면 안됩니다,, 
어둡지만 조명도 예쁘고 데이트하기 딱임😶
흡연자는 아니지만 연말선물로 라이터도 주셔따ㅑ
다른 시그니쳐 메뉴들도 마셔보고 싶다🤎
단점이라면 너무 일찍 마감한 다는 것!",4
커피앤시가렛,"분위기 좋네요
커피도 맛있어요
자리도 은근히 많아요~!",4
커피앤시가렛,"점심시간 조금 지나 카운터 주문 받으시는 젊지 않은 남자 분.. 접객하시면 안 될 것 같다는 생각입니다.

잘 모르고 아이스만 되는 메뉴명 부르고 따뜻한걸로 시키니 &ldquo;아이스요&rdquo; &ldquo;아이스요!&ldquo;, &ldquo;거기 다 적혀 있거든요&rdquo; 

주문메뉴 확인하래서 보고 나서 결제 하려고 기다리며 &ldquo;카드 꽂을까요?&rdquo; 하니 &rdquo;아직 안 꽂았어요?&ldquo; 

마시고 가는지 가져가는지 묻지도 않더니 매장용 컵에 다 담아줘서 음료 제조하는 분들이 다 다시 투고 컵에 덜도록 고생 시킴. 

자주 갔는데 우리 회사 직원들 모두 다신 안갈 것 같습니다.",1
커피앤시가렛,카페 뷰랑 분위기가 일단 너무 이쁨! 평일기준 점심시간 좀 끝나갈때쯤 사람 없으니까 그때 가는거 추천! (창가자리는 눈치싸움) 아메는 개인적으로 내 취향은 아니지만 베이글은 쫄깃하고 단짠단짠 맛있었음!,4
커피앤시가렛,"전망이 좋고 음료도 맛있어요
브라우니도 촉촉하고 좋았습니다
가격이 좀 비싸서 아쉽네요",4
커피앤시가렛,분위기 좋아요,5
커피앤시가렛,전망이 좋은 편이라는 점과 커피 맛이 괜찮다는 점이 장점인데 단점은 음향설계의 문제인지 스피커의 문제인지 음악이 좀 스트레스 받는다 싶을 정도로 시끄럽게 들린다는 점. 볼륨이 커서가 아니라 음질이 나빠서 그런 느낌.,3
커피앤시가렛,"멋진 야경과 맛있는 커피, 그리고 좋은 음악. 그것만으로도 행복했습니다!",5
커피앤시가렛,"뷰맛집카페
석양질때 너무 예뻐요. 사람이 많아서 공간에 소리가 울려요",5
커피앤시가렛,아메는 담배재떨이향 나고 라떼는 우유에 물섞인 맛 나여.. 아무리 뷰도 중요하지만.. 그래도 커피집이면ㅠㅠㅠ 어느정도는 원두도 신경써야되지 않을까요&hellip;.. 화장실은 한칸른 막히구 한칸은 휴지통에 휴지로 탑쌓여져있구&hellip; 알바생들 끼리끼리 깔깔 잡담하고 듣기의한말들도 하던데..그러지말고 화장실 청소라도 시키세요&hellip;&hellip;&hellip;.평좋은게 싱기하당,1
커피앤시가렛,서비스 정신이 1도 없는데 왜 유명한지 모르겠음,1
커피앤시가렛,뷰는 좋은데 평일에도 사람많고 너무너무너무 시끄러움&hellip;&hellip;,2
커피앤시가렛,"아래 리뷰들보고 그냥 뷰만 봐야겠다 생각하고 기대없이 갔는데 한창 바쁜 시간에도 직원분들 친절하시고 라떼 맛도 나쁘지 않은데요,,? 사람많아서 창가자리 못앉은게 좀 아쉽지만 올만합니다",5
커피앤시가렛,"뷰 맛집
커피는&hellip;맛없어요&hellip;이렇게 맛없는라떼 처음먹어봄",3
커피앤시가렛,"가격대비 평범하고 
직원분들이 불친절해요
재방문은 안할것같네요",1
커피앤시가렛,"들어갈때 웨이팅있으면 자리이동이 안된다고 직원분들이 설명해주십니다. 근데 그 관리는 잘 안될때가 있어요. 그래도 노력은 하시는거 같습니다. 그냥 제가 아쉬운거죠.
브라우니 맛이 좋습니다. 갈 때 마다 먹어요.",4
커피앤시가렛,종로에 가면 종종 가는 카페에요 뷰가 좋아서 기분이 일단 좋아져요! 커피맛도 평타!! 괜찮은 곳이에요,4
커피앤시가렛,"시그니처 커피도 나쁘지 않았고 해 넘어가는 뷰도 예뻤지만, 뷰 볼 수 있는 창가 앞 자리는 앉기 힘들고, 공간적으로 뷰 보기 힘든 테이블이 많은 것 같습니다. 사람이 많으면 소리는 어찌나 울리는지... 이 카페의 장점은 뷰 밖에 없는거 같은데 창가 앞 앉을 수 있는 상황이 아니면 비추입니다.",3
커피앤시가렛,"두 번째 방문이에요. 바로 그립톡 삼...
실수로 음료를 엎질렀는데 직원분이 바로 치워주시곤 음료 다시 만들어주셔서 너무 감동해버렸어요.
커피앤시가렛에 충성을 맹세 🫡",5
커피앤시가렛,"공간은 좋지만, 사람이 많을 때 소음이 빠져나가지 못하는 구조라 많이 시끌시끌해요. 
그래서 오래 앉아있기는 어려웠어요.",3
커피앤시가렛,디카페인 가능,4
커피앤시가렛,"커피, 브라우니, 뷰 맛집 인정.",4
커피앤시가렛,"서울 도심권에서 상당히 유명한, 뷰맛집 카페.",3
커피앤시가렛,매장 청소를 잘 안하는듯,2
커피앤시가렛,뷰 정말 좋고 맛은 그럭저럭 사람이 많아 정말 시끄러워요,4
커피앤시가렛,뷰가 상상이상으로 너~무 좋아요. 꼭 한번 가볼 만한 곳이고 재방문도 하고싶은곳. 눈앞에 뷰가 탁 트여있어 하늘이 이쁜날 가면 카페에 앉아서 밖을 보는 것만으로 기분이 좋아진다.,5
커피앤시가렛,"직원은 친절하나 자리 눈치 싸움이 정글같음. 조용할때가는걸 추천, 충전할 수 있는 테이블이 매우 매우 드뭄..",4
커피앤시가렛,뷰는 서울을 내다볼 수 있어서 한번쯤은 와볼만한 곳인듯하고 커피맛도 무난해요! 근데 가게이름에 시가렛이 들어가서인지 묘하게 실내공기가 답답하고 담배냄새가 어디선가 풍겨오는거 같은 느낌이 들어요,4
커피앤시가렛,굿굿굿 좋아요,5
커피앤시가렛,"엄청나게 대단한 뷰는 아님
그냥 느낌있는 깔끔한 적당한 뷰 볼수있는곳",4
커피앤시가렛,인테리어 커피맛 정말 별로... 카누 타먹어도 이거보단 맛있을듯. 차도 다 무진장 달다. 서비스도 불친절 끝판왕.,1
커피앤시가렛,그저그런 휴게실 같은 공간에 커피는 이정도로 맛없게 만들기도 힘들것 같은 그런 맛,1
커피앤시가렛,매우불친절 기분좋게왔다가 기분상하고가요,1
커피앤시가렛,커피..? 뷰..?? 맛집...???,3
커피앤시가렛,1.5호점 으로 갔는데 사람 많이 없고 좋았어요 경치가 좋아요,5
커피앤시가렛,"뷰 말곤 볼게없는 곳 매우 바쁜매장이라 만석이 대부분 음료는 평범, 베이글도 평범 음..",3
커피앤시가렛,뷰맛집,4
커피앤시가렛,뷰 너무 좋아용. 근데사람이 많아 좀 번잡해요! 가격대도 좀 있는 편~,4
커피앤시가렛,경치맛집,3
커피앤시가렛,딱 회사 휴게실. 2500원짜리,1
커피앤시가렛,스카치라떼랑 비엔나커피 시킴.. 진짜 맛없어요 라떼는 밍밍 비엔나는 느끼 ㅜ 뷰만 좋음.,1
커피앤시가렛,ㅋㅋㅋㅋㅋ진짜 손님 째려보는 카페.. 알바생들 ㄹㅇ 개념없음 ㅋㅋ 공간이 좋고 같이갔던 사람들과의 추억이 많이 자주갔었는데 안갈듯해요 ㅋㅋ,1
커피앤시가렛,"연유라떼 너무 맛있어요 ㅎㅎ 가격은 좀 비싸요
사람들 많구요",4
커피앤시가렛,사장님 진짜 친절하심 ㅠㅠㅠ 친절하심에 별 따봉 드려요,5
커피앤시가렛,요거트에 생크림이 올라가서 그런지 좀 느끼했어요 커피(누블렉라떼)와 노래 선곡이 정말 맛있는 곳,4
커피앤시가렛,"디저트 가격이 좀 비싸긴 한데 커피도 맛있고 낮과 밤, 둘 다 분위기가 너무 좋아요!",4
커피앤시가렛,"생각보다 넓고 분위기도 나쁘지않았어요.
다들 창가자리를 차지하려는 매의눈..
커피맛도 괜찮고 그릭요거트 맛잇게 먹었네요.",4
커피앤시가렛,낮에가면 너무 좋음,5
커피앤시가렛,"뷰는 밤보다 낮이 이쁠듯. 
괜찮았어요",4
커피앤시가렛,Coffee,3
커피앤시가렛,뷰 맛집 테이블이 다닥다닥 붙어있는 느낌이라 좀 좁게 느껴지는게 흠,4
커피앤시가렛,너무 예뻤어요,5
커피앤시가렛,카라멜밀크티 맛있었어요 뷰도 좋고 자리가 생각보다 많아서 좋았어요,4
커피앤시가렛,뷰가 정말 이뻤어요 근데 커피값이 좀 비싸요,4
커피앤시가렛,전망.음악.커피의 질,4
커피앤시가렛,커피랑 빵은 맛있는데 평일 낮에도 사람이 많아서 편히 있을 분위기는 아니에요 직원분이 사람이 많아 그런지 은근 차가운 느낌이었네요...,3
커피앤시가렛,"낮에 한번
해질 때 한번
밤에 한번 가야하는 곳",4
커피앤시가렛,너무좋아요 갬성짱 그릭요거트 맛있어요ㅠㅠ,4
커피앤시가렛,인서타용 카페지만 분위기나 커피맛 둘다 나쁘지 않았음 인테리어 때문에 소리가 많이 퍼짐 사람 엄청 많은데도 직원분 매우 친절하심 d,4
커피앤시가렛,아메리카노는 맛있었지만 드립은 저희 취향이 아니었던 것 같아요 그치만 높은 곳에 위치해서 창가쪽에 앉으시면 뷰 구경하는 재미가 있습니다!,4
커피앤시가렛,뷰 때문에 간 것 치고는 직원들도 꽤 체계적이고 정돈되어 있고 맛도 좋다. 굳이 창가 자리만 고수하는게 아니라면 웨이팅도 빨리 주는 느낌. 유일한 단점은 항상 사람이 북적북적,4
커피앤시가렛,쿠키 테이크아웃하러 들렸어요. 녹차쿠키에 하얀게 올라가 있길래 화이트 초콜렛 들어간 거냐고 물어봤는데 직원 중 아무도 대답을 못 하더라고요. 제가 뭐 밀가루가 몇그람 들어갔는지 물어본 것도 아니고 토핑이 뭔지 물어본건데.. 조금 당황스러웠습니다...견과류 알레르기가 있는 손님이라면 어떻게 응대할 건가요? 납품 받아서 가져오더라도 기본적인 건 알고 있어야 하는거 아닐까요?,3
커피앤시가렛,"흔치 않은 고층 뷰 카페
커피도 맛 좋음
테이블 간격이 좁아 시끌벅적한 편",4
커피앤시가렛,뷰가 너무 이뻐요. 주말에는 웨이팅도 많은데 생각보다 오래 기다리지는 않아요.,5
커피앤시가렛,뷰는 진짜 짱 / 너무 핫플,4
커피앤시가렛,"뷰가 아주 좋습니다
커피 진하구맛잇믕ㅁ",5
커피앤시가렛,갈까말까 고민할시간에 한걸음이라도 더 옮겨야 창가자리를 찜할수있음,5
커피앤시가렛,"서울 도심이 한눈에 담기는 뷰도 훌륭하고, 커피 맛도 정말 좋습니다. 공간 디자인과 음악 선곡도 훌륭하고요.",5
커피앤시가렛,여기는 커피 맛하고 뷰가 좋네요 ~ 단점으로는 좁은 공간에 사람이 꽤 많아서 약간 시끄러워요 커피는 뭔가 다르네요 가격은 조금 비싸요~ 뷰때문에 오는 사람이 많은것같아요,4
커피앤시가렛,항상 맛있었는데... 오늘따라 브루잉커피 맛이 별로네요ㅠ 사장님 계실때랑 안계실때랑 편차가 큰걸까요.. 오늘은 실망하고 가요ㅠ,2
커피앤시가렛,"잠시 혼자만의 티타임 가지기!
와플에 밀크티 마시면서
노을지는 시티뷰 보니 세상 행복
사람 너무 많아 시끄러운거 빼면
사실 다 만족ㅋㅋ",4
커피앤시가렛,분위기는 정말 끝내줍니다...! 창가자리경쟁이 심하지만 뷰는 정말 예뻐요,5
커피앤시가렛,깔루야 이벤트하길래 칵테일 시켜먹었음. 창가자리가 인기가 많아 웨이팅시 물어봄. 갔을 때 웨이팅이 있었음. 베이커리도 먹었는데 음료도 그렇고 괜찮은 맛. 일요일에는 휴무라고 들었음,5
커피앤시가렛,"평일 4시방문, 도떼기시장 방불케함. 특히 테이블 간 간격이 좁음. 서비스는 거지같은데 어차피 올사람은 온다는심산인듯 함. 1점 주기에는 커피맛은 괜찮아서 2점. 재방문은 못할듯. 가겠다는 지인 말릴것임. 굳이?",2
커피앤시가렛,"특색있는 위치에 음악맛집, 편안한 분위기! 또 가야지",5
커피앤시가렛,평일에 노을 질 때 가세요.,5
커피앤시가렛,"뷰 맛집, 사장님도 친절하시고 좋아요.",5
커피앤시가렛,"뷰도 좋고, 티&amp;디저트 맛있고.. 계산하는 데 보다 그 옆 관이 더 환기도 잘 되고 뷰가 좋아요",4
커피앤시가렛,"여느 인기 있는 카페처럼 사람들의 대화 소리 매우
잘 들립니다, 대화에 끼고 싶을 정도로.. 하지만 
공간, 음료는 만족스러웠습니다",5
커피앤시가렛,직원분들도 너무 친절하시고 음료랑 쿠키도 너무 맛있었어요~! 카페 뷰도 너무 이뻐요:),5
커피앤시가렛,"뷰도 예쁘고 커피랑 쿠키 모두 만족스러웠어요!:) 
그리고 무엇보다 직원분들이 너무 친절하셨어요ㅠㅠ",5
커피앤시가렛,"뷰 오지고 
베이글 존맛
음료도 맛있고
그릭요도 맛있고
뭣보다 내가 좋아하는 노래가 존내 많이 나와서
너무 좋음",5
커피앤시가렛,"진짜 뷰맛집 ㅋㅋㅋ 주인분? 그 나이 조금 있으신
아저씨 어ㅏㄴ전 친절하셔용",5
커피앤시가렛,"치열한 창가 자리 쟁탈전, 그럴 만한 가치가 있는 곳.",4
커피앤시가렛,뷰 맛집!!! 하지만 그 뷰 좌석이 너무 한정적이라는게 단점이에요 .. 그래두 커피 맛도 괜찮고 안에 포토부스도 있어서 사진도 찍고 좋았어요!,4
커피앤시가렛,"장: 과감한 장소 선택 멋진 뷰와 사무실같은 느낌의 브랜딩
단: 앉아있는 내내 창가자리 앉으려고 눈치싸움 하는 사람들 때문에 나도 덩달아 불편함",4
커피앤시가렛,"비오는 평일 낮에 가서 창가 제외 자리 널널했고, 
다른 후기들 만큼 시끄럽거나 어수선하지 않았습니다. 주말 보다는 확실히 평일에 방문고객 수가 많이 적어지는 것 겉아요. 
그리고 직접 가서 보니까 정말 테이블이 다닥다닥 붙어있는 정도는 아니었어요! 직원분들 불친절하단 후기도 많이 봤었는데 저 응대해주신 여자직원분은 친절하셨어용 물론 다른 직원분들도 손님분들께 모두 친절하셨구요 :) 
시그니처인 크림비엔나 주문했는데 확실히 커피는 다른 후기들에 비해 조금 단 편이었어요 주문하실 때 당도 조절 가능한지 여쭤보고 덜 달게 부탁드려도 될 것 같습니다!",5
커피앤시가렛,분위기 좋고 커피 맛도 좋아요!,4
커피앤시가렛,사람많고 가격도 비싸고 맛도 별로고 직원들 너무 불친절해요 ㅠㅠ 실망이에요...,1
파이브가이즈 서울역점,"엄청 유명하다고 해서 방문했습니다.
웨이팅은 없었고, 땅콩은 매장안에서 맛있게 먹으라는데 수입산 같았습니다. 먹고 싶지 않았어요. 감자포대도 막 쌓아놓는데 별로 건강한 감자라는 느낌이 안들었어요.
1. 베이컨치즈버거를 시켰는데 베이컨은 과자 같습니다. 안에 뭐 잘못들어간줄 알았어요. 미국에선 이렇게 튀겨먹나봐요. 차라리 맥날 맥모닝에 베이컨이 더 맛있어요. 
2. 직원이 시뻘건 옷에 분위기도 다 시뻘개요. 무당집 같고 정신 사납습니다. 네이티브처럼 영어들도 못하는 사람인 직원과 손님들이 거의 영어에 휘감겨서 주문하고 주문받습니다. 직원들 안에서 엄청 가까이 있는데 자기들끼리 크게 이야기하면서 소리가 큽니다. 저정도면 보청기 껴야하는 수준. &quot;저게 바로 옆에서 안들리나??&quot;
3. 햄버거 패티 맛있는데 이 돈주고 줄서서 먹으라면 전 포기할게요. 강남 아니어도 동네수제버거집만 가도 이 정도 퀄리티는 나와요.
4. 포장이든 매장에서 식사든 무조건 종이백에 담아줍니다. 이게 힙하다고 생각하나봐요. 포장지도 부족해서 육즙이 질질 흐릅니다.",1
파이브가이즈 서울역점,"2024.05.22
남자직원인지 알바인지 진짜 짜증나네.
사장은 각성하고 불친절한 뻔뻔한 
푹 퍼진 남자직원인지 알바인지 좀 짤라라.
앞 손님 모를수도 있지 하대하고
빨리하란식으로 개무시하면 싸우자는것 밖에
더 되나? 앞손님들 부처인줄?
나같으면 뒤집어 어펏다.
내가 좀 험상굳게 생겼는지
나한테는 조근조근 하더만?
에휴
손님 가려가며 그딴식으로 대하지마라.
벌받는다 푹 퍼진 남자 니.
ㅡㅡㅡㅡㅡㅡㅡㅡㅡㅡㅡㅡ
2024.04.14
미국 본토 그맛이 아냐...
뭔가 빠졌다...
그리고 가격 쉣...@%#",1
파이브가이즈 서울역점,"솔직히 잘모르겠습니다
버거킹이 더 좋아요",3
파이브가이즈 서울역점,버거 엄청 크네요. 줄 안서고 바로 먹었어요. 버거 맛있어요,5
파이브가이즈 서울역점,"햄버거는 맛남
자리나 동선은 그닥",3
파이브가이즈 서울역점,직원 친절한데 파이브가이즈가 이렇게 비싼지 몰랐습니다,4
파이브가이즈 서울역점,"올더웨이로 주문. 파이브가이즈는 패티에 따로 양념을 하지 않는다고 한다. 건강한 햄버거라는 후기가 몇 있는데 일부 동감하는 부분이 있다. 올더웨이는 아쉬운 느낌이 컸다. 소스도 특별하거나 특색있다고 느낀 건 없었고, 재료 자체는 싱싱하고 좋은 편이었으나,, 과연 웨이팅할만한 곳인지 의문이 들기는 했다. 한국 수제버거들이 상향 평준화된 부분도 있고.

올더 웨이보다 다른 조합 추천이 많은데, 다음에 먹는다면 다른 조합으로 먹지 않을까 싶다.",3
파이브가이즈 서울역점,맛있다. 가격은 차갑다. 쉐이크도 차갑다.,4
파이브가이즈 서울역점,"다른지점과 맛이 달라요
고소한 땅콩기름에 튀긴 감자튀김 기대하고 가는건데, 이건 일반기름에 튀겼는지 그냥 버거킹 감튀네요.

최악의 파이브가이즈였습니다",1
파이브가이즈 서울역점,직원분들 진짜 열심히 일하시는게 다 보일정도로.. 앞에 주문이 10개쯤 있던것 같은데 생. 각. 보. 다. 일찍나옵니다..! 테이블 앉을 곳 많구요. 어쨌든 핫플이니 피크타임 피해서 가시는걸 추천합니다. 어우 쉐이크 존맛 진짜,4
파이브가이즈 서울역점,"직원분들은 친절하신 편입니다.
다만 매장이 너무 시끄럽습니다.
그리고 봉투에 감튀와 버거를 가지런히 담아서 주면 더 좋겠습니다.
구운 버섯 빼는 것을 추천합니다.",1
파이브가이즈 서울역점,"햄버거를 이런 식으로 만들어주는 곳은 처음 봅니다.

포장을 제대로 안해서, 햄버거를 받자마자 집었는데 바로 해체되네요

미국 특유의 무식하고 지저분하고 돼지같은 음식을 좋아하는 분들은 좋아하실 거 같기도 하지만,,

제법 한 사대주의하는 저로써도 이건 좀 거북해요

그냥 &ldquo;한번 먹어봣다&rdquo; 정도로 끝내는걸로하고, 궁금해서 먹어보고 싶으신 분은 굳이 시도하지 마시길 추천드립니다.

다 너무 짜고 기름져요.. 제일 맛있는게 콜라입니다.",1
파이브가이즈 서울역점,"진짜 파이브가이즈 가본 곳 중 최악 햄버거가 좀 별로인건 참을 수 있는데, 감자튀김 맛없는건 선 넘는데",1
파이브가이즈 서울역점,미국인같이 버거를 먹을 수 있습니다 버거에서 육즙이 아주 많이 떨어집니다,4
파이브가이즈 서울역점,"외국이랑 너무다름
최악..ㅠ",1
파이브가이즈 서울역점,"2024.06.26. 방문
재방문의사 X.

햄버거(올더웨이) ⭐️⭐️⭐️
맛은 무난. 가성비가 아쉽다.
이 가격이면 다른 수제 햄버거로 대체제가 많다.

감자튀김(소금맛) ⭐️⭐️⭐️⭐️⭐️
짠걸 좋아하는 편인데 간이 아주 적절했다.
감자는 퍼석퍼석하지 않고 촉촉했으며 튀긴 정도가 적절히 바삭하여 맛있었다.
작은 사이즈로 시켜도 가격이 비싼 편인데 작은 사이즈여도 양이 매우 많기 때문인것 같다.
혼자서 햄버거에 감튀까지 먹기에는 양이 많다.

기본 메뉴로 땅콩을 집어갈수 있게 만들어져있는데 땅콩도 짭잘하게 간이 되어있어 맥주가 매우 생각나는 맛이다.
다음에 갈 일이 있다면 감자튀김과 땅콩에 맥주만 먹고싶다.",3
파이브가이즈 서울역점,"저기요~ 방금먹고 열차탔는데 기가 막혀서 글 남겨요. 처음가면 시스템 모를수도 있지. 친절까진 안바라지만 한숨 섞어가면서 손님을 하대하는건 뭔가요?ㅋㅋ 나참ᆢ직원교육 필요할듯
- 맛: 중상
- 서비스: 최하
- 가성비: 하

끝",1
파이브가이즈 서울역점,"종목 자체가 상급인 햄버거답게 맛은 괜찮은 편입니다만, 제가 주입식 교육의 결정체인 한국인이어서 그런가 주문의 절차가 꽤 버겁게 다가왔네요.",3
파이브가이즈 서울역점,고작 웨이팅 20분으로 나를 겁주기에는 너무나 맛있는걸요,5
파이브가이즈 서울역점,5월 11일 저녁 쯤 주문 받으시는 몸집 크고 목소리 크신 남자분 너무 불친절해서 기분이 상당히 안 좋았습니다. 첫 방문이라 재료 선택하는 부분을 잘 몰라 여쭤봤습니다. 처음 와봤다고 말씀 드렸는데 사전 설명도 제대로 안 해주시고 빨리 고르라는 식으로 말하십니다. 자세히 설명 해달라고 했는데 저희 앞에서 대놓고 한숨 쉬시면서 잘 설명해드렸는데 로 응대하시네요. 저희가 느끼기엔 너무 불친절했고 .. 미리 알아보고 와 + 빨리 주문하고 가라는 식으로 들렸습니다. 오픈한 지 한 달 정도 지났는데 이렇게 불친절하시기도 쉽지 않을 것 같네요. 이제 이 지점은 재방문 안 할 것 같습니다. 다른 지점 가세요.. 너무 기분 나빠서 리뷰 처음 써보네요..,1
파이브가이즈 서울역점,3빠,5
파이브가이즈 서울역점,4빠,5
파이브가이즈 서울역점,5빠,5
파이브가이즈 서울역점,"6빠,, 그치만 평점은 바뀔지도 ㅋ",5
파이브가이즈 서울역점,빨리 열어주세요,5
파이브가이즈 서울역점,오픈도 안한 식당에 5별이라니 .. 미개하도다,1
파이브가이즈 서울역점,평일저녁 기준 생각보다 사람이 많지 않아 길게 기다리진 않았어요. 파이브가이즈에 처음 가본 사람으로서 저는 평소에 조금 덜짜게 먹는 편이긴 한데 그래도 버거가 너무 짜서 먹기 힘들정도 였어요ㅜㅜ 다음에 혹시나 먹게 된다면 케챱 머스타드 마요네즈는 빼고 먹어야할 것 같아요. 리틀로 시켜서 패티 1장이었는데 충분했어요. 감자튀김도 짜서 생각만해도 침이 좔좔나오네요.. 심지어 땅콩도 짜요! 반대로 쉐이크는 초콜릿 피넛버터 카라멜로 했는데 극강의 단맛을 느낄 수 있습니당... 저는 먹자마자 배탈나서 고생했어요 ㅜㅜ,2
파이브가이즈 서울역점,맛은 가격에 비례합니다 한번은 먹어볼 맛 그치만 대식가가 아니라면 중간에 너무 물려요,3
파이브가이즈 서울역점,케이준프라이가 너무너무 짜요,2
파이브가이즈 서울역점,"외국에서 먹은 맛이 아니네요
특히 프라이즈는 눅눅하고 그렇습니다",3
파이브가이즈 서울역점,그냥 와퍼 먹을게요.,2
파이브가이즈 서울역점,"재료는 풍성하지만 비싸고 맛 없는 버거..
느끼하다 어쩌다 맛에대한 평가는 많지만
근본적인 문제는 간이 너무 약함",1
파이브가이즈 서울역점,서울역점만 두번 갔는데 버거는 다른 지점과 똑같이 맛있는데 프라이가 너무 눅눅해요,3
파이브가이즈 서울역점,"감자튀김 고소하고 버터향이 진하고 촉촉하고 맛있어요.
바삭한 식감 원하는 분들은 아쉬울거에요.
햄버거는 무조건 야채(토핑)많이 넣으세요 패티의 육즙도 훌륭하고 풍미도 좋아요.
하지만 너무 비싸네요 하하 😅
햄버거, 밀크쉐이크, 감자튀김(작은) 이렇게 3개 주문해서 30,700원... 두둥 ... 
그리고 우리나라 수제버거도 수준 많이 올라와서 굳이 파이브가이즈 매번 올 필요는 없을 것 같아요. 일 년에 한 두 번 정도가 딱 적당한 것 같아요.",4
파이브가이즈 서울역점,"햄버거 느끼하지않고 맛있음
작은사이즈도 양이 충분함 
감튀는 쓴맛이 살짝 나서 아쉬웠음
가격의 압박만 아님 자주 갈듯함.",4
파이브가이즈 서울역점,"양이 많다. 
감튀는 맛있음. 모든건 작은 사이즈로 시켜도 충분하게 먹을 수 있을 것 같음. 매장이 너무 더럽고, 정신없음...",3
파이브가이즈 서울역점,"베이컨치즈버거

레귤러 사이즈 감튀 + 음료

가성비가 안좋아서 그렇지 양 푸짐하고 맛은 있다.",5
파이브가이즈 서울역점,"햄버거는 햄버거다 
편의점 2천원짜리던 여기 세트 2만7천원짜리던간에
햄버거는 햄버거다 정말 맛이 궁금하면 돈 아까우니 여러명이서 나눠 드세요 
맥도날드가 더 맛있음",2
파이브가이즈 서울역점,"2인 기준 보통의 위장의 소유자들은 감튀 스몰이나 레귤러 하나만 주문하세요 정말 너무 많아요.. 감튀가.. 
그리고 땅콩 완전 맛있으니까 땅콩 많이 드시구",5
파이브가이즈 서울역점,"서울역 입구 바로 옆에 위치해 있습니다 아침 10시에 갔는데도 사람이 꽤 많았습니다 
주문도 생각보다 금방끝났고 이매장도 강남점 처럼 노래 크고 사람도 많아 시끄럽고 좀 정신없기는 합니다. 
그리고 단점이라면 매장에 자리가 없어 두리번 거리다가 그냥 밖으로 가지고 나가서 먹었습니다. 
비싼돈 내고 먹는데 기분이 매우 좋지 않아 별두개 깍아 버립니다. 
이거는 개선을 좀 해주었으면 합니다 자리가 없으면 웨이팅을 걸던지 해줬으면 합니다.
그래도 맛은 너무 좋아서 기분이 좋고 감자도 폭신폭신 한게 진짜 너무 맛있어서 기분은 좋습니다.",3
파이브가이즈 서울역점,"서울역점 생긴지 얼마안되엇나봐요 ! 넘 반가움 ^^
혹평이 많아 걱정했는데 맛이 넘 궁금해서 먹어봤어요 ~
가격은 쬐금사악 .. 탄산무제한이니까요 😂 베이컨치즈버거 올더웨이 짜지만 제입엔 너무도 호 👍🏼🍔 감튀도 땅콩풍미 👍🏼🥜 사이즈커서 여성분들은 스몰패티가 적당할듯 함 🍟🥤미째맛이에요 ㅎㅎ",4
파이브가이즈 서울역점,"햄버거는 눅진눅진하고 기름진 미국 햄버거 맛. 의외로 패티 맛이 강한 편은 아니고 소스 맛도 세지 않네요. 맛이 있긴 한데 기대를 너무 해서 그런지 조금 아쉬웠음. 솔직히 이정도 햄버거는 꼭 여기 아니어도 쉽게 접할 수 있는 수준의 맛이라고 생각합니다.

감자튀김은 아주아주 실망스럽네요. 국내산 감자라 그런지 꼭 집에서 해주는 감자튀김 맛이에요. 풋내도 많이나고 식감도 꼭 삶은 감자를 잘라서 기름칠 해서 먹는 느낌. 그래도 양이 정말 많긴 합니다. 레귤러는 둘이 먹어도 조금 남길만한 양이에요.

땅콩은 정말 맛있습니다. 아주 짭잘한게 맥주 안주로 딱일듯 합니다.

전반적으로 가성비가 좋질 못해서 두번은 못갈것 같습니다.

매장은 아주 시끄럽습니다. 제대로 된 의사소통이 어렵습니다. 불친절하다는 평이 많은데 딱히 엄청 친절하지도 불친절하지도 않았어요. 하지만 주문 프로세스는 조금 손 봐야 할것 같아요. 다소 비효율적이라는 생각이 많이 들었습니다.",2
파이브가이즈 서울역점,"그냥 햄버거 + 비건샌드위치 맥주 두병 먹었다
햄버거패티는 참 고소하니 맛있었다 
비건샌드위치는 패티뺀 햄버거였다 난 맛있었는데 짝꿍은 별로란다 가격이 좀 쎈편",3
파이브가이즈 서울역점,포장해서 집까지 30분 걸렸는데.. 난리났습니다.. 버거 빵 세개 다 젖어서 포장은 비추인걸로&hellip;. 맛은 뉴욕에서 먹었던 기억만 간직할게요..,2
파이브가이즈 서울역점,버거 포장지 겉면에도 기름기 좔좔,1
파이브가이즈 서울역점,&rsquo;헬적화&lsquo; 라는 단어의 좋은 예시,2
파이브가이즈 서울역점,🤢🤢🤢감자에서 녹변한 감자 맛이납니다,1
파이브가이즈 서울역점,"ㅋㅋㅋㅋ맛을다 떠나서 직원 왜이래 싸가지없나요? 처음가봐서 버거 추천해달라니까 뭐라뭐라해서 안들려서 버거 어떤거 해야하냐니까
베이컨이랑 치즈중에 고르라고 말씀드렸는데요 
ㅎㅎ 버거먹을라면 공부하고 가야겠노 무서벙",1
파이브가이즈 서울역점,"8/9 금 18:00~19:00경 마주보고 
제일 왼쪽에서 일하시던분 너무 무례하세요. 
불친절 정도가 아니라 기본적인 예의범절이 없습니다. 
 
파이브가이즈 처음이고, 줄서는동안 미리 메뉴 정하고 갔고, 주문하는데 오래 걸린것도 아니고, 

추천하는 소스 있냐고 여쭤봤는데 
돌아오는 답변이 
&ldquo;단 두가지 질문 했습니다.&rdquo; 
이건 협박하시는건가요?
 
평소 우리나라 과한 친절 과한 서비스 문화 부담스러워 하는 편이고, 
제 평점평균 보시면 알겠지만 
어지간하면 다 5점 드리거나, 
마음에 안들었던 곳일 지언정 
굳이 나쁜 후기 안남기고 안가는데, 
협박하는 직원은 처음이네요 ㅎㅎ
 
별 한개도 아까운 매장.
 
직원 한명이 그 매장 이미지 전체를 좌우할 수도 있습니다.",1
파이브가이즈 서울역점,그냥 맛있음   인위적인 맛이 아님,5
파이브가이즈 서울역점,"버거 하나, 감자 칩 소, 밀크쉐이크 해서 3만원
게다가 베이컨은 다 태웠고
소금과 후추 범벅
쉐이크는 너어무 달고
완전 미국향 진한 버거",1
파이브가이즈 서울역점,버거의 정석? 이지만 가격이 합리적이지 못함,4
파이브가이즈 서울역점,"조합좀 추천해달라고 하니까 
캐셔는 모르겠다고함 
공부해서 가야하는 시스템 
+ 싸가지 없는건 덤",1
파이브가이즈 서울역점,매장이 정신없긴한데 강남점도 똑같긴해서.. 아주 불친절하지도 않고 그냥저냥 그랬어요:),4
파이브가이즈 서울역점,맛있는데 좀 비쌈 가성비는 좀 떨어지는듯 버거는 빨리나옴,4
파이브가이즈 서울역점,"맛은 그럭저럭 먹을만하고 기름집니다 
한번쯤은 경험해볼만하지만 다시 갈거라 물으면 가격이 더 싼 서울역 안에 있는 프랜차이즈를 갈거같네요",3
파이브가이즈 서울역점,맛은있는데 정신이 너어무 없음 좌석간격이 도떼기시장; 둘이 먹는데 가격 53000원 실화냐,4
파이브가이즈 서울역점,"리틀 베이컨 치즈 버거 13900
라지 프라이 파이브가이즈 스타일 10900
쉐이크 8900

쉐이크는 4가지 이상 넣으면 맛이 없다고 하더라고요.
베이컨, 오레오, 로투스로 선택. 굉장히 단 맛.

직원분은 엄청 친절하셔서 좋았음.

햄버거도 맛있었어요. (올더웨이에서 피클, 토마토만 뺌)
베이컨이 바삭바삭하니 맛있더라고요. 패티에서 육즙이 잘 느껴지고 맛있어요.

다만 감자튀김이 너무 눅눅하고.. 바삭하지 않았고.. 땅콩기름 맛이 별로 안 나서 많이 아쉬웠네요.",2
파이브가이즈 서울역점,"명성만큼 맛있지는 않고 그냥 딱한번 먹어볼만한듯
땅콩 짭잘하니맛있음",4
파이브가이즈 서울역점,"음료 3900원은 에바고...그냥 밖에서 사들고 들어오는거 추천
밀크쉐이크는 8900원만큼은 아니지만 맛은 있고 조합해서 먹는 재미있음 ㅎ
하지만 한번 경험으로 충분한맛.
감튀는 2인분으로 6900원인데 좋아하면 시키세요
갓튀긴거 맛있음!
햄버거는 버거킹 와파 상위상위호환느낌
와퍼좋아하면 존맛탱
나는 둘이오면 기본에 올더웨이 피망 바베큐소스 1개
핫도그 올더웨이 1개이걸로 끝",4
파이브가이즈 서울역점,"솔직히 진짜 맛은 있는데&hellip;
5점줄지 4점줄지 한참 고민함.
고심끝에 가성비가 너무 안좋아서 4점

버거맛은 버거킹에서 패티 업그레이드 + 토핑추가
왜 리뷰에서 고급진 버거킹이라 하는지 알 맛
근데 가격은 2-2.5배임 (버거 단품 기준만)

감자튀김은 놀라웠음 어디서도 비교 불가능한맛
케이준맛으로 먹어보시길 꼭!!!! 권해드림

후기랑 달리 직원분들 짜증도 안내고 친절했음

맛만보면 5점 가성비 따지면 4점 (버거 너무비쌈)",4
파이브가이즈 서울역점,진짜 미친건가?ㅋㅋ주문방법 모를 수도 있지 ㅈㄴ 미개인취급하는게 거지같아가지고 못가겠어요 ^^ㅋㅋㅋㅋ 아니 눈 부라리면서 한숨쉬면서 말하면 뭐&hellip; 뭐되세요 진짜? 아 빡치네&hellip; 진짜 그 안경쓴 뚱땡이 아저씨; 어이가 없어요 진짜 얼굴에다 뭐라하고 싶었는데 진짜 참음 음식 먹기도 전에 이렇게 까지 기분이 상해야하나요? ㅠ,1
파이브가이즈 서울역점,솔직히 1점도 주기 싫어요 직원이 왜이렇게 불친절해요? 모든 사람이 다 파이브가이즈 단골도 아니고 처음간사람들은 처음이니까 주문 하는 법을 잘 모를수도 있는건데 직원분이 너무 불친절하게 알려주시는거 아닌가요? 한숨 푹푹쉬시면서 알려주시면 고객인 제 기분이 어떻겠어요? 앞으로 파이브가이즈는 오늘 마주쳤던 그 안경쓴뚱뚱한직원분때문에 안갈겁니다 직원교육부터 똑바로시켜주세요 제돈쓰면서도 기분이 너무 나쁘네요,1
파이브가이즈 서울역점,버거는 맛있는데 세트 가격이 다소 비싼거 같아요&hellip;.가성비 가심비 둘다 별로,3
파이브가이즈 서울역점,"별점 : ★ 5.0 완벽함
내용 : 가격도 햄버거 치고 쎈 편익고, 사람도 많고, 주문도 일일히 대면해서 해야하는 단점이 있지만... 모든걸 떠나서 버거가 완벽함. 쉐이크쉑, 맘스터치, 맥도날드, 버거킹, KFC, 롯데리아 등 수많은 버거를 먹어봤지만, 파이브가이즈가 미국 본토 햄버거의 맛을 딱! 새겨줘서 가볼만 함.",5
파이브가이즈 서울역점,특별한 맛이 있다고 느끼진 않지만 무난하고 가격 대비 양은 그냥 그렇다,4
파이브가이즈 서울역점,"직원 ☠️☠️불친절도가 최악☠️☠️이네요!
특히 안경쓴 체구 큰 직원이요

파이브가이즈 다른 지점도 가봤는데
햄버거 주문하고 있는데 말 끊고 방법 잘못됐다며 가르치는 듯한 말투로;; 먹기 전부터 기분 나빠지게 하네요
일하기 싫으시면~하지마세요~^^

저말고도 이 직원 불친절하다고 하는 후기 많네요
이분 근무하는 시간엔 방문 안할듯해요!",1
파이브가이즈 서울역점,미국 갔다온 친구가 넘 맛있다고 한 그 버거! 서울역 근처에 생겼네요. 땅콩은 짠 맛이 강하지만 자꾸만 손이갑니다. 버거는 마치 수제버거 같이 부드럽고 촉촉하고 맛있어요.,4
파이브가이즈 서울역점,"좀처럼 보기 힘든 느끼함, 지나친 당도, 짠 맛, 그에 더해 사악한 가격까지... 만족스럽지 않은 햄버거",1
파이브가이즈 서울역점,직원들&hellip;,1
파이브가이즈 서울역점,"맛은 있었음
주문할때 잘 몰라서 물어보고 좀 버벅 거리면 업신 여기는 표정과 목소리ㅠㅠ
햄버거 하나 먹는데 무슨 분석하고 모의주문 시뮬레이션 돌려서 공부까지 해서 가야하나ㅠㅠ
암튼 맛은 생각보다 괜찮았음!!",4
파이브가이즈 서울역점,"여의도보다는 맛있어요
물론 미국만큼은 못하지만...
주차도 지원이 안됩니다
참고하세요",3
파이브가이즈 서울역점,하하 1빠당,5
파이브가이즈 서울역점,"강남역점 방문하고 두번째로 가봤는데
감자튀김이 눅눅하고 땅콩기름 특유의 고소한 맛은 어디 간 건가요&hellip;",3
파이브가이즈 서울역점,"저만 당한줄 알았는데 리뷰보니 아닌가봐요;
주문 받는 뿔테안경쓴 남자직원분.. 바로 앞 군인손님한테는 나라를 지키느라 고생 많으십니다^^라며 엄청 상냥했는데, 저보자마자 표정 바뀌더니 제가 주문하는 거 하나하나 다 귀찮다는 듯이 응대하시는데 표정 다 보여요..
외국가서 인종차별 당하는게 이런건가싶을 지경
주문방식이 복잡한게 이 가게룰 아닌가요? 고객이 일부러 번거롭게 하려는 것도 아닌데;;
기분탓인가했는데 제 일행도 상당히 불편해했고 카맵 리뷰가 말해주네요.",2
파이브가이즈 서울역점,"카운터 주문받는 남자는 손님이 주문하는데 말 끊고 주문 방법을 가르치려들고있음. 독일이랑 미국에서 주문할 땐 그딴 메뉴얼 없었는데 자기만의 세상에 빠져있는 듯.
심지어 주문은 제대로 받지도 못하는지 잘못 나옴. 아예 다른 버거를 내놓질 않나 소스를 하나도 안넣고 주질않나. 늦게 내놨으면 똑바로 만들기라도 했어야지. 한국인에게 한국어가 어렵진 않았을텐데.
잘못나왔다고 따지니까 미안하다는 말도 없이 대충 작은 플라스틱 통에 소스 조금 담아주고 끝. 서비스직인데 불친절해, 패스트푸드점인데 느리고 주문도 잘못나와, 사과도 없어.. 다시 갈 이유가 없음. 직원은 총기가 있는 미국이 아닌 한국에서 장사하고 있다는 것에 감사해야할 것.",1
파이브가이즈 서울역점,"비싸지만 햄버거는 다시 먹어볼만함
감튀는 너무 짜다",4
파이브가이즈 서울역점,"맛은 강남과 비슷. 직원들이 일하는건 처음에 교육 빡쌔게하고, 미어터진 경험 겪은 강남점 이랑 차이가 너무 심함",1
파이브가이즈 서울역점,"음식은 맛있는데 직원은 불친절.
처음가는거라 주문법을 몰랐는데 빨리 하라는식으로 눈 부라리면서 한숨+성난 목소리로 응대. 서비스마인드란 1도 없는 곳.",1
파이브가이즈 서울역점,"왜 먹죠? 햄버거판 서브웨이라서 메뉴주문하다가 버벅거리게 되고 한참 골라야돼서 이게 뭔가 싶었는데 (저는 안경쓰고 큰 남직원이 주문 받았는데 저한테만 한숨쉬는게 아니었나봐요) 가격은 왜이렇게 비싼지. 고기패티2장이라 그런가보다 하고 넘겼는데 맛은 왜이리 별느낌이 없는지. 그냥 고기와 채소, 그리고 빵이다. 고기는 수제패티맛인거 확실히 알겠지만 그 외 감상은 안생기네요. 감튀도 일반감튀보다 쬐금더 고소하지만 특별히 더 맛있지도 않아요. 건너편 수제버거집이 훨낫지ㅜ이 가격에 이런 서비스에 이런 맛이라니ㅜ집앞인데 다시는 안갈듯.",2
파이브가이즈 서울역점,"감튀가 눅눅해요, 햄버거는 맛있지만 비싸요 짜지는 않아요",3
파이브가이즈 서울역점,"배이컨치즈버거 정말 헤비한 맛이네요
둘이서 나눠 먹어도 충분하고요
감튀는 파이브가이즈 스타일로 먹는 게
훨씬 맛있습니다

안에 자리가 없어도 매장 앞에 앉을 곳이 있어서
먹기 좋아요",4
파이브가이즈 서울역점,"미국식 햄버거 먹을수 있는곳
가격이 사악함🍔",3
파이브가이즈 서울역점,"가격 진짜 비싸긴함. 근데 양이 상당히 많고 (맥날 롯데리아 따위랑 양 비교하면 안됨. 버거도 양 많고 감튀도 양 많음.) 간이 된 땅콩, 짜디짠 감튀, 햄북이, 무한리필 탄산음료 이 조합이 먹으면 진짜 행복하긴함.. 서울역이라 항상 자리가 없을 것이라 생각했는데 의외로 넓고(더현대 파이브가이즈 2배 될듯.) 회전률이 좋아서 (사람들이 햄북이만 먹고 빨리 나가니까) 자리가 너무 없지는 않은듯. 아니 근데 가격이 진짜 비쌈&hellip;",4
파이브가이즈 서울역점,"바쁜건 이해하지만 자기들 실수로 감튀 시켰는데 안나온걸 갖다가
죄송하다는 말도 안하고 어버버하면서 윗사람 부르고는 감튀 다시 주고 끝
적어도 윗사람이라도 실수해서 미안하단 사과라도 있었어야하는거아닌지",2
파이브가이즈 서울역점,"파이브가이즈라 맛은 있는데..
너무 바쁜건 이해하지만..
조금만 더 친절교육 해줬으면..",2
파이브가이즈 서울역점,불친절 끝판왕. 메뉴 골랐는데 토핑이 하나도 안들어가있으니 골라야한단 말만 하고 상세 안내도 없고 안내판 설치도 없음. 메뉴명이 베이컨 치즈 버거인데 토핑이 하나도 안들어가있으면 메뉴판이 왜 있음?? 차라리 서브웨이처럼 빵 고르고 토핑 고르라고 하던가. 뭐 얼마나 맛있기에 이런식으로 장사하나.,1
파이브가이즈 서울역점,"사람이 엄청 많고 일행 있으면 자리 먼저 잡고 주문, 저도 고터 먼저 갔었고 서울역이 그 다음인데  고터가 더 맛있긴 했어요 그래도 오랜만에 맛있게 먹었고 양이 많아서 빵 뚜껑 하나는 빼고 먹었어요 감튀도 좀 남기기, 밀크 쉐이크는 엄청 달아요 저는 고터에서 한번 먹고는 안먹습니당",4
파이브가이즈 서울역점,"땅콩 무제한 간이 되어있음. 전반적으로 굉장히 짠편임. 세트메뉴없음. 모두 단품주문. 

치즈버거 - 굉장히 기름지고 짬.",3
파이브가이즈 서울역점,"저녁식사 전이라 시장한데도 불구하고 맛있다라는 느낌 전혀 없었음
느끼하고 짜고....
누구든간에 지속적 재방문의사 있다라면 의사들 좋아라 할듯
베이컨치즈버거인데 베이컨 별로임
느낌상 치즈버거가 싼맛에 조금더 나을듯",3
파이브가이즈 서울역점,"감튀 괜찮아서 1점 줌
버거 형편없음",1
파이브가이즈 서울역점,"서울역점은 걍 패스
물자마자 패티에서 잡내 나서
밥맛 텐션 다 떨어짐 ...",1
파이브가이즈 서울역점,"한줄요약: 비싼데 맛이 없음&hellip;

초반에 핫한 햄버거 가게가 생겼다고 그래서 비오는데 대기줄까지 서가며 먹었는데 탄산수 무제한인거 외에는 감튀도 맛이없고&hellip; 버거도 이 가격에 이게 맞나 싶은 맛 .음료랑 감자랑 햄버거랑 시키면 25,000원이 넘음. (이가격이면 돌을 구워도 맛있어야한다고 생각합니다^^ )
4명이서 8만원이 넘게 나옴 &hellip; ㅋㅋ 호텔 룸서비스 버거도 좀 더 보태면 먹을가격 (한우 아니면)
이마저도 MZ후배들이 요리조리 조합해서 저렴하게 주문한거라함 &hellip; (이거 주문도 공부해가야함.처음 메뉴판 보면 이게 뭐야???? 가 입밖에나옴)

햄버거가격이 이게 맞나요 진짜&hellip;? 맛이있으면 그래 맛이라도 있었지 하는데&hellip;.

역시나 1년 쯤 지난지금 점심 피크타임에도 대기줄은 찾아볼 수 없음 &hellip;",2
파이브가이즈 서울역점,"나는 미국식 버거랑 맞지 않나보다....
일단 주말에 가서 그런가 사람 많고 정신 없어서
기가 너무 빨렸고 햄버거 맛 느낄 새도 없었고... 가격도 너무 비싸다....
감튀는 맛있었어요 작은 거 시켜도 양 겁나 많으니까 참고하세요.... 하나 시켜서 둘이 나눠먹어도 될 정도.....",3
파이브가이즈 서울역점,"맛은있으나 한끼 식사로 비싼가격!!

주말엔 도떼기 시장입니다 사람이 너무 많아요 음식이 귀로들어가는지 코로들어가는지 모릅니다.

저라면 버거킹을 먹겠어요",4
파이브가이즈 서울역점,"역시 미국에서 먹은 피이브가이즈가 찐인것같아욤
배도든든하고 맛있는 햄버거지만~ 미국맛은 안나는..
기본 야채재료가 한국에서 공수한거라 그렇겠죠?
감튀는 진짜 맛나용~~~",3
파이브가이즈 서울역점,파이브가이즈가 여기만 있는 것도 아니니 일단 다른지점과 비교릉 안할 수 없네요. 너무 친절하고 너무 좋은데.. 감튀가 눅눅합니다. 물론 여기 감튀가 바삭하진 않지만 그래도 다른 지점에 비해 좀 아쉽네요.,4
파이브가이즈 서울역점,이정도맛가지고 호들갑좀 떨지말라는 법을 제정해야만함,2
파이브가이즈 서울역점,"카운터 직원이 너무 불친절합니다.
다년간 햄버거집 알바도 해봤고 바쁜 걸 감안해서 이해해주려고 해도 너무 심합니다.
그냥 집에서 편히 쉬길 바랍니다.",1
파이브가이즈 서울역점,"파이브가이즈 꼳혀서 세계여러 지점 가봤는데
가격은 한국이 제일 착한듯
맛은 다똑같은데 감자가 좀 에러인듯
국내산 갔다 쓰니 그 맛이 안남",5
파이브가이즈 서울역점,"한번쯤 먹어볼만한 버거맛집
사실은 버거보단 감튀 맛집
계산할 때 손떨림
세트로 먹기 무서움
그래도 맛있긴 함

▪︎서울역 갈 때마다 보여서 한 번 먹어봤습니다. 평일 4시쯤 애매한 시간에 가서 웨이팅 없었고 자리도 많았어요. 주문하기 복잡해보여서 좀 걱정했는데 카운터 직원 분이 익숙하신 듯 친절하게 설명해주셔서 좋았습니다. 주문 공부하고 가야된다는 리뷰도 있던데 그정도는 아니고, 잘 모르겠으면 추천 부탁드리면 될듯. 
▪︎밀크쉐이크 믹스인 직원 추천: 과일 좋아하면 딸기+바나나, 많이 시켜먹는 조합은 초콜릿+땅콩버터+카라멜+베이컨 (베이컨만 빼고 이렇게 시켜먹었는데 맛있었음)
▪︎양이 많아서 3~4명이 감튀랑 밀크쉐이크를 나눠 먹으면 돈 아낄 수 있을 듯해요.. 혼자가서 리틀버거에 감튀, 쉐이크까지 했더니 2만5천원....ㅜㅠㅠㅠ",4
파이브가이즈 서울역점,"맛잇어요...근데 감튀양이 혼자 먹기에 많앗어요
먹는 내내 내가 떵개엿다면 행복하게 다 먹을 수 있었을텐데 하고 생각하게 돼요
직원분들 바쁘신 와중에도 친절하게 느껴져서 좋앗어요",4
파이브가이즈 서울역점,"미국은 안가봤지만 미국의 느낌이 물씬 나는 매장.
햄버거며 프라이며 한 봉투에 담아주는데, 기름기가 묻어있어 먹고나면 온 손에 기름이 묻어있다.
이렇게 먹는 방식조차 미국에서 왔다는 어필을 하는 것인지 매장 내부 분위기도 이국적이었다.

베이컨치즈버거 2개, 셰이크 2잔, 프라이 레귤러 1개 해서 총 5만원이 나왔다.
레귤러 한개도 양이 많아서 솔직히 적당히 먹는 사람 기준 스몰 1개여도 둘이서 충분히 먹을 것 같다고 생각한다.
이곳은 단순히 먹으러만 가는 곳이 아니다.
서양의 분위기와 맛을 함께 즐기는 곳이다.
2인 5만원이면 정말 고급진 곳도 갈 수 있지만, 경험하러 오기엔 나쁘지 않은 가격이라고 생각한다.",5
파이브가이즈 서울역점,"쉐이크 플라스틱 빨대로 바꼈어요 ㅋㅋㅋ 사람 진~~짜 많아서 자리 잡기가 너무 힘들었어요. 그래도 셀프바 화장실 관리 잘 되서 테이블도 내 맘에 들게 잘 닦고 깨끗하게 먹을 수 있었습니다. 패티에 냄새가 좀 나는 듯 했지만 재료 가득해서 맛있게 잘 먹었어요!

먹짱이라그런가 사람들이 양 많다고 하는데 여자인데도 하나도 안많더라구용... 그냥 버거킹 와퍼랑 비슷해서 굳이 주니어 안먹어도 될 것 같았어요. 일반사이즈 나눠먹었다가 결국 하나 더 시켜서.. 감튀도 진짜 많지만 둘이 나눠먹으려면 레귤러는 먹어야 할 것 같아욥.
엄~청 짜서 달달 쉐이크랑 혈관파괴 될 것 같지만 입은 행복한 극강의 조합",4
파이브가이즈 서울역점,"빨대 플라스틱으로 바뀌어서 별점 복원함

------------------------------------------------------------------------

쉐이크에는 플라스틱 빨대좀 줘라
오레오 넣어서 좀 뻑뻑한거 시켰더니 종이빨대로 안빨린다
쉐이크 절반 먹으니까 빨대가 너덜너덜 걸레짝이됐어",4
파이브가이즈 서울역점,대존맛,5
파이브가이즈 서울역점,2025.03.21,3
파이브가이즈 서울역점,"생감자를 썰어먹어도 소금을 이 정도로 퍼부으면 맛이 없을 수가 없겠다
입천장과 혀가 동시에 헐어보고 싶으면 추천하고요, 그저께 사먹은 바삭한 노브랜드 버거 감튀가 3배는 더 훌륭했습니다.

평점: 기름에 절인 눅눅한 염장 감자나물이 그나마 롯데리아에서 먹었던 퍼석한 감자전분 수수깡보단 낫다. 별 2개.",2
파이브가이즈 서울역점,"다 만들었으면 좀 불러줘라!!
햄버거 맛은 그냥 평범",3
파이브가이즈 서울역점,잘하는 수제 버거집 패티와 비교해서 맛은 떨어지고 가격은 비쌈. 그리고 접수 카운터 직원 교육 좀 시켜요. 먹기도 전에 주문하면서 이미 불친절에 기분 상함.,1
파이브가이즈 서울역점,"지방사람이라 햄버거는 맛있는데
감튀생각하면 별로고..
햄버거랑 콜라만 드세요..",4
파이브가이즈 서울역점,"비싸긴한데 먹다보면 양도 많고 배부름 
주문하는 방식이 어려움 ㅠㅠ",3
파이브가이즈 서울역점,"🖤🖤
파이브가이즈 처음을 고속터미널점으로 갔었음.
고터점 진짜 신세계였는데, 여기는 좀 실망.
패티가 맛이 없음. 그냥 무 맛. 
재방문의사 거의..없음
기차 타러가는데 햄버거가 땡기는데? 롯데리아는 싫다? 그러면 가려나? 글쎄..",3
파이브가이즈 서울역점,"그냥 햄버건데

일단 기본 햄버거에 올더웨이 했습니다. 가격은 13400원인데 치즈가 기본으로 없다는것에 놀랐고 이만한 가격인데도 불구하고 특별하게 맛있다는 느낌이 전혀 없어서 두번 놀랐습니다. 이걸 이돈주고 사먹는게 말이 안되는거같네요.

미국식 햄버거인지도 모르겠고 그냥 여타 다른 햄버거랑 거의 비슷하다고 느꼈습니다. 그냥 패티 두장 들어간 햄버거입니다. 버거킹이랑 비교하면 버거킹보다는 맛있는거같은데 가격을 생각하면 당연해야할꺼같네요.

감자튀김은 엄청 비싸긴 한데 일단 봉지안에 가득 담아주기도 하고 땅콩기름으로 튀긴다는걸로 아는데 확실히 다른집 감자튀김과는 다른 맛으로 괜찮았습니다.

쉐이크는 진짜 엄청 묵직한 스타일로 이게 미국식 단맛이구나를 느낄 수 있었습니다. 혈관 꽉 막히는 달달함입니다.

전체적으로 가격이 말도 안되게 비싼데 반해 맛은 그냥저냥입니다. 파이브가이즈 전체가 이런건지 여기만 이런건진 모르겠지만 일단 제 인생에서 파이브가이즈는 더이상 없을꺼같네요.",2
파이브가이즈 서울역점,정말 더러움 / 청소하는 직원들이 있는데 하는둥 마는둥 롯데리아/맥도날드 가격 3배 가까이 되는데 청결도는 코스트코 푸드 코트보다 못함,1
파이브가이즈 서울역점,"주말 저녁에 방문하니 손님들로 가득했다. 

인기가 많은 가게이긴 하나

가격이 매우 비싸다. 

타사 햄버거 브랜드와 비교해도 30% 더 비싸다. 

참고하시기를 바란다.",3
파이브가이즈 서울역점,매콤한 가루 뿌려서 먹는 감자튀김은 봉지라면으로 뿌셔뿌셔 해먹는 것과 비슷한 맛입니다. 익숙하지만 맛있는 맛입니다!,5
파이브가이즈 서울역점,나쁘진 않았는데.. 나쁘진 않았음,4
파이브가이즈 서울역점,"앉을 자리 찾기 힘든 거 빼곤 그 북적이는 와중에도 만족스러운 퀄리티
차 시간만 넉넉하면 됨",4
파이브가이즈 서울역점,"은박지에 싸져 있어서 먹을 때 조심 해야해요.
패티 촉촉하고 두툼해서 맛있게 먹었어요.
다만 가격은 좀 쎄네요",4
파이브가이즈 서울역점,내가 싫어하는게 바싹 구운 베이컨이랑 감튀임. 그리고 버거는 보통 치킨버거만 먹고 햄버거는 별로 안 좋아함. 하지만 파이브가이즈 베이컨치즈 버거와 감튀를 먹어보니 그동안 싫어했던 이유는 그저 여태까지 맛이 없는 버거와 감튀를 먹었기 때문이라는걸 깨달았음. 마치 물컹한 가지무침을 먹고 가지포비아에 걸린 사람이 가지튀김을 먹고 신세계를 보는 것과 같은 기분이었음.,5
파이브가이즈 서울역점,매장이 전체적으로 더러웠고 버거에 굳이 베이컨 추가할 필요는 없는 듯. 밀쉐는 2명이서 1개 먹어야 할 정도로 매우 달다.,3
파이브가이즈 서울역점,"1. 무난한 패티.
2. 무난한 토핑.
3. 엄청난 양의 감자튀김.
4. 무난한 쉐이크.

이 가격이면 쉑쉑이랑 버거킹이 더... 땡기지 않나?",2
파이브가이즈 서울역점,"비싸지만 맛은 있고, 미국에서 먹던 맛하고 같아요. 땅콩 무한 리필, 땅콩 기름으로 튀겨서 고소한 감튀, 쥬시한 미트 패티. 굳! 큰 매장이지만 8월 주말 오후 다섯시 너무 붐볐고 시끄러웠으며 테이블 잡기 어려워 (주문은 빠르나 빈 테이블 잡기 까지 대기가 김) 타매장으로 재방문하고 싶음",4
파이브가이즈 서울역점,사람이 너무 많지만 햄버거 진짜 맛은 있네요,4
파이브가이즈 서울역점,햄버거 ㅈㅁㅌ 자리가 많아서 사람 많아도 자리 금방 생김 근데 테이블 더러움 직원분께서 닦아주시기는 하는데 사람 많아서 어쩔 수 없나붐&hellip;,4
파이브가이즈 서울역점,감튀랑 땅콩 겁나 맛있네.,5
파이브가이즈 서울역점,서울역이 강남보다 맛있는 듯,5
파이브가이즈 서울역점,"너무 기대했나?
왠지 아는 맛인거 같은데
그냥 궁금하면 도전해보면 될듯",5
파이브가이즈 서울역점,"말해 뭐해? 
미국에서 먹었던 맛과 크게 다르지 않다
재료들이 신선한게 느껴지고  먹어보면 충분히 만족할만한 퀄리티
쉐이크는 딱 한번만 먹을만 하다",5
파이브가이즈 서울역점,"연휴 마지막날이라 그런지 웨이팅 거의 없이 입장했고 자리도 꽤 있었습니다. 
맛은 전형적인 미국 햄버거 맛인데 기다리면서까지 먹을 필요는 없을것 같아요ㅠㅠ",3
파이브가이즈 서울역점,맛은 있지만 높은 가격 대비 환상적인 맛은 아님..  한 번 정도 체험은 괜춘,3
파이브가이즈 서울역점,"맛없음, 비쌈",2
파이브가이즈 서울역점,"인기는 제법 많지만 긴 줄 없이 금방 주문하고 먹을 수 있음.
햄버거에 고기가 가득 들어 있어 포만감과 맛이 뛰어남.
문제는 가격이 말도 안되게 비쌈.
파이브 가이즈는 세트라는 구성이 없기에 햄버거, 감튀, 음료를 다 따로 주문해서 맞춰야 하는데 1인당 세트 구성으로 먹으려면 25,000원 정도나 하게됨.
그리고 이 가격이면 뭘 먹어도 당연히 맛있어야 함.
맛을 찾는 놀라움이 아니라 개념 없이 비싼 가격에 그나마 맛이라도 있어서 다행이다 수준. 그리고 그냥 맛좋은 햄버거 그 이상의 무언가도 없음.
감자 튀김도 특별하지 않고 음료도 쉐이크 안먹으면 그냥 탄산음료를 마셔야 함.
땅콩을 퍼먹을 수 있기는 하지만 (고작 이딴 게 개성(?)) 이것 역시 한 8개 까먹으면 질림.
한번은 호기심에 먹을만해도 두 번 다시 안 먹게 될 비싼 햄버거 가게.",2
파이브가이즈 서울역점,직원들은 친절한데 아직 체계가 덜 잡혀있다,4
파이브가이즈 서울역점,"비싸도 너~무 비쌈
카운터 개싸가지 직원 교육좀 시켜라",1
파이브가이즈 서울역점,다른지점이 비해 맛없음,2
파이브가이즈 서울역점,"미국에서 five guys 먹었던 이유는 빠르게 싸고 푸짐하게 먹을수 있어서 였는데.. 서울역점 five guys는 세가지 중 하나만 충족하네요. 대기줄이 길어서 빠르지 않고, 가격은 일반 패스트푸드의 2~3배에 이르네요. 양은 많아요. 미국 3대버거 경험해 보고픈 분들 한번 가보시는건 좋지만 두번이상은 절대 추천하지 않습니다. 이가격에 이 햄버거를 ㅋㅋ 한국 시장을 물로 본거죠...",1
파이브가이즈 서울역점,"햄버거 감자튀김 전체적으로 신선한 맛입니다. 고기패티를 굽는 사람만 외국인이고 그외는 다 한국인이 주문받고 만듭니다. 고기패티가 이보다 신선할순 없는? 맛이고 빵도 겉돌지 않고 잘어우러집니다. 꽤커서 다 먹기엔 배부를 정도입니다. 먹을때 손에 안뭍히고 먹기 어렵습니다. 육즙이 가득하기 때문에 소스도 묽은지 같이 뚝뚝떨어집니다.. 포장지를 잘 포장해서 먹기를 바랍니다. 감자튀김을 케이준으로 시켰는데 후회했습니다. 아주 질좋은 감자를 아주 짠 시즈닝으로 범벅해주는데 너무짜서 그 맛있는 감자를 다 버렸네요. 두툼하고 신선한 감자인게 느껴지는 감자튀김이었는데 시즈닝을 잘못골라서 후회했네요; 가격이 29000원 정도라서 자주먹기는 어려울것 같습니다. 가격이 아니라면 최고의 햄버거집은 맞는거 같네요, 쉑쉑보다 원초적인 버거 고기의 살아있는 그릴 훈연맛+소스+빵이 잘 어우러짐이 느껴지는 버거입니다. 감튀는 그냥으로 드세여...",4
파이브가이즈 서울역점,"재방의사 0. 치즈버거,감튀,탄산,밀쉐 먹었는데 너무 기대했나? 육즙이 기대만큼은 아니고 빵은 별로다. 감튀는 쪼가리만 많고...왜 길쭉한건 없어요? 탄산도 김이 별로 없음.",3
파이브가이즈 서울역점,"아니 쿠팡이츠 왜 오픈시간되면 시간 계속 늘어남??? 장난하세요?

자신 없으면 배달을 하지마세요.ㅡㅡ",1
파이브가이즈 서울역점,"엄청난 가격 ,엄청난 양:)

과연 한국 패스트푸드 시장에서 살아 남을 수 있을지?",4
파이브가이즈 서울역점,"본토의 폭력적인 맛 그대로.
자리도 많고 사람도 많다.

제 본분에 충실한 프렌차이즈.",4
파이브가이즈 서울역점,"버거는 맛있는데
감튀 눅눅하고 가격 비싸고 쉑쉑이랑 무슨 차이 있는지 모르겠음.
쉐이크 양은 쉑쉑보다 많아서 그건 장점.
땅콩 좋아하는 사람만 추천.
그리고 알바생 불친절했음 한숨 푹푹 쉬며 말함.",1
파이브가이즈 서울역점,"쉽지 않네




0919",2
파이브가이즈 서울역점,처음에 가기전에 메뉴판 인터넷에 올라온거 보고 가세요. 그래야 카운터에서 주문하기 쉬워요. 서울역에서 간단히 먹거나 픽업해서 기차탈려고 하시는 분들은 시간계산 꼭 하세요. 사람 엄청 많아 대기 길어요.,3
파이브가이즈 서울역점,맛있어요!!,5
파이브가이즈 서울역점,이게 버거지!,5
폴바셋 한국경제신문사점,결혼식 끝나고 가긴 갔는데 단체석이 1개뿐인데 탁자가 낮음. 다들 치마 입고 오는데... 눈을 어다둬야할지 ㅡㅡ20분컷하고 나옴,2
폴바셋 한국경제신문사점,볼 일 있어서 왔다가 잠깐 쉬어가기 좋습니다.,5
폴바셋 한국경제신문사점,결혼식 끝나고 가긴 갔는데 단체석이 1개뿐인데 탁자가 낮음. 다들 치마 입고 오는데... 눈을 어다둬야할지 ㅡㅡ20분컷하고 나옴,2
폴바셋 한국경제신문사점,볼 일 있어서 왔다가 잠깐 쉬어가기 좋습니다.,5
폴바셋 한국경제신문사점,직원분들 짱 친절하세용,5
폴바셋 한국경제신문사점,"점심시간 피크타임 사람들 다 몰리는 시간대에 
직원들 커피 만드는 천장 위 에어컨 한대만  켜있고
나머지는 두대는 다 꺼있음
커피 마시는 사람들 다 더위에 쪄죽으라고 꺼놓는건가요??

심지어 주문받는 데에
직원도 없을때가 자주 있어서 기다릴때가 많음
이 매장은 바쁘지도 않아서 이해하기엔 더 어이없음

전기세 아껴서 부자되세요. ^^",1
폴바셋 한국경제신문사점,"점심시간 피크타임 사람들 다 몰리는 시간대에 
직원들 커피 만드는 천장 위 에어컨 한대만  켜있고
나머지는 두대는 다 꺼있음
커피 마시는 사람들 다 더위에 쪄죽으라고 꺼놓는건가요??

심지어 주문받는 데에
직원도 없을때가 자주 있어서 기다릴때가 많음
이 매장은 바쁘지도 않아서 이해하기엔 더 어이없음

전기세 아껴서 부자되세요. ^^",1
폴바셋 한국경제신문사점,직원분들 짱 친절하세용,5
풍문고기집,이런거 평점 처음 써보는데 왠만큼 불친절해도 별신경안쓰는 제가 이런글을 다 써보네요. 그 맛있는 고기를 팔면서 2층 조선족x들때메 고기맛 싹다 떨어짐.. 대답안하고 시큰둥하고 귀찮아하고. 일하기싫음 집에 자빠져자세요 기분다잡침 지난번 회식 갔을땐 2층 직원들 친절하더니 밥맛 확떨어지고 술이다깸. 정 가려거든 1층가시고 2층 자리면 거르세요 근처 회사다니는데 적어도 우리회사에선 다신 안갈듯.,1
풍문고기집,비계덩어리 나와서 교환해달라고 했더니 원래 삼겹살은 이맛으로 먹는거라면서 교환 안해주시네요.,1
풍문고기집,"절대 가지마셈
서비스 개판 맛 개판 제대로 된게 하나도 없음 돈 시간 다 날림",1
풍문고기집,고기는 나쁘지 않으나 매장에 들어서자마자 느껴지는 찐덕함과 어수선함이 저완 맞지 않네요. 점심 메뉴들은 나쁘지 않아요,3
풍문고기집,별로였습니다.,2
풍문고기집,"고기퀄리티는 보통인데 등심을 겉만 익혀줘서 속이 차가움. 추가로 주문한 고기는 굽다말고 가버림
서빙이 너무너무 답답하고 불친절함. 메뉴판도 안주고 고기주문도 안받고 수저도 늦게줌. 뭔가 일하기 싫은 태도가 강해서 추가 주문을 할때 눈치를 보게됨. 시급이 적은건가 싶음
30만원 넘게 추가 주문했는데 이미 다 떨어진 소금 와사비 밑반찬도 말할때까지 신경 안 씀. 어렵게 불러서 더 달라고 하면 한참 있다가 갖다줌.
불친절이 대수냐 고기만 맛있으면 되지하고 갔던 곳인데 친절을 바라는게아니라 졸라 불편함. 근데고기도 그닥임. 재방문의사 절대 없음",1
풍문고기집,숙성 꽃목살 맛있음,4
풍문고기집,굉장히 야무진맛 아 맛잇당 김치국수ㅜ,5
풍문고기집,이것은 날이면날마다오는고기가아니다 소고기인가돼지고기인가 미쳐버린 자태 터지는 육즙 맛의 중독 맛의 올가미 절대추천 고기맛은 물론이거니와 직원분도 친절하시고 밑반찬으로 나온 무채가 달달하니 너무 맛있어요ㅠㅜㅠ,5
풍문고기집,고기는 맛있음.국수  된장 짜다고  하고  다남겼는데   돈 다받음.,2
풍문고기집,서울고기집보다 2단계 아래지만..나름..,3
풍문고기집,개 맛없음,1
풍문고기집,"오랜만에 다녀왓는데 명불허전 ㅎㅎㅎㅎㅎ
직원분들도 넘 친절하셔요",5
풍문고기집,점심시간에 가면 가성비 갑인 맛집입니다!,5
풍문고기집,"최악 싸가지. 환풍기나 고치시길.. 실내에 고기연기 가득하고, 굳이 가시려거든 버릴옷입고가세요",1
풍문고기집,별로네요,1
풍문고기집,깔끔하고 구워주는 숙성고기맛집! 계란찜두 넘마싯당,4
풍문고기집,직원분들 넘나 친절하시궁 무엇보다 고기가 넘넘맛있내요 ㅠ,5
풍문고기집,최악중에 최악임 싸가지없음,1
풍문고기집,최악의 고기집 닦지도 않은 쓰던 불판내어주는 위생최악 고기집,1
풍문고기집,"불친절 다시 안감

직원 서빙중에 셔츠에 음물 흘려서 조심좀 하라고하니
쌩까고 감.
나중에 계산할때 얘기 하니 카운터에 사장인지 누군지
시큰둥한 표정으로 소주한병 빼드릴께요
끝까지 미안하단말 안함
직원교육을 카운터에 있는 사람이 시킨게 확실한듯",1
풍문고기집,고기 및 음식은 괜찮음. 접객태도는 전반적으로 개선이 필요,4
풍문고기집,친목모임 목살 숙성삼겹살 김치찌개,5
풍문고기집,청첩장받으러가보았어요. 줄서는 맛집이더라구요. 원래 구워주시는 집리 맞는지는 모르겠는데 처음에 조금 구워주시려구만 하시구는 저희가 구워먹었어요. 그 근처에서 이만큼 깔끔한 고깃집은 드물다는 생각이 들기는 했는데 오래 기다린다면 글쎄였어요. 저희는 예약해서 대기없이 먹었습니다.,3
풍문고기집,"고기 맛이랑 된장찌개 다 맛있었음.
명이나물도 무한 리필!
근데 평일 저녁엔 회식하는 사람들 엄청많아서 정신없고 고기도 처음에 구워주다가 언젠가부터 안오심.... 알아서 구워먹었음ㅋㅋㅋ",3
풍문고기집,여기 안가봤으면 가보셈.,4
풍문고기집,싸가지업는고기집,1
풍문고기집,"고기가 진짜 넘모 맛있어요!!
다음에또 시간되면 방문 예정~",5
풍문고기집,"인근 ㅍㅇㄹㅋ, ㅅㅇㄱㄱㅈ 다음으로 맛있는 곳&hellip;
이었으나 고기가 살짝 질겨진 것 같음

이전에 이베리코 프리미엄 라인이 있었는데 잘 안팔리는지 빠진듯.

점심엔 김찌보다 된찌 추천
같이 나오는 떡볶이 무한리필해서 먹어야됨

단체 예약 가능한데 룸이 15-20명 이상 가는 거 아닌 이상 다른 팀과 분리가 안돼 있어 상당히 시끄러움.",3
풍문고기집,맛3/양2/가격2/친절4,3
풍문고기집,"점수랑 리뷰가 왜 이모양인지 이해가 안가네요
꾸준히 재방문 하고 있고요, 저렴하지는 않지만 맛은 정상급이라고 생각합니다. 서비스로 문제 있었던 적 한번도 없고요. 어차피 올때마다 거의 만석인거 보면 저 포함 아는 분들은 다 오셔서 맛있게 식사 하시고 가나봅니다. 다른분들 리뷰만 보고 거르실려면 거르셔도 되지만 서울역 근처에서 이 정도 맛있는 고기집은 분명 찾기 힘듭니다.",4
풍문고기집,"네이버 후기 작성한거 쭉 내려보다가 부정적인 후기들만 지워져있길래 내거 캡쳐해서 올립니다.
카카오맵 리뷰 너무 부정적인것들만 많아서 어느정도 감안하고 봐야한다지만....ㅎㅎ...",1
풍문고기집,처음같은 집은 단언코 없따!,3
풍문고기집,"주말 1시에갓더니
종업원분이 휴대폰만지면서
오픈안했어요 
 (몇시에열어요?) 
다섯시쯤 열겠죠?


영업시간 업데이트를 좀 해주셨으면 좋겠고
영업시간을 제대로 지키셨음 합니다",1
풍문고기집,"서비스 최악 
직원싸가지없음
위생최악 먹고 설사각 
식당에서 냄새남 
비린내남 
키오스크 주문인데 주문 잘못 받음 
맛없음 제발 가지마세요",1
풍문고기집,회식장소 점심식사 회식장소,2
풍문고기집,"불친절도 서비스로 줌
불편하게 먹기 딱좋음",1
풍문고기집,별로임,1
풍문고기집,그냥 보통 고깃집,3
풍문고기집,"분명 맛은 있는데&hellip;&hellip;..

너무 불친절해요&hellip;ㅠㅠ",5
풍문고기집,"오잉..이정도 평점일 수준은 아니었는디..회식으로 갔는데 서울역 근처에 갈 만한 고깃집 많이 없는데 괜찮았음..! 곁들여먹는 명이나물이나 양파장아찌,,사이드가 다 맛있고 가지가 나와서 좋았음 쯔란소스! 존맛임! 다만 가격대는 좀 있는 것 같고 직원분들이 계속 뭐 빼먹으시고 정신이 없으심...장사 잘되는데 어쩔 수 없죠 뭐 ㅜ.ㅜ",4
풍문고기집,"댓글알바많네요
내생에 최악의 서비스였음 주문 계속 틀리고
회식하는 사람들 일부러 가격 올려받는듯",1
풍문고기집,"I ate at the rooftop, but the two ladies were very unfriendly.
Even though I called, he passed by without answering. 
The steamed egg was undercooked and completely soft-boiled, so I asked for it to be cooked a little longer, and he asked if I could just eat it.
They didn't even bring me the drink I ordered right away... 
기본적으로 뭘 주문하거나 요청하면 귀찮아하는태도가 굉장히 불쾌했습니다.

리뷰안쓰는사람인데, 좀 심해서 남기네요. 고기는 적당히 먹을만한데,
굳이 다음에 여기 안올거같네요.",1
풍문고기집,"최악의 식당!지들이 예약 실수해놓고 도리어 손님에게 성질을 부리고 깐족대는데 동문회 모임도 망치고 기분도 잡치고!
다시는 가고 싶지않은 식당입니다!",1
풍문고기집,더럽게 비싸다  근처에 고기집 갠찮은데가 없어서....,3
풍문고기집,서울역 최고의 맛집; 비싸긴 한데 맛있어서 ㄱㅊ,5
한옥집김치찜 서대문본점,맛있어요. 양도 넉넉해서 항상 둘이서 김치찌게하나랑 계란말이 하나로 배터지게 먹네요. 가끔 친구오면 데려가는데 맛있다고 좋아라합니다.,4
한옥집김치찜 서대문본점,별하나도 아까움. 아줌마며 아저씨며 진짜 싸가지없음. 불친절의극치,1
한옥집김치찜 서대문본점,김치찌개 너무 시기만 하고 맛없고 계란말이도 짜고 진짜 맛집이라고 하는 사람들 미각이 의심스럽다ㅠㅠ 병원가보세요,1
한옥집김치찜 서대문본점,"별 하나주기도 아깝.
다들 맛집맛집하고 줄 서서 먹길래 가봤는데, 왜 먹으러 오는지 모르겠다.
김치찜이라곤 하지만 너무 시다. 먹기 힘들 정도.
이 동네 사람들은 역시 안 가는 이유가 있다.",1
한옥집김치찜 서대문본점,"여기가 왜 인기인지
동네 분식집 찌개만도 못해요
예전은 모르겠지만 짜기만 찌게
몆개없는 김치와 돼지고기
집에와서 물만 들이켰네요",1
한옥집김치찜 서대문본점,노맛받고 불친절에 비쌈 삼종세트,1
한옥집김치찜 서대문본점,"진짜 최악..회색김치 감칠맛없는 퍽퍽한 고기 ..온가족이가서 등뼈 김치찜먹고 이것보다 맛있는 레시피 30개정도 이야기 함 ..
너무 돈아까워요.. 네가족이 모두 마음이 맞아서 신나게 씹었네요^^
제발 가지마세요 ...평점 믿고 한끼버렸네요",1
한옥집김치찜 서대문본점,"리뷰 아무것도 믿지마세요.
진짜 최악입니다. 그냥 마트가서 사골육수, 김치한포기, 목살 한근 사서 끓여드세요. 1점이 아깝다.
방송국 놈들 진짜...",1
한옥집김치찜 서대문본점,"예전과 달라진 맛과 불친절함, 바뀌지 않았을까란 기대로 몇번을 가봐도 바뀌지않는 불친절함과 변해버린 맛. 이젠 그만가야지.",1
한옥집김치찜 서대문본점,진짜 별로 본점이 이정도면 하... 가격만 눈탱이 맞았네 양심있는건가 서울은 정말 눈뜨고도 코베어 간다더니,1
한옥집김치찜 서대문본점,음식은 괜찮았으나 식사끝나자마자 물통가져가시더니 뒤에 웨이팅있다고 눈치주네요 매우불쾌했습니다,1
한옥집김치찜 서대문본점,매년오는데 올때마다 점점 맛이 떨어져서 마음아프네요...,2
한옥집김치찜 서대문본점,장소를 옮겼으면 주소를 바꿔주시길  주차도 안되고 ㅠㅠ,1
한옥집김치찜 서대문본점,주차장이 없어요. 전화해서 물어보니 앞에 있다고해서 갔는데 없어요.... 다시안가고 싶어요,1
한옥집김치찜 서대문본점,"미국혀 인간이라 일년에 한식이 땡기는 날이 손에 꼽는데,, 
오늘이 딱 그 날이라 진짜 맛있는 한식을 먹고싶었는데,, 너무나도 완벽하게 충족 됐슴니더,,",5
한옥집김치찜 서대문본점,돈의문역사박물관 관람하고 맛집 검색하던중 가봤는데 역시 맛집 이네요 👍,5
한옥집김치찜 서대문본점,맛이 변함,2
한옥집김치찜 서대문본점,"흠..
김치찜집인데
김이존맛입니다

김치찜은 좀..",3
한옥집김치찜 서대문본점,과대평가된 집..,3
한옥집김치찜 서대문본점,"아내가 첫째 낳기 전에 단골
십여년만에 방문
여전히 맛있네
별점 왜 이리 안좋지?
점심 너무 복잡하기는 함",5
한옥집김치찜 서대문본점,"경상도에서 와서 입맛이 다른건지, 입에 맞지 않았어요.ㅜㅜ",1
한옥집김치찜 서대문본점,개 불친절 여주인장 장사잘된다고 배짱장사하는듯 다먹었음 나가라는 눈치 오질라게줌 ㅋㅋㅋ 아래리뷰공감 ㅋㅋ,1
한옥집김치찜 서대문본점,별 1개도 아깝,1
한옥집김치찜 서대문본점,"서비스마인드가 별로.. 
가게가 정신이 없고...
여자 사장님의 손님을 대하는 태도는
갈라면 가라~ 라고 하심
밥먹는데 괜히 눈치보임",2
한옥집김치찜 서대문본점,"서대문역 근처 김치찜으로 유명한 집.
서방이 맛있는 곳이라고 해서 기대했는데 제 입맛엔 그닥. 신맛이 많이 나고 군내도 나요. 3만원 짜리 김치등뼈찜 소자 시켰는데 고기도 퍽퍽하고 국물에 깊이도 없어서 실망했어요.
원래 이름처럼 옛날 한옥집에 있었다는데 지금은 근처로 이전해서 장소적인 특색도 없고. 서방도 옛날 맛이 아니래요.
그렇게 맛있지도 않은데 왜 그렇게 유명한가 생각해 보니 기본 메뉴인 김치찜(8500) 가성비가 좋아요. 김치등뼈찜 메뉴 선택은 잘못 되었던 듯. 둘 이상이면 김치찜 인분 주문에 계란말이(8500) 먹는 걸 추천해요.",3
한옥집김치찜 서대문본점,"최악 불친절 딴데보고 지혼자말하고
포장은 딸랑 찌게 뿐이고 양도 적다니
참...
곧망할듯",1
한옥집김치찜 서대문본점,진짜 무례함. 테이블 앉을 때부터 계산할 때까지 기분 나쁨ㅋㅋㅋ 자기 돈 내고 기분 더럽고 싶으면 가면 됨!,1
한옥집김치찜 서대문본점,"고등학생 때 추억을 되살려볼까해서 방문.

그 추억이 철저히 유린되서 갈갈이 찢겨 짓밟힌 느낌.

(밑은 주절주절 쓰는 글)

-맛
맛이야 안먹은지 10년 이상 됬으니 추억보정에,
사회생활 하면서 여러가지 음식을 먹어봤으니 입맛이 변했다 치더라도
... 그냥 무난했음.(할말하않)


-서비스

개판이었음.

김치찜 고기 추가를 했는데 추가 고기 나온거냐고 물어보니까 자긴 모른다고 하고 그냥 가버림

그리고 바쁜건 알겠는데 종업원 짜증을 손님이 받아줘야될 필요가 있나?

리필 반찬을 자기가 놔주는 것도 아니고, 쟁반에서 빨리 안가져갔다고 짜증을 냄.


맛도 맛이지만 그 때 당시 식당이모님들이 친절하셔서 간 것도 있었었는데....



여튼 추억은 추억일 때 아름다운 것인걸 새삼스럽게 느끼게됨...",1
한옥집김치찜 서대문본점,전통의 노포. 김치찌개와 김치찜을 같이 시키는게 정석. 찌개는 평타지만 찜이 최고이므로 별 다섯개.,5
한옥집김치찜 서대문본점,김치찜 굿,4
한옥집김치찜 서대문본점,잘 익힌 돼지고기에 신 김치 한조각. 어흐~,5
한옥집김치찜 서대문본점,그맛 아직 기역나네요,4
한옥집김치찜 서대문본점,영업시간 10:00~22:00,4
한옥집김치찜 서대문본점,김찌찜 굿,4
한옥집김치찜 서대문본점,항상 기억하는 그맛.,4
한옥집김치찜 서대문본점,고기도맛나고 김치도맛나고,5
한옥집김치찜 서대문본점,"별 0개 가능하면 0개 주고싶음
옛날 한옥 김치찜 맛 생각하면 실망 하실수도있어요 
김치 등뼈찜 시켰는데 등뼈에선 누린내나고 그 냄새가 국물에도 베여서 국물자체도 맛이 없어짐. 
그리고 기본적으로 고기에 간도 안베고 국물에도 양념이 부족해서 너무 싱거웠어요.
몇몇 직원분들은 손님들한테 퉁명스럽고 주문해도 들은체 만체 하고.. 
너무 실망스러웠습니다.",1
한옥집김치찜 서대문본점,김치찜의 김치는 시고 고기는 퍽퍽합니다 고기 양도 많다고 보기 어렵네요 치즈가 들어간 계란말이는 나쁘지 않지만 가격을 생각하면 엄청 훌륭하다고 보긴 좀...,3
한옥집김치찜 서대문본점,돈 벌기 시작하면서 사장 사모 마인드가 개판되더니 세상 친절하시던 이모들도 죄다 딴사람 된듯. 내 추억 돌리도~~,1
한옥집김치찜 서대문본점,여기 아직 서비스 구리구나...ㅋㅋㅋ,1
한옥집김치찜 서대문본점,아~~~! 옛날이여!,2
한옥집김치찜 서대문본점,음식은 맛있는데 바쁘셔서그런지 조금 불친절한 느낌을 받았어요.,4
한옥집김치찜 서대문본점,전화로 주문하고 있는데 그냥 끊으시네요 남자분. 근처라서 종종 사먹는데 이제는 안 먹을듯,1
한옥집김치찜 서대문본점,불친절해요 사장도 직원아줌마도 전부 김찌찜은 맛있어요 근데 저는 두번은 가기싫어요 불친절하기 때문에요 명부 작성하라고해요 볼펜 없다고하는데도 계속 작성하라고 소리치고 볼펜없다니깐 그때 죄송하다하고 그외 표정들이 손님 받기 싫어하는거 같아요 손님 받기 싫으시면 집에서 쉬시지 전부 하나같이 표정이 영 별루라 저는 맛있어도 안가고싶네요,1
한옥집김치찜 서대문본점,주인아줌마가 직원들 엄청 갈구고 직원들은 손님들 은근히 갈굼... 주인아줌마 경질해야 할 듯 ㅋㅋ 맛은 외식치고는 나쁘지 않음,3
한옥집김치찜 서대문본점,"짜요 짜
하지만 그것 자체가 맛 아니겠습니까.
김치찌게는 1인분만 시켜도 되겠더라구요.",3
한옥집김치찜 서대문본점,아주머니는 친절한데 아저씨는 왜케 화가 나있는지 싸우자는 사람같음. 한번 망해봐야 손님 귀한줄알지,3
한옥집김치찜 서대문본점,This is the best meal I have had in Korea!,5
한옥집김치찜 서대문본점,"2024.12 김치찜 11,500
오랜만에 갔는데 예전 알던 한옥집 위치가 아니어서 없어진줄 깜놀
다행히 걸어서 1~2분 거리라
김치찜 맛은 여전하네요",4
한옥집김치찜 서대문본점,명성은 높지만 짜고 달달한 맛을 내는 평범한 집입니다.,3
한옥집김치찜 서대문본점,"김치찜, 달걀, 김의 조합이란...",5
한옥집김치찜 서대문본점,김치찜 달걀말이 떡갈비와 쏘주 한 잔이면 딱인집,5
한옥집김치찜 서대문본점,"오우.. 실제 후기... 레알 밥도둑 인정합니다.
또 와야겠어요..",5
한옥집김치찜 서대문본점,"2017-05-17
가격, 맛, 서비스 모두 좋음

2020-06-16
김치찜 8.5
달걀말이 8.5

맛,서비스가 별로네",3
한옥집김치찜 서대문본점,옛날보다 별로임. 김치찌개보단 김치찜이 맛있음,3
한옥집김치찜 서대문본점,전에 자주 오다가 오랜만에 왔는데 김치찜 김치는 쓰고..찌개는 특유의 맛이 없어지고 그저 그렇게 됬네요. 불친절해도 맛있고 싸서 왔는데 이제 올 이유가 없어졌어요,1
한옥집김치찜 서대문본점,"직원들 서비스 최악.
맛도 예전과 다름.
자리에 앉아 10여분기다리다 이모님~하고부르니 네 하고 지들끼리 농담따먹기.
오분 더 기다리고 그냥 나옴
맛집리스트에서 삭제",1
한옥집김치찜 서대문본점,"너무 맛있어요
김치찜은 꼭 먹어보세요",5
한옥집김치찜 서대문본점,"서비스 - 1 내 맘대로 자리 선택 불가(자리도 불편)
맛 -3 고기는 좋으나 김치는 짜고 맛 없음(김치 판매는 왜 하는지)
가격 - 1 맛을 알기 때문에 6천원 이면 고민 할듯 8500원으로 갈 생각 없음
그리고 반찬 재사용 하는듯 오뎅에 밥풀 나옴",1
한옥집김치찜 서대문본점,"불친절함이 도를 넘는다.
호텔서비스를 바란것도 아닌데.
손님을 길거리똥개보듯한다.
다신 안간다.",1
한옥집김치찜 서대문본점,"맛은 그냥 김치찜 맛 맛있는것도 아니고 맛 없지도 않은 보통.. 계란찜은 두껍고 맛있었는데 치즈양이 진짜 적다.. 가격이 조금 아쉬움 . 그리고 음식을 미리 만들어놓는지 차가움

주문은 들어가자마자 카운터에서 하고 몇번 테이블로 가라고 하는데 번호만 달랑 알려주고 직접 찾아서 가야됨 불친절하다고 느낄수 있을듯

그리고 수저통에서 나온 수저상태 여기서 입맛이 다 떨어짐 
너무 비위생적이다",2
한옥집김치찜 서대문본점,종종 가는데 김치찌개보다 김치찜이 더 맛나요.,4
한옥집김치찜 서대문본점,"분명 이거보다 더 맛있을 수 있을 것 같은데 싶은 맛
그냥 김치찜임 그냥... 자리는 불편함 위생 별로임",2
한옥집김치찜 서대문본점,여기가 왜..?,1
한옥집김치찜 서대문본점,오래된 집이 딱 그 퀄리티로 음식이 나오는 것만도 점수줄만함.,4
한옥집김치찜 서대문본점,"김치맛 무엇??? 묵은지맛이 이상하고, 사장 불친절",1
한옥집김치찜 서대문본점,완전 비추 오래전에 이용했던 사람으로  고기는 손가락 2마디정도 주면서 가격은 8천원 받음 그리고 계란말이도 같은 가격인데 예전에 비해 특색없는 일반 계란말이임 그리고 기본 반찬인 김은 눅눅해서 먹기에 불편하고 여름에는 더운데 오래되서인지 건물내부가 눅눅하고 냉방장치가 작동을 안하는지 매우 더움,1
한옥집김치찜 서대문본점,남편이 말했다. 니가 해주는 게 낫다. 나도 그렇게 생각함ㅋ,1
한옥집김치찜 서대문본점,그냥 집에서 해먹는게 답입니다. 김치는 어디 강재로 익힌거 같고 .  음식퀄리티는 떨어지고 가격을 오르고 최악입니다. 청결도 별루이구여 친절은 가져다 버린지 오래되었습니다.,1
한옥집김치찜 서대문본점,"가격만오르구
맛이예전같지않음
초창기 김치찜 집이 없었을땐 독보적이엇으나..

직원들 응대도  별로 주인도 불친철
계산해도 아무 소리없음

초심을 잃은듯",2
한옥집김치찜 서대문본점,김이 맛있어요.,2
한옥집김치찜 서대문본점,"왜 돈주고 불친절을 경험하지? 
여기는 돈을 준다해도 가기 싫은곳 
이 집은 맛보다 서비스개판으로 더 유명함",1
한옥집김치찜 서대문본점,"사장님(?)으로 보이는 분의 접객/서비스는 한마디로 처참합니다. 

점원의 의사소통 문제로 예약석 자리로 안내 받아 식사하는 도중에, 사장이 우리에게 화를 내며 &ldquo;다른 예약손님들의 자리를 빼앗았다&rdquo;는 황당한 말을 들었습니다.

계속 불편한 가운데 식사를 했고, 무슨 맛인지 기억도 안납니다. 손님이 많아지면, 사장은 정신없어 하면서 허둥지둥하고, 손님에게 짜증을 냅니다. 
손님 대응이나 접객태도가 전혀 갖춰져 있지 않습니다

재방문 의사는 없습니다.",1
한옥집김치찜 서대문본점,"꼭 가보세요
완전 경험해봐야합니다 ㅠㅠ 
나만 죽을수 없다!! ㅋㅋㅋㅋ
대박 어의없어요 ,, 그 어떤 말로 형언할수 없음
고혈압주의
심근경색주의
라면 사리 추가요, 말했다가 개욕먹음 
공포를 격고 싶으면 꼭 가십시오",1
한옥집김치찜 서대문본점,"안내한 남자분 문앞에 앉으라 해서 추워서 안쪽 앉고싶다니까 문앞 다음 테이블 앉으라하셨어요
10년 전 자주왔던 집인데 그냥 추억이었던걸 알았네요",2
한옥집김치찜 서대문본점,"처음 입장 시 안쪽에 앉으려고 했는데, 사장님이 창가쪽을 재차 강권하셔서 당황했습니다.

주문 내역: 김치찜과 계란말이

- 김치찜
김치는 묵은지인 듯 했고 맛은 나쁘지 않았습니다.
다만, 고기가 너무 퍽퍽해서 먹기 불편했습니다.
부드러운 고기였으면 만족스러웠을 듯 합니다.

- 치즈계란말이
오래된 기름에 부친 듯한 계란말이였습니다.
계란말이 맛 보다는 역하다 싶을 정도로 올라오는 기름 향에 계란말이보단, 기름이 메인인 음식이라는 인상을 받았습니다.",2
한옥집김치찜 서대문본점,"김치찜이 맛잇어요 적당히 시큼하고
김치찌개는 보통의맛 약간 김치국같은 약간 묽은 맛이예요",3
한옥집김치찜 서대문본점,"#내돈내산 #내돈내먹 

2024/10/08 (화) 
1회차, 4인 주문 메뉴
김치찜 2인분 23.0 
김치찌개 1인분 11.5
치즈계란말이 11.5 
공깃밥 1 추가 1.0 
합계금액 47,000원

인왕산 야간등산 후 뒤풀이 
하러 갔어요 짜지 않고 시원
해서 좋더라고요 맛있게 잘 
먹었어요 단체모임 하기도 
좋아 보입니다 Gooood! 

#권꽁치 #꽁치필름 #한옥집본점 
#서대문역맛집 #종로김치찌개맛집 
#김치찌개맛집 #인왕산주변맛집",4
한옥집김치찜 서대문본점,"맛은 있음
근데 ㄹㅇ 불친절함 ㅋㅋㅋㅋ ㅠㅠㅠ
첫방문이라 웨이팅 번호 있냐고 물어봤는데 안해도 된다면서 계속 사람 방치해서 뭐하나 싶었음;

2명이서 방문했는디 밑에 분 후기랑 똑같이 2명 손님은 자꾸 개무시하고 4인 이상만 안내해줌",2
한옥집김치찜 서대문본점,"저녁시간에 왔는데 사람이 많아서 웨이팅을 하려고 했는데, 웨이팅 작성하는 것도 없고, 안내도 없고 먼저 와서 계속 기다리는데 4, 5명 온 대형팀만 자꾸 먼저 받아서 좀 아쉬웠어요.

안내라도 해주시면 장사니까 그러려니 하겠는데, 바쁘시다고 무시로 일관하셔서 그냥 다른 집 가고 싶었네요. 어렸을 때 대구에 있는 한옥집 체인점에서 맛있게 먹었던 추억이 많았는데, 산산히 깨졌습니다.",1
한옥집김치찜 서대문본점,기가 막힌 맛!!!!!! 소주안주ㅋㅋ,5
한옥집김치찜 서대문본점,"주말 오전에 남자 직원분 계속 소리지르고 짜증내고 손님들 인상 다 찌푸려지게 만들고 이런적이 한두번이 아닙니다
열이면 열 맨날 그러고 계산할때도 기분 나쁘게하고 진짜 최악입니다
이러한 분위기에서 밥먹고싶은분이 몇이나 될까요?

수저통이나 앞치마도 불편하게 꺼내써야하고 위생도 너무 안좋아요.

고쳐주세요",1
한옥집김치찜 서대문본점,"2024.8.2. 오후 19:30분
본인은 30후반 남자임. 후기를 앵간하면 안쓰지만 써야겠음.
현재 기온 29도
매장 내 기온 29도
덥다고하니 짜증내는 사장? 홀직원
끝.",1
한옥집김치찜 서대문본점,"팩트체크
맛: ★★★☆☆, 매장: ★★★☆☆
친절: ★★★☆☆, 임팩트: ★★★☆☆


안녕하세요. 팩트체크 마포건달입니다.
근 20여 년 만에 방문한 서대문 &lsquo;한옥집김치찜&rsquo;입니다. 예전에는 서대문역에서 좀 더 가까운, 한옥집이었는데 최근에 이전을 했나 봅니다. 역에서 조금 더 멀어졌으며, 한옥 특유의 올드 한 맛은 없어졌습니다.

아주 오랜만에 기대를 품고 방문을 했는데, 맛은 평범해졌습니다. 맛의 차이는 크게 없을지라도 임팩트가 사라졌습니다. 가장 비호감인 것이 치즈가 들어간 계란말이. 기름이 좀 많은 편이고, 치즈 없는 순수 계란말이가 없어 이걸 시켰으나 크게 감흥이 없습니다.

김치찜의 김치는 우수합니다. 굉장히 시큼하죠. 김치찜을 위해 태어난 듯한 맛입니다. 다만, 김치가 잘 익어서 우러나오는 맛 그 이상도 이하도 아닙니다. 그리고 함께 나오는 돼지고기 찜은 잘게 부서지고 식감은 푸석합니다. 맛이 아주 좋다라고 말하기는 어려울 듯합니다.

이전에는 사람들이 많았는데, 점심시간인데도 웨이팅은 없습니다. 자리도 종종 비어있습니다. 맛의 임팩트가 사라져서인지, 아니면 한옥집의 옛 맛이 없어서인지 그것도 아니면, 역에서 조금 더 멀어져서일까요? 

맛이 없지는 않으나 굳이 이 맛을 찾으러 다시 오지는 않을 것 같습니다. 식당이 변한 건지 제가 변한 건지 모르겠지만, 옛 맛이 그리워지는 오늘입니다.

굿데이! 굿럭!
- 끝


/////////////:///////////// 별 리뷰 해석:
★★★★★ - Best of Best, 감동적이고 매력적임
★★★★☆ - 아주 좋음, 감동적임
★★★☆☆ - 좋음, 원활함, 준수함, 문제없음
★★☆☆☆ - 크게 나쁘지 않으나 추천하지 않음
★☆☆☆☆ - 문제라고 생각함, 기분이 안좋음
☆☆☆☆☆ - 할많하않",3
한옥집김치찜 서대문본점,너무 비싸네용&hellip;,4
한옥집김치찜 서대문본점,"한옥집김치찜 서대문본점

정말 오랜만에 속도 편하고 맛있는 즐거운 식사였습니다.

요즘에는 강북삼성병원맛집으로도 많이 찾는다고 하니 혹시 병원 가는길이면 또 들러야 겠네요. 좀 이유가 이상하지만요.

아무튼

김치찜 김치찌개. 서대문역맛집.

개인적으로 정~말 입맛 까다로운 아들과 우리집 최상위 포식자 아내님과의 만족스런 식사후 뒷모습을 보면서 간만에 한건 했다 라는 자아자찬을 합니다.

서울 서대문 한옥집김치찜 본점외에도  인천공항, 롯데백화점에, 스타필드 등등 전국의 주요 쇼핑공간에는 체인으로 현재 운영중입니다.

서울이 멀다고 느끼시는분들에게는 좋은 소식이라고 할수있을듯 합니다

다만 그래도 서울의 진짜 원조 묵은지김치찜, 김치찌개를 먹고 싶다면  서대문맛집 한옥집김치찜 본점으로 방문하시는게 좋지 않을까 하네요.",5
한옥집김치찜 서대문본점,"동네에서 가장 유명한 맛집. 십여년 다니는데도 맛이 일정하다. 김치찜의 고기양은 줄어든 느낌. 단, 직원들 정말 불친절하다 못해 몇몇은 4가지 없다. 예전 여사장이 엄청 비상식적으로 4가지 없었는데 요즘은 안 보이나..? 친절도 고려 안하고 3점. 고려하면 딱 1점. 특히 평일 낮, 카운터도 보는 남자 직원 ㅋ 깡팬 줄?",3
한옥집김치찜 서대문본점,남자직원 일하기싫으면 때려치세요 불친절해서 주문도안하고 나왔음 적당히하세요 누군 음식장사안합니까,1
한옥집김치찜 서대문본점,"클래식한 맛
그에 반하는 위생상태",3
한옥집김치찜 서대문본점,"맛은 있었는데 자주 가던 집인데 바퀴벌레가 너무 자주 나와요. 너무 커서 깜짝 놀람; 
바퀴벌레 뒤에 붙어있다고 말하니까 뭐 미안하단 말도 없이 종업원이 잡아서 가져감 키우려나봄
그 이후로 밥맛 떨어져서 소주만 시킨거 다 먹고 나옴
친절은 안 하더라도 기본적인 위생은 지키셔야죠",1
한옥집김치찜 서대문본점,"다녀오고 여자친구랑 배탈났어요ㅠ
양과 위생상태 모두 너무 아쉽네요..
+김치찜 일인분 시켰는데 고기가 대추만한 거 한 조각만 나와서 잘못나온줄 알았어요..",1
한옥집김치찜 서대문본점,"아직도 이런 음식점에 손님들이 가는 것은 예전에 잘하던 노포의 명성을 먹고 사는듯. 
형편없는 손님 응대, 종업원 편의를 위한 주문방식 및 태도에 어이상실 입니다. 
꼬죄죄한 실내와 연변(?) 아줌마의 말귀등, 맛집이라고 추천한 지인과 옛 추억에 맛장구 친 본인이 너무 창피한 저녁 하산 뒤풀이 였습니다.",1
한옥집김치찜 서대문본점,"4월 6일 안산 한바퀴 걷고 오후 5시에 방문하였지요. 예약팀이 전원 함께 와라, 등을 켤수 없다, 개별적으로 주문하지마라, 자리 옮기지마라, 서비스 정말 엉망이네요. 옛날에는 좋았다는데, 지금 장소에서는 남자직원의 불친절 + 갑질에 13명 일행이 몹시 불쾌하였네요. 김치찜, 계란말이, 라면, 청하, 막걸리 하고 나왔어요. 맛도 양도 아주 별로입니다. 다시는 안갈 곳 이네요.",1
한옥집김치찜 서대문본점,"여기 별점 테러 당하셨나요

어르신들께서 일하시는 곳이라 백화점같은 대우는 바랄 수 없지만, 한 끼니 식사하고 나오는데에는 전혀 문제 없이 김치찌개에 라면사리까지 너무 맛있게 잘 먹고 나왔습니다!",5
한옥집김치찜 서대문본점,"음식의 양과 질, 친절도 모두 최하급
가게 이름이 웬지 맛집같아서 가봤다가
후회막심",1
한옥집김치찜 서대문본점,맛없어요,2
한옥집김치찜 서대문본점,김치는 시고 밥은 설익고 고기도 뭐 그냥 이네요. 이제 안갈렵니다.,2
한옥집김치찜 서대문본점,"40대 남자 직원, 이 자는 도대체 무슨 배짱으로 주둥이를 그리 건방지게 놀리는 건지! 이런 식당은 진작에 망했어야 한다! 갑과 을이 바뀌어도 유분수지, 손님을 손놈 취급 하네! 돈도 시간도 아깝고, 입맛마저도 아깝다! 에라이~!!",1
한옥집김치찜 서대문본점,"여긴 맛도 변했지만 갈때마다 느끼는게 쌀밥이 너무 맛이없음
이것만 봐도 뭔가 음식에 대한 이해도가 떨어지는 집같음
반찬 하나가지고 밥 장사하는데면 밥이 맛있어야하는데 오래된 밥 느낌나는 맛없는 밥&hellip; 그래서 안 가거나 가더라도 포장해와서 집에서 한 밥으로 먹음",1
한옥집김치찜 서대문본점,"클래식한 맛
그에 반하는 위생상태",3
한옥집김치찜 서대문본점,"맛은 있었는데 자주 가던 집인데 바퀴벌레가 너무 자주 나와요. 너무 커서 깜짝 놀람; 
바퀴벌레 뒤에 붙어있다고 말하니까 뭐 미안하단 말도 없이 종업원이 잡아서 가져감 키우려나봄
그 이후로 밥맛 떨어져서 소주만 시킨거 다 먹고 나옴
친절은 안 하더라도 기본적인 위생은 지키셔야죠",1
한옥집김치찜 서대문본점,"다녀오고 여자친구랑 배탈났어요ㅠ
양과 위생상태 모두 너무 아쉽네요..
+김치찜 일인분 시켰는데 고기가 대추만한 거 한 조각만 나와서 잘못나온줄 알았어요..",1
한옥집김치찜 서대문본점,"아직도 이런 음식점에 손님들이 가는 것은 예전에 잘하던 노포의 명성을 먹고 사는듯. 
형편없는 손님 응대, 종업원 편의를 위한 주문방식 및 태도에 어이상실 입니다. 
꼬죄죄한 실내와 연변(?) 아줌마의 말귀등, 맛집이라고 추천한 지인과 옛 추억에 맛장구 친 본인이 너무 창피한 저녁 하산 뒤풀이 였습니다.",1
한옥집김치찜 서대문본점,"4월 6일 안산 한바퀴 걷고 오후 5시에 방문하였지요. 예약팀이 전원 함께 와라, 등을 켤수 없다, 개별적으로 주문하지마라, 자리 옮기지마라, 서비스 정말 엉망이네요. 옛날에는 좋았다는데, 지금 장소에서는 남자직원의 불친절 + 갑질에 13명 일행이 몹시 불쾌하였네요. 김치찜, 계란말이, 라면, 청하, 막걸리 하고 나왔어요. 맛도 양도 아주 별로입니다. 다시는 안갈 곳 이네요.",1
한옥집김치찜 서대문본점,"여기 별점 테러 당하셨나요

어르신들께서 일하시는 곳이라 백화점같은 대우는 바랄 수 없지만, 한 끼니 식사하고 나오는데에는 전혀 문제 없이 김치찌개에 라면사리까지 너무 맛있게 잘 먹고 나왔습니다!",5
한옥집김치찜 서대문본점,"음식의 양과 질, 친절도 모두 최하급
가게 이름이 웬지 맛집같아서 가봤다가
후회막심",1
한옥집김치찜 서대문본점,"꼭 가보세요
완전 경험해봐야합니다 ㅠㅠ 
나만 죽을수 없다!! ㅋㅋㅋㅋ
대박 어의없어요 ,, 그 어떤 말로 형언할수 없음
고혈압주의
심근경색주의
라면 사리 추가요, 말했다가 개욕먹음 
공포를 격고 싶으면 꼭 가십시오",1
한옥집김치찜 서대문본점,맛없어요,2
한옥집김치찜 서대문본점,남자직원 일하기싫으면 때려치세요 불친절해서 주문도안하고 나왔음 적당히하세요 누군 음식장사안합니까,1
한옥집김치찜 서대문본점,"사장님(?)으로 보이는 분의 접객/서비스는 한마디로 처참합니다. 

점원의 의사소통 문제로 예약석 자리로 안내 받아 식사하는 도중에, 사장이 우리에게 화를 내며 &ldquo;다른 예약손님들의 자리를 빼앗았다&rdquo;는 황당한 말을 들었습니다.

계속 불편한 가운데 식사를 했고, 무슨 맛인지 기억도 안납니다. 손님이 많아지면, 사장은 정신없어 하면서 허둥지둥하고, 손님에게 짜증을 냅니다. 
손님 대응이나 접객태도가 전혀 갖춰져 있지 않습니다

재방문 의사는 없습니다.",1
한옥집김치찜 서대문본점,주차장이 없어요. 전화해서 물어보니 앞에 있다고해서 갔는데 없어요.... 다시안가고 싶어요,1
한옥집김치찜 서대문본점,맛있어요. 양도 넉넉해서 항상 둘이서 김치찌게하나랑 계란말이 하나로 배터지게 먹네요. 가끔 친구오면 데려가는데 맛있다고 좋아라합니다.,4
한옥집김치찜 서대문본점,맛이 들쯕날쭉한건지 김치찜 조차 다른 리뷰와 다르게 최악이었어요.  소금을 들이 부운느낌이고 양도 둘이먹게 모자라구요. 불친절은 기본,1
한옥집김치찜 서대문본점,i am 불만족.  next time 안감,1
한옥집김치찜 서대문본점,"혼밥가능 가성비 킹
밑반찬 및 고기듬뿍
밥추가 무료",5
한옥집김치찜 서대문본점,"안에 자리가 많이 비어있어도 손님 안받음. 기다리면서 보니 아줌마가 그릇 떨어트렸는데 안씻고 그대로 그릇넣음. 안에 자리 있어도 안받고 아줌마들 느긋하게 일함. 심지어 주문받으러도 안옴. 주문한 계란말이는 안나옴. 계란말이 안나오냐고 물어봤는데 아줌마 대충듣더니 결국◡̈⋆* 더럽고 자리있어도 웨이팅 심하고 주문도 안받음.  주위에서도 주문한거 왜 아직도 안나오냐고 하는 이야기 듣다 나옴.
기분 나쁘게 음식을 드시고싶은 분은 가세요. 0점.",1
한옥집김치찜 서대문본점,"사장, 홀서빙 직원들 개념X, 서비스매너X 
다시는 가서 안 먹고 싶은맛(김치찜, 제공되는물, 반찬) 식사하라고 주는 것인지 밥양도 적음.

별한개도 아까움.",1
한옥집김치찜 서대문본점,"1. 주차할 수 있는 김치찜 식당이라고 해서 방문
2. 김치찜은 나쁘지 않음. 3명이 3인분 주문했는데 김치찜과 돼지고기 양이 적절함.  4/5점
3. 주문할께요 했더니 기다리세요 순서대로 받습니다라고 소리침. 왠지 감정이 느껴짐. 나쁜 일이 있었나..    3/5점
4. 계산하고 나감.  주차비할인권 받았어야 하는데 까먹음.  식당으로 돌아감. 주차비할인권 요청하니 나를 기억 못함. 10분 전에 계산하고 갔는데...  어디 앉았었냐, 영수증 보여달라 해서 영수증 보여줌. 주차비할인권 받음.  1/5점

6. 결론
ㅡ 음식은 평범. 평범하기도  어려운 세상이니 좋은 것 아닐까.
ㅡ 손님 대응은 내 마음에는 안듬. 어차피 주인 마음이니.  객이 주인에게 정을 요구하면 안되지.
ㅡ 네이버 평점은 걸러야 했음.",2
한옥집김치찜 서대문본점,김치찜은 대박 맛있더라고요. 밥 두 그릇 먹었어요. 맛만 생각하면 별 다섯개인데 사장님이 너무 퉁명스럽고 냉냉해서 별 하나 뺐어요.,4
한옥집김치찜 서대문본점,"맛, 가성비 괜찮은데 친절이 괜찮지 않은집",4
한옥집김치찜 서대문본점,"동네에서 가장 유명한 맛집. 십여년 다니는데도 맛이 일정하다. 김치찜의 고기양은 줄어든 느낌. 단, 직원들 정말 불친절하다 못해 몇몇은 4가지 없다. 예전 여사장이 엄청 비상식적으로 4가지 없었는데 요즘은 안 보이나..? 친절도 고려 안하고 3점. 고려하면 딱 1점. 특히 평일 낮, 카운터도 보는 남자 직원 ㅋ 깡팬 줄?",3
한옥집김치찜 서대문본점,"한옥집김치찜 서대문본점

정말 오랜만에 속도 편하고 맛있는 즐거운 식사였습니다.

요즘에는 강북삼성병원맛집으로도 많이 찾는다고 하니 혹시 병원 가는길이면 또 들러야 겠네요. 좀 이유가 이상하지만요.

아무튼

김치찜 김치찌개. 서대문역맛집.

개인적으로 정~말 입맛 까다로운 아들과 우리집 최상위 포식자 아내님과의 만족스런 식사후 뒷모습을 보면서 간만에 한건 했다 라는 자아자찬을 합니다.

서울 서대문 한옥집김치찜 본점외에도  인천공항, 롯데백화점에, 스타필드 등등 전국의 주요 쇼핑공간에는 체인으로 현재 운영중입니다.

서울이 멀다고 느끼시는분들에게는 좋은 소식이라고 할수있을듯 합니다

다만 그래도 서울의 진짜 원조 묵은지김치찜, 김치찌개를 먹고 싶다면  서대문맛집 한옥집김치찜 본점으로 방문하시는게 좋지 않을까 하네요.",5
한옥집김치찜 서대문본점,너무 비싸네용&hellip;,4
한옥집김치찜 서대문본점,"미국혀 인간이라 일년에 한식이 땡기는 날이 손에 꼽는데,, 
오늘이 딱 그 날이라 진짜 맛있는 한식을 먹고싶었는데,, 너무나도 완벽하게 충족 됐슴니더,,",5
한옥집김치찜 서대문본점,돈의문역사박물관 관람하고 맛집 검색하던중 가봤는데 역시 맛집 이네요 👍,5
한옥집김치찜 서대문본점,맛이 변함,2
한옥집김치찜 서대문본점,"흠..
김치찜집인데
김이존맛입니다

김치찜은 좀..",3
한옥집김치찜 서대문본점,과대평가된 집..,3
한옥집김치찜 서대문본점,"아내가 첫째 낳기 전에 단골
십여년만에 방문
여전히 맛있네
별점 왜 이리 안좋지?
점심 너무 복잡하기는 함",5
한옥집김치찜 서대문본점,"경상도에서 와서 입맛이 다른건지, 입에 맞지 않았어요.ㅜㅜ",1
한옥집김치찜 서대문본점,항상 기억하는 그맛.,4
한옥집김치찜 서대문본점,아주머니는 친절한데 아저씨는 왜케 화가 나있는지 싸우자는 사람같음. 한번 망해봐야 손님 귀한줄알지,3
한옥집김치찜 서대문본점,This is the best meal I have had in Korea!,5
한옥집김치찜 서대문본점,"2024.12 김치찜 11,500
오랜만에 갔는데 예전 알던 한옥집 위치가 아니어서 없어진줄 깜놀
다행히 걸어서 1~2분 거리라
김치찜 맛은 여전하네요",4
한옥집김치찜 서대문본점,"안내한 남자분 문앞에 앉으라 해서 추워서 안쪽 앉고싶다니까 문앞 다음 테이블 앉으라하셨어요
10년 전 자주왔던 집인데 그냥 추억이었던걸 알았네요",2
한옥집김치찜 서대문본점,"처음 입장 시 안쪽에 앉으려고 했는데, 사장님이 창가쪽을 재차 강권하셔서 당황했습니다.

주문 내역: 김치찜과 계란말이

- 김치찜
김치는 묵은지인 듯 했고 맛은 나쁘지 않았습니다.
다만, 고기가 너무 퍽퍽해서 먹기 불편했습니다.
부드러운 고기였으면 만족스러웠을 듯 합니다.

- 치즈계란말이
오래된 기름에 부친 듯한 계란말이였습니다.
계란말이 맛 보다는 역하다 싶을 정도로 올라오는 기름 향에 계란말이보단, 기름이 메인인 음식이라는 인상을 받았습니다.",2
한옥집김치찜 서대문본점,"김치찜이 맛잇어요 적당히 시큼하고
김치찌개는 보통의맛 약간 김치국같은 약간 묽은 맛이예요",3
한옥집김치찜 서대문본점,"#내돈내산 #내돈내먹 

2024/10/08 (화) 
1회차, 4인 주문 메뉴
김치찜 2인분 23.0 
김치찌개 1인분 11.5
치즈계란말이 11.5 
공깃밥 1 추가 1.0 
합계금액 47,000원

인왕산 야간등산 후 뒤풀이 
하러 갔어요 짜지 않고 시원
해서 좋더라고요 맛있게 잘 
먹었어요 단체모임 하기도 
좋아 보입니다 Gooood! 

#권꽁치 #꽁치필름 #한옥집본점 
#서대문역맛집 #종로김치찌개맛집 
#김치찌개맛집 #인왕산주변맛집",4
한옥집김치찜 서대문본점,"맛은 있음
근데 ㄹㅇ 불친절함 ㅋㅋㅋㅋ ㅠㅠㅠ
첫방문이라 웨이팅 번호 있냐고 물어봤는데 안해도 된다면서 계속 사람 방치해서 뭐하나 싶었음;

2명이서 방문했는디 밑에 분 후기랑 똑같이 2명 손님은 자꾸 개무시하고 4인 이상만 안내해줌",2
한옥집김치찜 서대문본점,"저녁시간에 왔는데 사람이 많아서 웨이팅을 하려고 했는데, 웨이팅 작성하는 것도 없고, 안내도 없고 먼저 와서 계속 기다리는데 4, 5명 온 대형팀만 자꾸 먼저 받아서 좀 아쉬웠어요.

안내라도 해주시면 장사니까 그러려니 하겠는데, 바쁘시다고 무시로 일관하셔서 그냥 다른 집 가고 싶었네요. 어렸을 때 대구에 있는 한옥집 체인점에서 맛있게 먹었던 추억이 많았는데, 산산히 깨졌습니다.",1
한옥집김치찜 서대문본점,기가 막힌 맛!!!!!! 소주안주ㅋㅋ,5
한옥집김치찜 서대문본점,"주말 오전에 남자 직원분 계속 소리지르고 짜증내고 손님들 인상 다 찌푸려지게 만들고 이런적이 한두번이 아닙니다
열이면 열 맨날 그러고 계산할때도 기분 나쁘게하고 진짜 최악입니다
이러한 분위기에서 밥먹고싶은분이 몇이나 될까요?

수저통이나 앞치마도 불편하게 꺼내써야하고 위생도 너무 안좋아요.

고쳐주세요",1
한옥집김치찜 서대문본점,"2024.8.2. 오후 19:30분
본인은 30후반 남자임. 후기를 앵간하면 안쓰지만 써야겠음.
현재 기온 29도
매장 내 기온 29도
덥다고하니 짜증내는 사장? 홀직원
끝.",1
한옥집김치찜 서대문본점,"팩트체크
맛: ★★★☆☆, 매장: ★★★☆☆
친절: ★★★☆☆, 임팩트: ★★★☆☆


안녕하세요. 팩트체크 마포건달입니다.
근 20여 년 만에 방문한 서대문 &lsquo;한옥집김치찜&rsquo;입니다. 예전에는 서대문역에서 좀 더 가까운, 한옥집이었는데 최근에 이전을 했나 봅니다. 역에서 조금 더 멀어졌으며, 한옥 특유의 올드 한 맛은 없어졌습니다.

아주 오랜만에 기대를 품고 방문을 했는데, 맛은 평범해졌습니다. 맛의 차이는 크게 없을지라도 임팩트가 사라졌습니다. 가장 비호감인 것이 치즈가 들어간 계란말이. 기름이 좀 많은 편이고, 치즈 없는 순수 계란말이가 없어 이걸 시켰으나 크게 감흥이 없습니다.

김치찜의 김치는 우수합니다. 굉장히 시큼하죠. 김치찜을 위해 태어난 듯한 맛입니다. 다만, 김치가 잘 익어서 우러나오는 맛 그 이상도 이하도 아닙니다. 그리고 함께 나오는 돼지고기 찜은 잘게 부서지고 식감은 푸석합니다. 맛이 아주 좋다라고 말하기는 어려울 듯합니다.

이전에는 사람들이 많았는데, 점심시간인데도 웨이팅은 없습니다. 자리도 종종 비어있습니다. 맛의 임팩트가 사라져서인지, 아니면 한옥집의 옛 맛이 없어서인지 그것도 아니면, 역에서 조금 더 멀어져서일까요? 

맛이 없지는 않으나 굳이 이 맛을 찾으러 다시 오지는 않을 것 같습니다. 식당이 변한 건지 제가 변한 건지 모르겠지만, 옛 맛이 그리워지는 오늘입니다.

굿데이! 굿럭!
- 끝


/////////////:///////////// 별 리뷰 해석:
★★★★★ - Best of Best, 감동적이고 매력적임
★★★★☆ - 아주 좋음, 감동적임
★★★☆☆ - 좋음, 원활함, 준수함, 문제없음
★★☆☆☆ - 크게 나쁘지 않으나 추천하지 않음
★☆☆☆☆ - 문제라고 생각함, 기분이 안좋음
☆☆☆☆☆ - 할많하않",3
한옥집김치찜 서대문본점,예전에 카운터에 앉아있는 사람이 사장 딸래미인지 뭔지 모르겠는데 싸가지가 에베레스트 꼭대기에 있고 전화도 그 사람이받는지 모르겠는데 꼬우면 먹지 말든가 이런 투로.. 암튼 일하는 사람들도 다 집주인 닮아가는듯했음,1
한옥집김치찜 서대문본점,"불친철 끝판왕 다들 화가 나있음..
맛은 평범..",1
한옥집김치찜 서대문본점,"원조 김치찜다운 폼을 보여주는 곳입니다, 대신 고기는 처음에는 좋은데 가면 갈수록 좀 뻑뻑합니다. 계란말이도 안에 치즈도 있어서 맛있어요",3
한옥집김치찜 서대문본점,"계란말이에서 기름 찌든맛
다 버렸어요",1
한옥집김치찜 서대문본점,맛있어요 추천,4
한옥집김치찜 서대문본점,"맛있고 쌉니다 
가게가 좁고 분위기가 험악한게 단점입니다 
웨이팅 손님이 밖에 있다가 안에 들어오니 소리지르면서 나가 있으라고요!!!! 이러고 
뼈찜인가 서빙하다가 그 테이블 손님하고 부딫힐뻔 했는지 소리를 쀅 지르는데 가게안의 모든 사람이 놀랐습니다 

음식이 서빙될 때는 알리면서 오는게 기본이죠 
진짜 분위기 살벌합니다",1
한옥집김치찜 서대문본점,"양 많고 맛있었음
계란말이는 비싼편
공간이 너무 협소하고 테이블이 좁음",3
한옥집김치찜 서대문본점,매번 갈때마다 너무 맛있어요!!,5
한옥집김치찜 서대문본점,김치찜은 신김치 느낌! 고기가 생각보다 부드러웠고 지방이 없어 좋음. 김치찌개는 1인분도 냄비에 담겨오고 사리도 줌. 진한 국물은 아니고 조금 신 맛이 덜돔. 계란말이는 치즈가 너무 많지 않아 괜찮음. 전반적으로 엄청 맛있는건 아닌데 엄청 부족하지도 않은 느낌? 그냥저냥 쏘쏘. 직원분들이 좀 틱틱거리긴 하는 거 같은,3
한옥집김치찜 서대문본점,주인이 기본안되어있으니 종업원 써비스도 엉망,1
한옥집김치찜 서대문본점,"서비스는 최악입니다. 아이들하고 갔는데 4살짜리 애꺼까지 시키라고 함.. 맛도 그저그래요.
인지도에 비해 그닥입니다",3
한옥집김치찜 서대문본점,한옥에 있을 때부터 점점 맛이 없어지더니 결국 이렇게 되었네요..처음 먹었을 때 참 맛있었는데 아쉽네요.,1
한옥집김치찜 서대문본점,"주인아주머니가 너무 불친절해용
다신 안가용",1
한옥집김치찜 서대문본점,진짜 별로 다신안감,1
한옥집김치찜 서대문본점,"이전에 한옥에서 영업할 때와 맛이 크게 달라졌고, 무엇보다 모든 직원이 아주 퉁명스럽고 불친절합니다. 옆테이블의 손님들 중, 온도계 체크를 깜빡한 사람의 일행에게 '안했대잖아요!'라고 따지듯 말하거나, 테이블 위치 변경을 원하는 커플의 자리이동을 막기 위해 테이블을 닦아주지 않거나, 서빙할 때 다른 테이블의 부름을 계속 무시하는 등의 행위가 지속됐습니다.
다시 오고 싶지 않네요.",1
한옥집김치찜 서대문본점,고기가 질겨요 가성비가 좋지 않은거 같습니다,1
한옥집김치찜 서대문본점,"20년만에 재방문하게 되어 기대가 컷으나....주문도 5분 넘어 소리 질러 주문을 하고, 주문을 받는 것도 주방에 서서 주문을 하란다! 헐~~맛도  별루고 불친절, 위생상태도 영~~~아니었다.",1
한옥집김치찜 서대문본점,"옛날 느낌으로 먹으러 갔는데 돈주고 먹기 아깝네요
왜 인기가 있는지 모르겠어요 손ㄴㅁ한테 너무 불친철합니다",2
한옥집김치찜 서대문본점,"예전 한옥집에서
도보5분 거리로 이전
그러나...but...
맛은 
그때 그시절 그대로~♡",4
한옥집김치찜 서대문본점,"구 건물에 있을 때 몇 번 가봤었는데, 전 그냥 보통 음식점에서 먹던 것과 크게 다른 점은 모르겠던군요.
막걸리를 한 번 먹어보고 싶었는데, 아직 못먹었네요.",3
한옥집김치찜 서대문본점,"불친절의 끝판왕. 
반찬을 달라고 하면 쳐다보지도 않고 대답도 안하고 안 줌. 2번 이상 말해야 줌. 틱틱거리는 말투. 왜 장사가 잘되는지 모르겠음 굉장히 실망스러움.",1
한옥집김치찜 서대문본점,"이전하기전 한옥집갔을때 외국인 알바쓰는데 알바들한테 엄청 머라고하고 소리지르고 하대하고 
먹고 있는데 불편해가지고 
그때 느꼈는데 직원들이 웃으면서 일할 수 없는 환경인듯 이런 후기평점 나올줄 알았음",1
한옥집김치찜 서대문본점,"우와 어떻게 댓글에 칭찬하나가 없죠?
내일 가보려다가 댓글보고 거릅니다
굳이 찾아가서 험한꼴?당하면 하루종일 기분이 더럽죠ㅎㅎㅎㅎ
댓글의 순기능ㅎㅎ
당하신분들한테는 죄송하지만
덕분에 사람 하나 살리셨습니다
맛을 떠나 불친절한 가게는 망해도 싸죠ㅋ",1
한옥집김치찜 서대문본점,카운터에 있는 아줌마 어이없음. 계산하려고 카운터에서 한참 기다리고 있는데 안쪽 테이블 쪽에서 남자손님들이랑 같이 우르르 나오더니 우리보고 순서대로 계산한다고 기다리라며 그 남자분들 먼저해줌. 달걀말이도 밥 다 먹을때까지 안나와서 그냥 가려고했다가 다시 얘기해서 계란만 먹었는데 완전 어이없음.,1
한옥집김치찜 서대문본점,"다른 후기처럼 불친절 그리고 짜요
김치찜 고기는 맛있는데 김치가 너~무 짭니다",1
한옥집김치찜 서대문본점,맛있어요.,5
한옥집김치찜 서대문본점,50대 남자. 직원인지 주인인지  모르겠지만 무례함이 하늘을 찌름. 먹지않을 반찬이있냐고  반찬깔린후 물으며 안먹으면 미리빼겠다며 시건방지게 말해서 입맛이 싹 떨어짐.  먹는중 같은 직원 나이많은 이모님 야단치며 지시함..옆테이블 손님이 달걀말이가 나오지 않았다고 말하니 순서를 기다리라고 (입다물고 있으라는듯)소리침.고기는 말라붙고 김은 눅눅해서 찌들고   먹을 반찬도 없음. 가지마세요!!,1
한옥집김치찜 서대문본점,"옮기기 전 한옥집 김치찜 맛을 다시 느껴보려 재방문했는데 최악이네요.
안쪽 자리 많은데 굳이굳이 문 앞에 밀집시켜놓고, 옆 사람이 계속 기침하시길래 조용히 자리 좀 옮겨도 되냐 하니까 왜요? 여기 앉으시지. 하면서 강요.. 반찬 주실 때도 내던지시고 고기양도 적음(2인분입니다)
맛있다고 큰소리 치고 지인 데리고 왓는데 불친절함에 기분 상하고 갑니다. 지인한테 미안하네요.",1
한옥집김치찜 서대문본점,워낙에 좋아하는 김치찜집,5
한옥집김치찜 서대문본점,혼자 갔다가 여자 종업원이 포장이냐고 물어서 먹고 간다니까 불만 가득한 표정으로 응대라더라구요.. 콩나물국 서빙을 국 없이 건더기만 받았어요.. 나중에 식사 도중 육수를 냄비째 국그릇에 쏟아 주시더라구요.. 혼밥하면서 죄지은 마음과 공포를 느낀건 처음이네요...,1
한옥집김치찜 서대문본점,"너무 짬, 위생 별로임",2
한옥집김치찜 서대문본점,너무 불친절 해서 먹기 전에 나와버림...  앉아서 주문 했는데 일어나 저리 구석으로 가라고 귀찮은듯 손짓함. 바로 나와버림. 불친절은 아예 신경 안쓴다 싶은분 도전해 보시길... 음식 맛이고 나발이고 밥맛 떨어져서 나온사람으로 개비추함.,1
한옥집김치찜 서대문본점,"소문난 집 치고는 평범.
김치찜이나 찌개는 대한민국인의 소울푸드라서 잘 하기가 쉽지 않은 메뉴인 것을 감안 하더라도 왜 유명한지 이해가 안가는 그저 그런 맛. 다시 가고 싶지는 않음.
바쁜집인 걸 감안하면 종업원들의 친절은 그냥 보통 수준.",3
한옥집김치찜 서대문본점,주차 하느라 동네를 두 번을 돌았네요. 차 끌고 가지 맙시다,3
한옥집김치찜 서대문본점,"예전에 자주 갔었는데 현재는 맛 자체도 그렇고 예전 보다 퀄리티가 떨어 진거 같아요.
많이 아쉽네요.",2
한옥집김치찜 서대문본점,비싸고 맛 없고 지저분하고 불친절해요. 한식 찌개집인데 공기밥이 누렇고 쉰내납니다. 제발 서대문역 놀러오시는 분들 여기 가지 마세요.,1
한옥집김치찜 서대문본점,"예전 한옥집에서 단골이였는데 
이사하고 진짜 너무 맛이없어요&hellip; 집에서 만들어먹을만큼도 못하네요..  이렇게 장사왜해요?ㅠ",1
한옥집김치찜 서대문본점,"맛 평범. 
돈 버리지말고 그냥 가지마세요. 
정말 얼마나 막 대하는지 영상 찍어서 올리고 싶음
6명 갔는데  8인분 금액어치로 시키라고 강매. 
배불러서 6인분만 시킨다했더니 계속 더 시키라고 반복해서 깡패같이 말하고. 싫다는데도 계속 더 시키라 그러고. 
짝다리 짚고 껄렁껄렁한 표정으로 감옥살이 하는 큰 언니같은 표정과 말투. 
접시 내던지듯 놓고. 
반찬 더 달라고 잡채랑 오뎅접시 가리켰는데 오뎅만 주고
여길 왜 가지. 
별 하나의 반에 반에 반 주고 싶은데 (배는 찼으니까) 별이 하나씩이나 체크돼서 아쉽.",1
한옥집김치찜 서대문본점,"10여년 전에도 오늘도 여전히 불친절해서 기분 나쁨.
맛도 독보적이지 않은데 왜그리 불친절한지 이해안감.
집근처라 갔지만 일부러 찾아갈 맛집은 아님...",1
한옥집김치찜 서대문본점,"본인은 먹으러 가라고 추천하지는 않지만
여기는 맛이 예전보다 많이 바꿨어요.
여전에 한달에 한번은 갔는데.
김치와 고기가 맛이 따로 놀음",1
한옥집김치찜 서대문본점,"이전 허름한 집에서 먹을 때
좋은 기억이 있어서 다시 찾아갔는데
리뉴얼(?) 된 후 별로 생각나지 않아졌습니다.",3
한옥집김치찜 서대문본점,"사장은 여전한가보네
어릴적 나에게 상처를주었던 사장모녀
십년이지나도 여전한가보다
불.친.절.이라는 단어도 여기서배웠지",1
한옥집김치찜 서대문본점,"맛있는데 후기 당황 .. 제가 좋아하는 김치찜집
응대가 친절하진 않지만 기분 나빠 본적은 없움
여긴 배달시켜먹으면 안되요.. 무조건 가서 먹거나 큰 반찬통 챙겨서 포장해 먹는게 나아요 
배달 용기 바꿔주세요 배달용기 때문에 맛없게 느껴짐
아 그리고 머리카락 나온적 있어서 별하나 뺄게오",4
한옥집김치찜 서대문본점,한번가고 다시는 안가본 집. 차라리 집에서 만들어 먹는게 나을듯여,2
한옥집김치찜 서대문본점,여사장 공주놀이하세요? 대답좀. 부탁드림,1
한옥집김치찜 서대문본점,"맛집이라고 해서 갔는데, 여기 뭐임??

고기가 푸석푸석하고 생고기가 아님, 밥도 돌솥밥이 아님

맛도 없고 서비스도 엉망임

고기가 상태가 너무 안좋음

너무 맛없고 반찬도 언제 해놓은건지 맛이 없어서 놀랐음",1
한옥집김치찜 서대문본점,역시 불친절,1
한옥집김치찜 서대문본점,"여기서 토요일 저녁 먹고 다음 날 아침부터 폭풍 설사...(그 사이에 밤에 특별히 먹은게 없어요. 밤부터 배가 뭔가 묵직하긴 했습니다.)
같이 먹은 남편도 다음 날 오후부터 발열 오한 동반..
둘다 일요일이라 병원을 못가고 있지만 장염인듯 한데,
먹을 때 잡채가 약간 감이 안좋았어요 ㅠㅠ 설마 했는데.. 
먹기 전 익힌 김치찜이나 계란말이는 문제 없었을거 같아요. 반찬 관리 잘 하셔야할 듯 합니다. 전 절대 다시 안가겠습니다..",1
한옥집김치찜 서대문본점,"9천 5백원으로 올랐구요, 계말 강매 하지좀마세요...",3
한옥집김치찜 서대문본점,맛있어요 또 갈꺼예요,4
한옥집김치찜 서대문본점,일단 간이 세요. 짜고 들기름?도 많이 넣은 듯해요. 친절도 그닥... 처음이 마지막 방문이 될 듯해요,1
한옥집김치찜 서대문본점,"설거지 수준 엉망
맛있으면 용서해주려고 했지만... 아웃☄️",1
한옥집김치찜 서대문본점,김치찌개.,4
한옥집김치찜 서대문본점,"맛 가격 서비스 삼박자 모두 땡!!
그냥 추억속 맛집으로 남겼어야 했나봄ㅠ",2
한옥집김치찜 서대문본점,"너무 맛있어요
김치찜은 꼭 먹어보세요",5
한옥집김치찜 서대문본점,"직원들 서비스 최악.
맛도 예전과 다름.
자리에 앉아 10여분기다리다 이모님~하고부르니 네 하고 지들끼리 농담따먹기.
오분 더 기다리고 그냥 나옴
맛집리스트에서 삭제",1
한옥집김치찜 서대문본점,전에 자주 오다가 오랜만에 왔는데 김치찜 김치는 쓰고..찌개는 특유의 맛이 없어지고 그저 그렇게 됬네요. 불친절해도 맛있고 싸서 왔는데 이제 올 이유가 없어졌어요,1
한옥집김치찜 서대문본점,옛날보다 별로임. 김치찌개보단 김치찜이 맛있음,3
한옥집김치찜 서대문본점,"2017-05-17
가격, 맛, 서비스 모두 좋음

2020-06-16
김치찜 8.5
달걀말이 8.5

맛,서비스가 별로네",3
한옥집김치찜 서대문본점,"오우.. 실제 후기... 레알 밥도둑 인정합니다.
또 와야겠어요..",5
한옥집김치찜 서대문본점,김치찜 달걀말이 떡갈비와 쏘주 한 잔이면 딱인집,5
한옥집김치찜 서대문본점,"김치찜, 달걀, 김의 조합이란...",5
한옥집김치찜 서대문본점,명성은 높지만 짜고 달달한 맛을 내는 평범한 집입니다.,3
한옥집김치찜 서대문본점,김이 맛있어요.,2
한옥집김치찜 서대문본점,장소를 옮겼으면 주소를 바꿔주시길  주차도 안되고 ㅠㅠ,1
한옥집김치찜 서대문본점,매년오는데 올때마다 점점 맛이 떨어져서 마음아프네요...,2
한옥집김치찜 서대문본점,음식은 괜찮았으나 식사끝나자마자 물통가져가시더니 뒤에 웨이팅있다고 눈치주네요 매우불쾌했습니다,1
한옥집김치찜 서대문본점,진짜 별로 본점이 이정도면 하... 가격만 눈탱이 맞았네 양심있는건가 서울은 정말 눈뜨고도 코베어 간다더니,1
한옥집김치찜 서대문본점,"서비스 - 1 내 맘대로 자리 선택 불가(자리도 불편)
맛 -3 고기는 좋으나 김치는 짜고 맛 없음(김치 판매는 왜 하는지)
가격 - 1 맛을 알기 때문에 6천원 이면 고민 할듯 8500원으로 갈 생각 없음
그리고 반찬 재사용 하는듯 오뎅에 밥풀 나옴",1
한옥집김치찜 서대문본점,"예전과 달라진 맛과 불친절함, 바뀌지 않았을까란 기대로 몇번을 가봐도 바뀌지않는 불친절함과 변해버린 맛. 이젠 그만가야지.",1
한옥집김치찜 서대문본점,"진짜 최악..회색김치 감칠맛없는 퍽퍽한 고기 ..온가족이가서 등뼈 김치찜먹고 이것보다 맛있는 레시피 30개정도 이야기 함 ..
너무 돈아까워요.. 네가족이 모두 마음이 맞아서 신나게 씹었네요^^
제발 가지마세요 ...평점 믿고 한끼버렸네요",1
한옥집김치찜 서대문본점,노맛받고 불친절에 비쌈 삼종세트,1
한옥집김치찜 서대문본점,"여기가 왜 인기인지
동네 분식집 찌개만도 못해요
예전은 모르겠지만 짜기만 찌게
몆개없는 김치와 돼지고기
집에와서 물만 들이켰네요",1
한옥집김치찜 서대문본점,"별 하나주기도 아깝.
다들 맛집맛집하고 줄 서서 먹길래 가봤는데, 왜 먹으러 오는지 모르겠다.
김치찜이라곤 하지만 너무 시다. 먹기 힘들 정도.
이 동네 사람들은 역시 안 가는 이유가 있다.",1
한옥집김치찜 서대문본점,김치찌개 너무 시기만 하고 맛없고 계란말이도 짜고 진짜 맛집이라고 하는 사람들 미각이 의심스럽다ㅠㅠ 병원가보세요,1
한옥집김치찜 서대문본점,별하나도 아까움. 아줌마며 아저씨며 진짜 싸가지없음. 불친절의극치,1
한옥집김치찜 서대문본점,개 불친절 여주인장 장사잘된다고 배짱장사하는듯 다먹었음 나가라는 눈치 오질라게줌 ㅋㅋㅋ 아래리뷰공감 ㅋㅋ,1
한옥집김치찜 서대문본점,별 1개도 아깝,1
한옥집김치찜 서대문본점,"서비스마인드가 별로.. 
가게가 정신이 없고...
여자 사장님의 손님을 대하는 태도는
갈라면 가라~ 라고 하심
밥먹는데 괜히 눈치보임",2
한옥집김치찜 서대문본점,"서대문역 근처 김치찜으로 유명한 집.
서방이 맛있는 곳이라고 해서 기대했는데 제 입맛엔 그닥. 신맛이 많이 나고 군내도 나요. 3만원 짜리 김치등뼈찜 소자 시켰는데 고기도 퍽퍽하고 국물에 깊이도 없어서 실망했어요.
원래 이름처럼 옛날 한옥집에 있었다는데 지금은 근처로 이전해서 장소적인 특색도 없고. 서방도 옛날 맛이 아니래요.
그렇게 맛있지도 않은데 왜 그렇게 유명한가 생각해 보니 기본 메뉴인 김치찜(8500) 가성비가 좋아요. 김치등뼈찜 메뉴 선택은 잘못 되었던 듯. 둘 이상이면 김치찜 인분 주문에 계란말이(8500) 먹는 걸 추천해요.",3
한옥집김치찜 서대문본점,주인아줌마가 직원들 엄청 갈구고 직원들은 손님들 은근히 갈굼... 주인아줌마 경질해야 할 듯 ㅋㅋ 맛은 외식치고는 나쁘지 않음,3
한옥집김치찜 서대문본점,불친절해요 사장도 직원아줌마도 전부 김찌찜은 맛있어요 근데 저는 두번은 가기싫어요 불친절하기 때문에요 명부 작성하라고해요 볼펜 없다고하는데도 계속 작성하라고 소리치고 볼펜없다니깐 그때 죄송하다하고 그외 표정들이 손님 받기 싫어하는거 같아요 손님 받기 싫으시면 집에서 쉬시지 전부 하나같이 표정이 영 별루라 저는 맛있어도 안가고싶네요,1
한옥집김치찜 서대문본점,전화로 주문하고 있는데 그냥 끊으시네요 남자분. 근처라서 종종 사먹는데 이제는 안 먹을듯,1
한옥집김치찜 서대문본점,음식은 맛있는데 바쁘셔서그런지 조금 불친절한 느낌을 받았어요.,4
한옥집김치찜 서대문본점,"리뷰 아무것도 믿지마세요.
진짜 최악입니다. 그냥 마트가서 사골육수, 김치한포기, 목살 한근 사서 끓여드세요. 1점이 아깝다.
방송국 놈들 진짜...",1
한옥집김치찜 서대문본점,"불친절함이 도를 넘는다.
호텔서비스를 바란것도 아닌데.
손님을 길거리똥개보듯한다.
다신 안간다.",1
한옥집김치찜 서대문본점,"맛은 그냥 김치찜 맛 맛있는것도 아니고 맛 없지도 않은 보통.. 계란찜은 두껍고 맛있었는데 치즈양이 진짜 적다.. 가격이 조금 아쉬움 . 그리고 음식을 미리 만들어놓는지 차가움

주문은 들어가자마자 카운터에서 하고 몇번 테이블로 가라고 하는데 번호만 달랑 알려주고 직접 찾아서 가야됨 불친절하다고 느낄수 있을듯

그리고 수저통에서 나온 수저상태 여기서 입맛이 다 떨어짐 
너무 비위생적이다",2
한옥집김치찜 서대문본점,종종 가는데 김치찌개보다 김치찜이 더 맛나요.,4
한옥집김치찜 서대문본점,김치찜,4
한옥집김치찜 서대문본점,다른거 시키지말고 그냥 김치찜 먹는게 젤 나은듯. 김치와 고기가 야들야들하고 살짝 짠데 자극적이지 않음. 근처 갈일 있으면 먹을만하고 굳이 찾아가서 먹을정도로 특별하지는 않음,4
한옥집김치찜 서대문본점,돼지고기를 좋아하지 않지만 여긴 맛있다,4
한옥집김치찜 서대문본점,오모리와 비슷한맛~ 근데 비쌈~암튼 맛은 있음,4
한옥집김치찜 서대문본점,ㄱ,2
한옥집김치찜 서대문본점,"(3.6점) 2018. 04. 22.
맛집이라고 해서 어마어마한 맛을 기대하기 보다는 예전 느낌으로 내가 생각했던 음식을 해주는 식당.

2002년 개업 당시에는 생삼겹살과 김치찌개를 취급했다는데, 현재는 김치찜으로 더 많이 알려진 집이라고 한다.
그렇지만 사실 여기가 가지고 있는 어마무시한 명성은 체감은 잘 못했다.
괜찮게 잘 먹었지만 호들갑 떨 정도로 대단히 특별한 맛이라고 느껴지진 않는다.
(맛이 예전만 못하다는 사람들도 있다)
그렇지만 내 짧은 경험상 요즘 이정도 하는 집도 그리 많지는 않다.
내가 예전에 먹었던, 내가 생각했던 음식을 내는 곳.
내 기준에선 3.5점 이상으로 맛집이다.

외관은 딱 봐도 옛날 기와집 느낌!
3채의 한옥집을 합쳐서 개조했다는 내부.
신발을 벗고 들어가야 한다.
약간 미로식으로 방들이 배열되어 있다.
김치찜이나 김치찌개가 1인분씩도 가능.
손님 많고 바쁜 식당들은 보통 기본 2인분이던데 참으로 바람직하다.
​그렇다면 사이좋게 찌개, 찜 하나씩 주문해야^^

- 김치찜
저렴해 보이는 고기에 푹 익은 김치랑 같이 쪄서 투박하게 내어주는 한 접시.
이런게 바로 김치찜이지!
이런 걸 원했는데 왜 다들 김치찜 집이라고 가면 다 김치찌개가 나오는지!
(뱅뱅사거리 근처에선  &lsquo;두루치기&rsquo;라고 써놓고 김치찌개를 내주는 곳도 있었다)
뭔가 양이 적어 보이지만 먹어보니 딱 1인분이다.
뭔가 특별한 맛이 있다고 느껴지진 않았지만 충분히 고기랑 잘 어우러진다.
같이 간 사람은 김치가 좀시다고 한다.
조금만 신맛이 덜하면 더 맛있겠다고 하는데, 아니~ 난 이정도 신맛도 나름 좋아!! ^0^
고기에 비계는 거의 없고 대부분 살코기.
고기가 부드럽긴한데 김치와 돼지비계의 조화를 느낄 수 없어서 아쉽지만 잡내도 크게 없고 부들부들해서 나름 괜찮다.

- 김치찌개
동행한 사람은 김치찜보다 김치찌개가 더 맘에 든다고 한다.
김치찌개에서 나와 생각이 같은 부분은 고기가 좀 더 많았으면...
부족한 육수 부탁드리고 라면사리 뿅~
사실 우리가 김치찌개 못해서 김치찌개 집 가는거 아니다. 김치가 맛있으면 당연 맛있는 거고, 중국산 김치도 나름 괜찮고, 고기 많이 주면 흡족하고, 목살 쓰면 더 맛있고.
예전엔 김치찌개는 보통 고기서 고기였다.
고기가 많이 들어가면 맛있는 곳이었다.
왜냐하면 예전엔 어디서나 김치찌개를 먹든 웬만큼 먹을만 했기 때문이다.
(난 만원 이하의 음식에 너무 큰 기대를 하지 않는다. 
게다가 섬세한 미각을 소유한 미식가도 아니어서 음식에 그렇게 까다롭지 않다)
하지만 요즘은 음식이란건 라면밖에 못끓이는 내가 집에서 귀찮아서 마늘도 넣지않고 맹물에 한꺼번에 김치, 돼지고기, 다시다 때려넣고 끓인 김치찌개보다 못한 집도 많이 있는데 놀랐다.
맛집이라는 곳에 갔더니 불쾌한 단맛으로 기분 상한곳도 있었다.
반면 여긴 내가 생각하고 알고있는 김치찌개라는 것을 내놓는 곳 중 하나.

- 계란말이
큼직. 두툼. 식감좋고. 정말 맛있게 잘 부쳐졌다.
잉~??!! 치즈가 들어있다.
그런데 이 저질 치즈가 맛을 망가뜨린다.
이렇게 잘 만드는데 왜 굳이 치즈를 넣었는지...
*치즈를 쓰지 않거나 저렴한 저질 치즈가 아니고 제대로 된 치즈를 사용했다면 평가가 달라졌을 것같다.",3
한옥집김치찜 서대문본점,"김치찜은 별로 안좋아하는데요. 
여기는 일본 친구들도 좋아하네요.",4
한옥집김치찜 서대문본점,"곰팡이 핀 물수건을 받았을때 놀랐고, 위생 상태를 지적하자 심드렁한 반응에 다시 한번 놀랐다. 맛을 떠나 이런 위생관념을 가진 식당의 주방이 어떨지는 떠오르니  돈주고 다시 올곳은 못된다 생각된다.",1
한옥집김치찜 서대문본점,추억의 맛집,4
한옥집김치찜 서대문본점,"서대문 전철역 근처 김치찜이 유명한 곳입니다.
점심 때는 식사를 하는 사람들로 
웨이팅이 많다고 들었는데, 
평일 저녁은 조금 일찍 가면 
자리를 잡을 수 있습니다.
저녁에는 술안주로 김치찜과 
국물을 원하는 분들은 김치찌개를 
같이 많이 주문하는 것 같습니다.
하지만 TV에 나온 것 만큼이나 
소문만큼 맛있는 지는 잘 모르겠지만, 
보통 이상의 맛은 됩니다.
보통 손님이 많은 집들이 그렇듯이
직원분들의 친절을 기대하지는 
않는 것이 좋습니다.
그도 그럴듯이 정신없이 바쁘고
약간 시장통 같은 어수선함이 있습니다.",3
한옥집김치찜 서대문본점,김치찜 생각 날때면 여기로^^,4
한옥집김치찜 서대문본점,"찌개보다 찜이더 맛남 사실 찌개는 별로임....찜에 고기가 예전같지 않음 퍽퍽함.. 보통 둘이 가서 하나하나 시켜먹음
찜에 김치는 아직까진 맛있음",3
한옥집김치찜 서대문본점,기대 안하고 가면 존맛탱,4
한옥집김치찜 서대문본점,요즘 이만한곳은 많다,2
한옥집김치찜 서대문본점,위생이 좀 안좋았지만 맛은 있었음,3
한옥집김치찜 서대문본점,"김치찜 맛있게 먹었어요, 엄청 빨리나와요",5
한옥집김치찜 서대문본점,"가격대비 맛은 그냥... 짜고, 싱겁고 그냥 아는 김치찜가게 가서 먹는게 나은것 같아요.... 한번은 유명하니까 궁금해서 가는 집? 두번은 안 가고 싶은 가게 인것 같아요.",1
한옥집김치찜 서대문본점,"분명 이거보다 더 맛있을 수 있을 것 같은데 싶은 맛
그냥 김치찜임 그냥... 자리는 불편함 위생 별로임",2
한옥집김치찜 서대문본점,여기가 왜..?,1
한옥집김치찜 서대문본점,오래된 집이 딱 그 퀄리티로 음식이 나오는 것만도 점수줄만함.,4
한옥집김치찜 서대문본점,"김치맛 무엇??? 묵은지맛이 이상하고, 사장 불친절",1
한옥집김치찜 서대문본점,완전 비추 오래전에 이용했던 사람으로  고기는 손가락 2마디정도 주면서 가격은 8천원 받음 그리고 계란말이도 같은 가격인데 예전에 비해 특색없는 일반 계란말이임 그리고 기본 반찬인 김은 눅눅해서 먹기에 불편하고 여름에는 더운데 오래되서인지 건물내부가 눅눅하고 냉방장치가 작동을 안하는지 매우 더움,1
한옥집김치찜 서대문본점,남편이 말했다. 니가 해주는 게 낫다. 나도 그렇게 생각함ㅋ,1
한옥집김치찜 서대문본점,아~~~! 옛날이여!,2
한옥집김치찜 서대문본점,그냥 집에서 해먹는게 답입니다. 김치는 어디 강재로 익힌거 같고 .  음식퀄리티는 떨어지고 가격을 오르고 최악입니다. 청결도 별루이구여 친절은 가져다 버린지 오래되었습니다.,1
한옥집김치찜 서대문본점,김치는 시고 밥은 설익고 고기도 뭐 그냥 이네요. 이제 안갈렵니다.,2
한옥집김치찜 서대문본점,"설거지 수준 엉망
맛있으면 용서해주려고 했지만... 아웃☄️",1
한옥집김치찜 서대문본점,돼지고기를 좋아하지 않지만 여긴 맛있다,4
한옥집김치찜 서대문본점,"맛 가격 서비스 삼박자 모두 땡!!
그냥 추억속 맛집으로 남겼어야 했나봄ㅠ",2
한옥집김치찜 서대문본점,유명해지기 전엔 저렴한 가격도 하나의 메리트였을듯. 하지만 지금은 가격 많이 올림. 더워죽겠는데 에어컨도 꺼져있고 굳이 여길 다시 찾을 필요는 못느낌,1
한옥집김치찜 서대문본점,김치찜이 정말 맛있었어요 그러나 손님이 많아서 그런지 손님응대는 좀 별로였어서 별 하나 빼요,4
한옥집김치찜 서대문본점,"가격만오르구
맛이예전같지않음
초창기 김치찜 집이 없었을땐 독보적이엇으나..

직원들 응대도  별로 주인도 불친철
계산해도 아무 소리없음

초심을 잃은듯",2
한옥집김치찜 서대문본점,"맛은 있습니다! 하지만.. 가격도 금방 오르고...

9월에 8000원에서 10월에 8500원으로 500원이 올랐습니다.
거기다 라면사리도 이제는 1000원씩....

그리고 또 아주머니들이 너무 불친절해지셔서...ㅠㅠ.... 
아쉽습니다",3
한옥집김치찜 서대문본점,여기 아직 서비스 구리구나...ㅋㅋㅋ,1
한옥집김치찜 서대문본점,김치찜의 김치는 시고 고기는 퍽퍽합니다 고기 양도 많다고 보기 어렵네요 치즈가 들어간 계란말이는 나쁘지 않지만 가격을 생각하면 엄청 훌륭하다고 보긴 좀...,3
한옥집김치찜 서대문본점,"여기서 토요일 저녁 먹고 다음 날 아침부터 폭풍 설사...(그 사이에 밤에 특별히 먹은게 없어요. 밤부터 배가 뭔가 묵직하긴 했습니다.)
같이 먹은 남편도 다음 날 오후부터 발열 오한 동반..
둘다 일요일이라 병원을 못가고 있지만 장염인듯 한데,
먹을 때 잡채가 약간 감이 안좋았어요 ㅠㅠ 설마 했는데.. 
먹기 전 익힌 김치찜이나 계란말이는 문제 없었을거 같아요. 반찬 관리 잘 하셔야할 듯 합니다. 전 절대 다시 안가겠습니다..",1
한옥집김치찜 서대문본점,역시 불친절,1
한옥집김치찜 서대문본점,"맛집이라고 해서 갔는데, 여기 뭐임??

고기가 푸석푸석하고 생고기가 아님, 밥도 돌솥밥이 아님

맛도 없고 서비스도 엉망임

고기가 상태가 너무 안좋음

너무 맛없고 반찬도 언제 해놓은건지 맛이 없어서 놀랐음",1
한옥집김치찜 서대문본점,여사장 공주놀이하세요? 대답좀. 부탁드림,1
한옥집김치찜 서대문본점,한번가고 다시는 안가본 집. 차라리 집에서 만들어 먹는게 나을듯여,2
한옥집김치찜 서대문본점,"맛있는데 후기 당황 .. 제가 좋아하는 김치찜집
응대가 친절하진 않지만 기분 나빠 본적은 없움
여긴 배달시켜먹으면 안되요.. 무조건 가서 먹거나 큰 반찬통 챙겨서 포장해 먹는게 나아요 
배달 용기 바꿔주세요 배달용기 때문에 맛없게 느껴짐
아 그리고 머리카락 나온적 있어서 별하나 뺄게오",4
한옥집김치찜 서대문본점,"사장은 여전한가보네
어릴적 나에게 상처를주었던 사장모녀
십년이지나도 여전한가보다
불.친.절.이라는 단어도 여기서배웠지",1
한옥집김치찜 서대문본점,"이전 허름한 집에서 먹을 때
좋은 기억이 있어서 다시 찾아갔는데
리뉴얼(?) 된 후 별로 생각나지 않아졌습니다.",3
한옥집김치찜 서대문본점,"본인은 먹으러 가라고 추천하지는 않지만
여기는 맛이 예전보다 많이 바꿨어요.
여전에 한달에 한번은 갔는데.
김치와 고기가 맛이 따로 놀음",1
한옥집김치찜 서대문본점,"10여년 전에도 오늘도 여전히 불친절해서 기분 나쁨.
맛도 독보적이지 않은데 왜그리 불친절한지 이해안감.
집근처라 갔지만 일부러 찾아갈 맛집은 아님...",1
한옥집김치찜 서대문본점,"맛 평범. 
돈 버리지말고 그냥 가지마세요. 
정말 얼마나 막 대하는지 영상 찍어서 올리고 싶음
6명 갔는데  8인분 금액어치로 시키라고 강매. 
배불러서 6인분만 시킨다했더니 계속 더 시키라고 반복해서 깡패같이 말하고. 싫다는데도 계속 더 시키라 그러고. 
짝다리 짚고 껄렁껄렁한 표정으로 감옥살이 하는 큰 언니같은 표정과 말투. 
접시 내던지듯 놓고. 
반찬 더 달라고 잡채랑 오뎅접시 가리켰는데 오뎅만 주고
여길 왜 가지. 
별 하나의 반에 반에 반 주고 싶은데 (배는 찼으니까) 별이 하나씩이나 체크돼서 아쉽.",1
한옥집김치찜 서대문본점,"예전 한옥집에서 단골이였는데 
이사하고 진짜 너무 맛이없어요&hellip; 집에서 만들어먹을만큼도 못하네요..  이렇게 장사왜해요?ㅠ",1
한옥집김치찜 서대문본점,비싸고 맛 없고 지저분하고 불친절해요. 한식 찌개집인데 공기밥이 누렇고 쉰내납니다. 제발 서대문역 놀러오시는 분들 여기 가지 마세요.,1
한옥집김치찜 서대문본점,"예전에 자주 갔었는데 현재는 맛 자체도 그렇고 예전 보다 퀄리티가 떨어 진거 같아요.
많이 아쉽네요.",2
한옥집김치찜 서대문본점,"9천 5백원으로 올랐구요, 계말 강매 하지좀마세요...",3
한옥집김치찜 서대문본점,주차 하느라 동네를 두 번을 돌았네요. 차 끌고 가지 맙시다,3
한옥집김치찜 서대문본점,너무 불친절 해서 먹기 전에 나와버림...  앉아서 주문 했는데 일어나 저리 구석으로 가라고 귀찮은듯 손짓함. 바로 나와버림. 불친절은 아예 신경 안쓴다 싶은분 도전해 보시길... 음식 맛이고 나발이고 밥맛 떨어져서 나온사람으로 개비추함.,1
한옥집김치찜 서대문본점,"너무 짬, 위생 별로임",2
한옥집김치찜 서대문본점,혼자 갔다가 여자 종업원이 포장이냐고 물어서 먹고 간다니까 불만 가득한 표정으로 응대라더라구요.. 콩나물국 서빙을 국 없이 건더기만 받았어요.. 나중에 식사 도중 육수를 냄비째 국그릇에 쏟아 주시더라구요.. 혼밥하면서 죄지은 마음과 공포를 느낀건 처음이네요...,1
한옥집김치찜 서대문본점,"계란말이에서 기름 찌든맛
다 버렸어요",1
한옥집김치찜 서대문본점,"원조 김치찜다운 폼을 보여주는 곳입니다, 대신 고기는 처음에는 좋은데 가면 갈수록 좀 뻑뻑합니다. 계란말이도 안에 치즈도 있어서 맛있어요",3
한옥집김치찜 서대문본점,"불친철 끝판왕 다들 화가 나있음..
맛은 평범..",1
한옥집김치찜 서대문본점,예전에 카운터에 앉아있는 사람이 사장 딸래미인지 뭔지 모르겠는데 싸가지가 에베레스트 꼭대기에 있고 전화도 그 사람이받는지 모르겠는데 꼬우면 먹지 말든가 이런 투로.. 암튼 일하는 사람들도 다 집주인 닮아가는듯했음,1
한옥집김치찜 서대문본점,김치찜은 대박 맛있더라고요. 밥 두 그릇 먹었어요. 맛만 생각하면 별 다섯개인데 사장님이 너무 퉁명스럽고 냉냉해서 별 하나 뺐어요.,4
한옥집김치찜 서대문본점,"1. 주차할 수 있는 김치찜 식당이라고 해서 방문
2. 김치찜은 나쁘지 않음. 3명이 3인분 주문했는데 김치찜과 돼지고기 양이 적절함.  4/5점
3. 주문할께요 했더니 기다리세요 순서대로 받습니다라고 소리침. 왠지 감정이 느껴짐. 나쁜 일이 있었나..    3/5점
4. 계산하고 나감.  주차비할인권 받았어야 하는데 까먹음.  식당으로 돌아감. 주차비할인권 요청하니 나를 기억 못함. 10분 전에 계산하고 갔는데...  어디 앉았었냐, 영수증 보여달라 해서 영수증 보여줌. 주차비할인권 받음.  1/5점

6. 결론
ㅡ 음식은 평범. 평범하기도  어려운 세상이니 좋은 것 아닐까.
ㅡ 손님 대응은 내 마음에는 안듬. 어차피 주인 마음이니.  객이 주인에게 정을 요구하면 안되지.
ㅡ 네이버 평점은 걸러야 했음.",2
한옥집김치찜 서대문본점,"사장, 홀서빙 직원들 개념X, 서비스매너X 
다시는 가서 안 먹고 싶은맛(김치찜, 제공되는물, 반찬) 식사하라고 주는 것인지 밥양도 적음.

별한개도 아까움.",1
한옥집김치찜 서대문본점,"안에 자리가 많이 비어있어도 손님 안받음. 기다리면서 보니 아줌마가 그릇 떨어트렸는데 안씻고 그대로 그릇넣음. 안에 자리 있어도 안받고 아줌마들 느긋하게 일함. 심지어 주문받으러도 안옴. 주문한 계란말이는 안나옴. 계란말이 안나오냐고 물어봤는데 아줌마 대충듣더니 결국◡̈⋆* 더럽고 자리있어도 웨이팅 심하고 주문도 안받음.  주위에서도 주문한거 왜 아직도 안나오냐고 하는 이야기 듣다 나옴.
기분 나쁘게 음식을 드시고싶은 분은 가세요. 0점.",1
한옥집김치찜 서대문본점,"혼밥가능 가성비 킹
밑반찬 및 고기듬뿍
밥추가 무료",5
한옥집김치찜 서대문본점,i am 불만족.  next time 안감,1
한옥집김치찜 서대문본점,맛이 들쯕날쭉한건지 김치찜 조차 다른 리뷰와 다르게 최악이었어요.  소금을 들이 부운느낌이고 양도 둘이먹게 모자라구요. 불친절은 기본,1
한옥집김치찜 서대문본점,"소문난 집 치고는 평범.
김치찜이나 찌개는 대한민국인의 소울푸드라서 잘 하기가 쉽지 않은 메뉴인 것을 감안 하더라도 왜 유명한지 이해가 안가는 그저 그런 맛. 다시 가고 싶지는 않음.
바쁜집인 걸 감안하면 종업원들의 친절은 그냥 보통 수준.",3
한옥집김치찜 서대문본점,맛있어요 또 갈꺼예요,4
한옥집김치찜 서대문본점,워낙에 좋아하는 김치찜집,5
한옥집김치찜 서대문본점,일단 간이 세요. 짜고 들기름?도 많이 넣은 듯해요. 친절도 그닥... 처음이 마지막 방문이 될 듯해요,1
한옥집김치찜 서대문본점,"별 0개 가능하면 0개 주고싶음
옛날 한옥 김치찜 맛 생각하면 실망 하실수도있어요 
김치 등뼈찜 시켰는데 등뼈에선 누린내나고 그 냄새가 국물에도 베여서 국물자체도 맛이 없어짐. 
그리고 기본적으로 고기에 간도 안베고 국물에도 양념이 부족해서 너무 싱거웠어요.
몇몇 직원분들은 손님들한테 퉁명스럽고 주문해도 들은체 만체 하고.. 
너무 실망스러웠습니다.",1
한옥집김치찜 서대문본점,"고등학생 때 추억을 되살려볼까해서 방문.

그 추억이 철저히 유린되서 갈갈이 찢겨 짓밟힌 느낌.

(밑은 주절주절 쓰는 글)

-맛
맛이야 안먹은지 10년 이상 됬으니 추억보정에,
사회생활 하면서 여러가지 음식을 먹어봤으니 입맛이 변했다 치더라도
... 그냥 무난했음.(할말하않)


-서비스

개판이었음.

김치찜 고기 추가를 했는데 추가 고기 나온거냐고 물어보니까 자긴 모른다고 하고 그냥 가버림

그리고 바쁜건 알겠는데 종업원 짜증을 손님이 받아줘야될 필요가 있나?

리필 반찬을 자기가 놔주는 것도 아니고, 쟁반에서 빨리 안가져갔다고 짜증을 냄.


맛도 맛이지만 그 때 당시 식당이모님들이 친절하셔서 간 것도 있었었는데....



여튼 추억은 추억일 때 아름다운 것인걸 새삼스럽게 느끼게됨...",1
한옥집김치찜 서대문본점,진짜 무례함. 테이블 앉을 때부터 계산할 때까지 기분 나쁨ㅋㅋㅋ 자기 돈 내고 기분 더럽고 싶으면 가면 됨!,1
한옥집김치찜 서대문본점,"최악 불친절 딴데보고 지혼자말하고
포장은 딸랑 찌게 뿐이고 양도 적다니
참...
곧망할듯",1
한옥집김치찜 서대문본점,"왜 돈주고 불친절을 경험하지? 
여기는 돈을 준다해도 가기 싫은곳 
이 집은 맛보다 서비스개판으로 더 유명함",1
한옥집김치찜 서대문본점,"40대 남자 직원, 이 자는 도대체 무슨 배짱으로 주둥이를 그리 건방지게 놀리는 건지! 이런 식당은 진작에 망했어야 한다! 갑과 을이 바뀌어도 유분수지, 손님을 손놈 취급 하네! 돈도 시간도 아깝고, 입맛마저도 아깝다! 에라이~!!",1
한옥집김치찜 서대문본점,50대 남자. 직원인지 주인인지  모르겠지만 무례함이 하늘을 찌름. 먹지않을 반찬이있냐고  반찬깔린후 물으며 안먹으면 미리빼겠다며 시건방지게 말해서 입맛이 싹 떨어짐.  먹는중 같은 직원 나이많은 이모님 야단치며 지시함..옆테이블 손님이 달걀말이가 나오지 않았다고 말하니 순서를 기다리라고 (입다물고 있으라는듯)소리침.고기는 말라붙고 김은 눅눅해서 찌들고   먹을 반찬도 없음. 가지마세요!!,1
한옥집김치찜 서대문본점,"여긴 맛도 변했지만 갈때마다 느끼는게 쌀밥이 너무 맛이없음
이것만 봐도 뭔가 음식에 대한 이해도가 떨어지는 집같음
반찬 하나가지고 밥 장사하는데면 밥이 맛있어야하는데 오래된 밥 느낌나는 맛없는 밥&hellip; 그래서 안 가거나 가더라도 포장해와서 집에서 한 밥으로 먹음",1
한옥집김치찜 서대문본점,"다른 후기처럼 불친절 그리고 짜요
김치찜 고기는 맛있는데 김치가 너~무 짭니다",1
한옥집김치찜 서대문본점,카운터에 있는 아줌마 어이없음. 계산하려고 카운터에서 한참 기다리고 있는데 안쪽 테이블 쪽에서 남자손님들이랑 같이 우르르 나오더니 우리보고 순서대로 계산한다고 기다리라며 그 남자분들 먼저해줌. 달걀말이도 밥 다 먹을때까지 안나와서 그냥 가려고했다가 다시 얘기해서 계란만 먹었는데 완전 어이없음.,1
한옥집김치찜 서대문본점,"우와 어떻게 댓글에 칭찬하나가 없죠?
내일 가보려다가 댓글보고 거릅니다
굳이 찾아가서 험한꼴?당하면 하루종일 기분이 더럽죠ㅎㅎㅎㅎ
댓글의 순기능ㅎㅎ
당하신분들한테는 죄송하지만
덕분에 사람 하나 살리셨습니다
맛을 떠나 불친절한 가게는 망해도 싸죠ㅋ",1
한옥집김치찜 서대문본점,"이전하기전 한옥집갔을때 외국인 알바쓰는데 알바들한테 엄청 머라고하고 소리지르고 하대하고 
먹고 있는데 불편해가지고 
그때 느꼈는데 직원들이 웃으면서 일할 수 없는 환경인듯 이런 후기평점 나올줄 알았음",1
한옥집김치찜 서대문본점,"불친절의 끝판왕. 
반찬을 달라고 하면 쳐다보지도 않고 대답도 안하고 안 줌. 2번 이상 말해야 줌. 틱틱거리는 말투. 왜 장사가 잘되는지 모르겠음 굉장히 실망스러움.",1
한옥집김치찜 서대문본점,"구 건물에 있을 때 몇 번 가봤었는데, 전 그냥 보통 음식점에서 먹던 것과 크게 다른 점은 모르겠던군요.
막걸리를 한 번 먹어보고 싶었는데, 아직 못먹었네요.",3
한옥집김치찜 서대문본점,"예전 한옥집에서
도보5분 거리로 이전
그러나...but...
맛은 
그때 그시절 그대로~♡",4
한옥집김치찜 서대문본점,"옛날 느낌으로 먹으러 갔는데 돈주고 먹기 아깝네요
왜 인기가 있는지 모르겠어요 손ㄴㅁ한테 너무 불친철합니다",2
한옥집김치찜 서대문본점,"20년만에 재방문하게 되어 기대가 컷으나....주문도 5분 넘어 소리 질러 주문을 하고, 주문을 받는 것도 주방에 서서 주문을 하란다! 헐~~맛도  별루고 불친절, 위생상태도 영~~~아니었다.",1
한옥집김치찜 서대문본점,"옮기기 전 한옥집 김치찜 맛을 다시 느껴보려 재방문했는데 최악이네요.
안쪽 자리 많은데 굳이굳이 문 앞에 밀집시켜놓고, 옆 사람이 계속 기침하시길래 조용히 자리 좀 옮겨도 되냐 하니까 왜요? 여기 앉으시지. 하면서 강요.. 반찬 주실 때도 내던지시고 고기양도 적음(2인분입니다)
맛있다고 큰소리 치고 지인 데리고 왓는데 불친절함에 기분 상하고 갑니다. 지인한테 미안하네요.",1
한옥집김치찜 서대문본점,맛있어요.,5
한옥집김치찜 서대문본점,맛있어요 추천,4
한옥집김치찜 서대문본점,"맛있고 쌉니다 
가게가 좁고 분위기가 험악한게 단점입니다 
웨이팅 손님이 밖에 있다가 안에 들어오니 소리지르면서 나가 있으라고요!!!! 이러고 
뼈찜인가 서빙하다가 그 테이블 손님하고 부딫힐뻔 했는지 소리를 쀅 지르는데 가게안의 모든 사람이 놀랐습니다 

음식이 서빙될 때는 알리면서 오는게 기본이죠 
진짜 분위기 살벌합니다",1
한옥집김치찜 서대문본점,"양 많고 맛있었음
계란말이는 비싼편
공간이 너무 협소하고 테이블이 좁음",3
한옥집김치찜 서대문본점,매번 갈때마다 너무 맛있어요!!,5
한옥집김치찜 서대문본점,돈 벌기 시작하면서 사장 사모 마인드가 개판되더니 세상 친절하시던 이모들도 죄다 딴사람 된듯. 내 추억 돌리도~~,1
한옥집김치찜 서대문본점,김치찜은 신김치 느낌! 고기가 생각보다 부드러웠고 지방이 없어 좋음. 김치찌개는 1인분도 냄비에 담겨오고 사리도 줌. 진한 국물은 아니고 조금 신 맛이 덜돔. 계란말이는 치즈가 너무 많지 않아 괜찮음. 전반적으로 엄청 맛있는건 아닌데 엄청 부족하지도 않은 느낌? 그냥저냥 쏘쏘. 직원분들이 좀 틱틱거리긴 하는 거 같은,3
한옥집김치찜 서대문본점,"서비스는 최악입니다. 아이들하고 갔는데 4살짜리 애꺼까지 시키라고 함.. 맛도 그저그래요.
인지도에 비해 그닥입니다",3
한옥집김치찜 서대문본점,한옥에 있을 때부터 점점 맛이 없어지더니 결국 이렇게 되었네요..처음 먹었을 때 참 맛있었는데 아쉽네요.,1
한옥집김치찜 서대문본점,"주인아주머니가 너무 불친절해용
다신 안가용",1
한옥집김치찜 서대문본점,진짜 별로 다신안감,1
한옥집김치찜 서대문본점,"이전에 한옥에서 영업할 때와 맛이 크게 달라졌고, 무엇보다 모든 직원이 아주 퉁명스럽고 불친절합니다. 옆테이블의 손님들 중, 온도계 체크를 깜빡한 사람의 일행에게 '안했대잖아요!'라고 따지듯 말하거나, 테이블 위치 변경을 원하는 커플의 자리이동을 막기 위해 테이블을 닦아주지 않거나, 서빙할 때 다른 테이블의 부름을 계속 무시하는 등의 행위가 지속됐습니다.
다시 오고 싶지 않네요.",1
한옥집김치찜 서대문본점,고기가 질겨요 가성비가 좋지 않은거 같습니다,1
한옥집김치찜 서대문본점,주인이 기본안되어있으니 종업원 써비스도 엉망,1
한옥집김치찜 서대문본점,맛은 기가막히고 코가막힙니다 역시본점에서 김치찜을 시킨후 김에 김치와 고기을 언저서 입에 넣는 그맛이 개운함에 끝판왕 입니다,5
한옥집김치찜 서대문본점,싱거움,3
한옥집김치찜 서대문본점,김치찜 굿,4
한옥집김치찜 서대문본점,영업시간 10:00~22:00,4
한옥집김치찜 서대문본점,김찌찜 굿,4
한옥집김치찜 서대문본점,고기도맛나고 김치도맛나고,5
한옥집김치찜 서대문본점,김치찜 이보다 좋을순 엄따^^,5
한옥집김치찜 서대문본점,"너무 강한 신맛, 신맛 좋아하지 않는 사람에게는 안맞음",2
한옥집김치찜 서대문본점,&bull; 김치찜 쵝오!!,5
한옥집김치찜 서대문본점,"묵은지의 예술. 
김치찜. 김치찌게. 계란말이. 1인분씩 시켜 네명이 먹어도 남을 양. 막걸리 한잔이랑 먹기 정말 좋다. 

절대 떡갈비는 먹지 말 것.",5
한옥집김치찜 서대문본점,김치가 맛있으니 김치찌게가 맛있을수밖에...,3
한옥집김치찜 서대문본점,김치찜 이보다 좋을순 엄따^^,5
한옥집김치찜 서대문본점,김치찌개.,4
한옥집김치찜 서대문본점,제대로 된 김치찜을 맛볼 수 있었음,5
한옥집김치찜 서대문본점,김치찜 8천원.김치찌개 8천원.김치등뼈찜(소대) 2만5천~3만5천원.달걀말이 7천원.떡갈비 7천원/10:00~22:00/주차-감리교회신학대학교 주차장/Since 2003년/tvN 수요미식회 &quot;김치찜&quot;편에 소개된 식당,5
한옥집김치찜 서대문본점,"어제 9월17일 저녁시간에 방문했습니다
솔직히 맛은 한번 먹어볼만한데
다시 방문하고 싶진않더군요
찌개 다 먹어가는데 밥 반찬 사리 아무것도 안나오고
다른테이블 음식이 잘못 서빙됐는지
직원이 다른직원한테 큰소리로 나무라면서 짜증내고
홀에서 일하는 직원들이 안쓰럽더군요
마지막으로 계산하는 40~50대 아주머니까지
기대를 져버리지않고 손님들한테 짜증내는 불쾌한말투로
겨우 주차권하나 얻어왔네요
한 마디 할려다가 참았습니다
맛이 궁금한분들은 한번가보는건 나쁘지않은데
어른들 모시고 갈만한 자리는 아니고
식사시간 피해서 한 번 가보세요",1
한옥집김치찜 서대문본점,흰쌀밥 원 앤 하프 공기 클리어,4
한옥집김치찜 서대문본점,전통의 노포. 김치찌개와 김치찜을 같이 시키는게 정석. 찌개는 평타지만 찜이 최고이므로 별 다섯개.,5
한옥집김치찜 서대문본점,"너무 강한 신맛, 신맛 좋아하지 않는 사람에게는 안맞음",2
한옥집김치찜 서대문본점,&bull; 김치찜 쵝오!!,5
한옥집김치찜 서대문본점,"묵은지의 예술. 
김치찜. 김치찌게. 계란말이. 1인분씩 시켜 네명이 먹어도 남을 양. 막걸리 한잔이랑 먹기 정말 좋다. 

절대 떡갈비는 먹지 말 것.",5
한옥집김치찜 서대문본점,김치찜 8천원.김치찌개 8천원.김치등뼈찜(소대) 2만5천~3만5천원.달걀말이 7천원.떡갈비 7천원/10:00~22:00/주차-감리교회신학대학교 주차장/Since 2003년/tvN 수요미식회 &quot;김치찜&quot;편에 소개된 식당,5
한옥집김치찜 서대문본점,제대로 된 김치찜을 맛볼 수 있었음,5
한옥집김치찜 서대문본점,"맛, 가성비 괜찮은데 친절이 괜찮지 않은집",4
한옥집김치찜 서대문본점,그맛 아직 기역나네요,4
한옥집김치찜 서대문본점,잘 익힌 돼지고기에 신 김치 한조각. 어흐~,5
한옥집김치찜 서대문본점,"짜요 짜
하지만 그것 자체가 맛 아니겠습니까.
김치찌게는 1인분만 시켜도 되겠더라구요.",3
한옥집김치찜 서대문본점,흰쌀밥 원 앤 하프 공기 클리어,4
한옥집김치찜 서대문본점,유명해지기 전엔 저렴한 가격도 하나의 메리트였을듯. 하지만 지금은 가격 많이 올림. 더워죽겠는데 에어컨도 꺼져있고 굳이 여길 다시 찾을 필요는 못느낌,1
한옥집김치찜 서대문본점,김치찜이 정말 맛있었어요 그러나 손님이 많아서 그런지 손님응대는 좀 별로였어서 별 하나 빼요,4
한옥집김치찜 서대문본점,"가격대비 맛은 그냥... 짜고, 싱겁고 그냥 아는 김치찜가게 가서 먹는게 나은것 같아요.... 한번은 유명하니까 궁금해서 가는 집? 두번은 안 가고 싶은 가게 인것 같아요.",1
한옥집김치찜 서대문본점,"김치찜 맛있게 먹었어요, 엄청 빨리나와요",5
한옥집김치찜 서대문본점,위생이 좀 안좋았지만 맛은 있었음,3
한옥집김치찜 서대문본점,요즘 이만한곳은 많다,2
한옥집김치찜 서대문본점,기대 안하고 가면 존맛탱,4
한옥집김치찜 서대문본점,"어제 9월17일 저녁시간에 방문했습니다
솔직히 맛은 한번 먹어볼만한데
다시 방문하고 싶진않더군요
찌개 다 먹어가는데 밥 반찬 사리 아무것도 안나오고
다른테이블 음식이 잘못 서빙됐는지
직원이 다른직원한테 큰소리로 나무라면서 짜증내고
홀에서 일하는 직원들이 안쓰럽더군요
마지막으로 계산하는 40~50대 아주머니까지
기대를 져버리지않고 손님들한테 짜증내는 불쾌한말투로
겨우 주차권하나 얻어왔네요
한 마디 할려다가 참았습니다
맛이 궁금한분들은 한번가보는건 나쁘지않은데
어른들 모시고 갈만한 자리는 아니고
식사시간 피해서 한 번 가보세요",1
한옥집김치찜 서대문본점,"찌개보다 찜이더 맛남 사실 찌개는 별로임....찜에 고기가 예전같지 않음 퍽퍽함.. 보통 둘이 가서 하나하나 시켜먹음
찜에 김치는 아직까진 맛있음",3
한옥집김치찜 서대문본점,김치찜 생각 날때면 여기로^^,4
한옥집김치찜 서대문본점,"서대문 전철역 근처 김치찜이 유명한 곳입니다.
점심 때는 식사를 하는 사람들로 
웨이팅이 많다고 들었는데, 
평일 저녁은 조금 일찍 가면 
자리를 잡을 수 있습니다.
저녁에는 술안주로 김치찜과 
국물을 원하는 분들은 김치찌개를 
같이 많이 주문하는 것 같습니다.
하지만 TV에 나온 것 만큼이나 
소문만큼 맛있는 지는 잘 모르겠지만, 
보통 이상의 맛은 됩니다.
보통 손님이 많은 집들이 그렇듯이
직원분들의 친절을 기대하지는 
않는 것이 좋습니다.
그도 그럴듯이 정신없이 바쁘고
약간 시장통 같은 어수선함이 있습니다.",3
한옥집김치찜 서대문본점,김치가 맛있으니 김치찌게가 맛있을수밖에...,3
한옥집김치찜 서대문본점,"곰팡이 핀 물수건을 받았을때 놀랐고, 위생 상태를 지적하자 심드렁한 반응에 다시 한번 놀랐다. 맛을 떠나 이런 위생관념을 가진 식당의 주방이 어떨지는 떠오르니  돈주고 다시 올곳은 못된다 생각된다.",1
한옥집김치찜 서대문본점,"김치찜은 별로 안좋아하는데요. 
여기는 일본 친구들도 좋아하네요.",4
한옥집김치찜 서대문본점,맛은 기가막히고 코가막힙니다 역시본점에서 김치찜을 시킨후 김에 김치와 고기을 언저서 입에 넣는 그맛이 개운함에 끝판왕 입니다,5
한옥집김치찜 서대문본점,"(3.6점) 2018. 04. 22.
맛집이라고 해서 어마어마한 맛을 기대하기 보다는 예전 느낌으로 내가 생각했던 음식을 해주는 식당.

2002년 개업 당시에는 생삼겹살과 김치찌개를 취급했다는데, 현재는 김치찜으로 더 많이 알려진 집이라고 한다.
그렇지만 사실 여기가 가지고 있는 어마무시한 명성은 체감은 잘 못했다.
괜찮게 잘 먹었지만 호들갑 떨 정도로 대단히 특별한 맛이라고 느껴지진 않는다.
(맛이 예전만 못하다는 사람들도 있다)
그렇지만 내 짧은 경험상 요즘 이정도 하는 집도 그리 많지는 않다.
내가 예전에 먹었던, 내가 생각했던 음식을 내는 곳.
내 기준에선 3.5점 이상으로 맛집이다.

외관은 딱 봐도 옛날 기와집 느낌!
3채의 한옥집을 합쳐서 개조했다는 내부.
신발을 벗고 들어가야 한다.
약간 미로식으로 방들이 배열되어 있다.
김치찜이나 김치찌개가 1인분씩도 가능.
손님 많고 바쁜 식당들은 보통 기본 2인분이던데 참으로 바람직하다.
​그렇다면 사이좋게 찌개, 찜 하나씩 주문해야^^

- 김치찜
저렴해 보이는 고기에 푹 익은 김치랑 같이 쪄서 투박하게 내어주는 한 접시.
이런게 바로 김치찜이지!
이런 걸 원했는데 왜 다들 김치찜 집이라고 가면 다 김치찌개가 나오는지!
(뱅뱅사거리 근처에선  &lsquo;두루치기&rsquo;라고 써놓고 김치찌개를 내주는 곳도 있었다)
뭔가 양이 적어 보이지만 먹어보니 딱 1인분이다.
뭔가 특별한 맛이 있다고 느껴지진 않았지만 충분히 고기랑 잘 어우러진다.
같이 간 사람은 김치가 좀시다고 한다.
조금만 신맛이 덜하면 더 맛있겠다고 하는데, 아니~ 난 이정도 신맛도 나름 좋아!! ^0^
고기에 비계는 거의 없고 대부분 살코기.
고기가 부드럽긴한데 김치와 돼지비계의 조화를 느낄 수 없어서 아쉽지만 잡내도 크게 없고 부들부들해서 나름 괜찮다.

- 김치찌개
동행한 사람은 김치찜보다 김치찌개가 더 맘에 든다고 한다.
김치찌개에서 나와 생각이 같은 부분은 고기가 좀 더 많았으면...
부족한 육수 부탁드리고 라면사리 뿅~
사실 우리가 김치찌개 못해서 김치찌개 집 가는거 아니다. 김치가 맛있으면 당연 맛있는 거고, 중국산 김치도 나름 괜찮고, 고기 많이 주면 흡족하고, 목살 쓰면 더 맛있고.
예전엔 김치찌개는 보통 고기서 고기였다.
고기가 많이 들어가면 맛있는 곳이었다.
왜냐하면 예전엔 어디서나 김치찌개를 먹든 웬만큼 먹을만 했기 때문이다.
(난 만원 이하의 음식에 너무 큰 기대를 하지 않는다. 
게다가 섬세한 미각을 소유한 미식가도 아니어서 음식에 그렇게 까다롭지 않다)
하지만 요즘은 음식이란건 라면밖에 못끓이는 내가 집에서 귀찮아서 마늘도 넣지않고 맹물에 한꺼번에 김치, 돼지고기, 다시다 때려넣고 끓인 김치찌개보다 못한 집도 많이 있는데 놀랐다.
맛집이라는 곳에 갔더니 불쾌한 단맛으로 기분 상한곳도 있었다.
반면 여긴 내가 생각하고 알고있는 김치찌개라는 것을 내놓는 곳 중 하나.

- 계란말이
큼직. 두툼. 식감좋고. 정말 맛있게 잘 부쳐졌다.
잉~??!! 치즈가 들어있다.
그런데 이 저질 치즈가 맛을 망가뜨린다.
이렇게 잘 만드는데 왜 굳이 치즈를 넣었는지...
*치즈를 쓰지 않거나 저렴한 저질 치즈가 아니고 제대로 된 치즈를 사용했다면 평가가 달라졌을 것같다.",3
한옥집김치찜 서대문본점,"맛은 있습니다! 하지만.. 가격도 금방 오르고...

9월에 8000원에서 10월에 8500원으로 500원이 올랐습니다.
거기다 라면사리도 이제는 1000원씩....

그리고 또 아주머니들이 너무 불친절해지셔서...ㅠㅠ.... 
아쉽습니다",3
한옥집김치찜 서대문본점,김치찜,4
한옥집김치찜 서대문본점,다른거 시키지말고 그냥 김치찜 먹는게 젤 나은듯. 김치와 고기가 야들야들하고 살짝 짠데 자극적이지 않음. 근처 갈일 있으면 먹을만하고 굳이 찾아가서 먹을정도로 특별하지는 않음,4
한옥집김치찜 서대문본점,ㄱ,2
한옥집김치찜 서대문본점,싱거움,3
한옥집김치찜 서대문본점,오모리와 비슷한맛~ 근데 비쌈~암튼 맛은 있음,4
한옥집김치찜 서대문본점,추억의 맛집,4
해담채 시청점,회식장소,5
해담채 시청점,"음... 자주 가는 편인데.. 예약 할 때 전화 좀 친절하게 받으세요.

솔직히.. 낮은 가격대는 아니잖아요.  프라이빗을 .. 원해서 가는거지.. 
음식도 .. 괜찮고.. 방문시 대응이 나쁜건 아닌데.. 전화 받으시는거 왜 이렇게 불친절 하시죠?
너무 기분 나빠서 가기 싫어질 정도네요....  오지 말라는 뜻인데 제가 눈치가 없는건가요?",1
해담채 시청점,"음식 사진은 찍지 못했네요.
접근성 좋고 조용한 모임에 좋네요.
코스요리 깔끔하게 나오네요.",3
해담채 시청점,마시써여,5
해담채 시청점,"후기에 친절도에 관한 이야기가 좀 있는데  저는 오히려 너무 과하다싶게 친절함을 느꼈습니다   전화응대도 좋았고   예약하면서 몇번 전화했는데 불친절을 느끼진 못했습니다   
배부르게 맛있게 먹었습니다",5
해담채 시청점,여기 정말 전화 응대 개판이네~  직원 교육좀 똑바로 시키세요...!!!!!,1
해담채 시청점,"해초 특이함

가끔와서 입맛전환하기 좋음",4
해담채 시청점,건강하게 배부른 한끼! 해담채 정식 맛있네요 정식은 룸에서 먹을 수 있어서 좋아요,5
해담채 시청점,공간이 넓어서 회식하기엔 좋음.,2
해담채 시청점,직원들이 이루말할수없이 불친절합니다,1
해담채 시청점,저녁 주방장 특선 먹었어요 종류도 다양하고 양도 많아서 마지막까지 너무 배부르게 먹었고요 직원분들 엄청 친절하시고 해초랑 같이 먹으니까 건강하게 먹는것 같아서 좋았어요~ (ˊ&sigma;̴̶̷̤⌄&sigma;̴̶̷̤ˋ).♡*.,5
해담채 시청점,"장점
- 전화 예약, 현장 응대 모두 직원들은 아주 친절했음 (불친절은 전혀 느끼지 못했음)
- (옆방 소음이 좀 들리지만) 프라이버시가 보장됨

단점
- 음식이 너무 실망스러움. 굴비 정식을 주문했는데, 전반적으로 신선도,맛 등 어느 것 하나 좋은 점수를 줄 수 없었음 (심지어 밥도 양이 적고 찰기가 없었음)

후기 보고 갔다가 실망만 했습니다. 개인적으로 다시 갈 일은 없을 것 같네요.",1
해담채 시청점,저녁 주방장 특선 먹었어요 종류도 다양하고 양도 많아서 마지막까지 너무 배부르게 먹었고요 직원분들 엄청 친절하시고 해초랑 같이 먹으니까 건강하게 먹는것 같아서 좋았어요~ (ˊ&sigma;̴̶̷̤⌄&sigma;̴̶̷̤ˋ).♡*.,5
해담채 시청점,음식들이 재사용 음식들인것 처럼 신선함이 없고 우동사리 경우 퍼져서 먹을수가 없는 정도였음. 정신차려야 할듯,1
해담채 시청점,사장님도 엄청 친절하시고 동네에 편의점이 있어 너무 이용하기 편리해요,5
해담채 시청점,분위기 좋고 단체로 먹을만한곳,5
해담채 시청점,모임하기에 위치도 좋고 방도 넓으나 정식으로 주문한 음식의 양과 질이 너무 실망스러움. 특히 소주와 맥주가 7천원과 8천원이었는데 지나치게 비싼듯.,2
해담채 시청점,"장점
- 전화 예약, 현장 응대 모두 직원들은 아주 친절했음 (불친절은 전혀 느끼지 못했음)
- (옆방 소음이 좀 들리지만) 프라이버시가 보장됨

단점
- 음식이 너무 실망스러움. 굴비 정식을 주문했는데, 전반적으로 신선도,맛 등 어느 것 하나 좋은 점수를 줄 수 없었음 (심지어 밥도 양이 적고 찰기가 없었음)

후기 보고 갔다가 실망만 했습니다. 개인적으로 다시 갈 일은 없을 것 같네요.",1
해담채 시청점,점심 특정식 기준 딱히 맛있는 음식이 없었어요. 회사사람들과 약간의 격식있는 식사하기에는 나쁘지않은듯 합니다,2
해담채 시청점,회식장소,5
해담채 시청점,공간이 넓어서 회식하기엔 좋음.,2
해담채 시청점,"음... 자주 가는 편인데.. 예약 할 때 전화 좀 친절하게 받으세요.

솔직히.. 낮은 가격대는 아니잖아요.  프라이빗을 .. 원해서 가는거지.. 
음식도 .. 괜찮고.. 방문시 대응이 나쁜건 아닌데.. 전화 받으시는거 왜 이렇게 불친절 하시죠?
너무 기분 나빠서 가기 싫어질 정도네요....  오지 말라는 뜻인데 제가 눈치가 없는건가요?",1
해담채 시청점,"음식 사진은 찍지 못했네요.
접근성 좋고 조용한 모임에 좋네요.
코스요리 깔끔하게 나오네요.",3
해담채 시청점,마시써여,5
해담채 시청점,"후기에 친절도에 관한 이야기가 좀 있는데  저는 오히려 너무 과하다싶게 친절함을 느꼈습니다   전화응대도 좋았고   예약하면서 몇번 전화했는데 불친절을 느끼진 못했습니다   
배부르게 맛있게 먹었습니다",5
해담채 시청점,여기 정말 전화 응대 개판이네~  직원 교육좀 똑바로 시키세요...!!!!!,1
해담채 시청점,"해초 특이함

가끔와서 입맛전환하기 좋음",4
해담채 시청점,직원들이 이루말할수없이 불친절합니다,1
해담채 시청점,건강하게 배부른 한끼! 해담채 정식 맛있네요 정식은 룸에서 먹을 수 있어서 좋아요,5
해담채 시청점,음식들이 재사용 음식들인것 처럼 신선함이 없고 우동사리 경우 퍼져서 먹을수가 없는 정도였음. 정신차려야 할듯,1
해담채 시청점,사장님도 엄청 친절하시고 동네에 편의점이 있어 너무 이용하기 편리해요,5
해담채 시청점,분위기 좋고 단체로 먹을만한곳,5
해담채 시청점,모임하기에 위치도 좋고 방도 넓으나 정식으로 주문한 음식의 양과 질이 너무 실망스러움. 특히 소주와 맥주가 7천원과 8천원이었는데 지나치게 비싼듯.,2
해담채 시청점,점심 특정식 기준 딱히 맛있는 음식이 없었어요. 회사사람들과 약간의 격식있는 식사하기에는 나쁘지않은듯 합니다,2
현대수산,숙성회 굳,5
현대수산,그저 그래요,1
현대수산,식감이 좋은 숙성회와 군더더기 하나 없는 스끼다시의 구성은 완벽하지만 다소 일방적인 운영방식과 여종업원의 오버는 옥에티다.,4
현대수산,쵝오 맛나요.. 술이술술~,5
현대수산,약간 시끄러우나 회맛은 굿굿~~!!,5
현대수산,"메뉴 고민할거없이 코스가 빠르게 나와서 좋아요! 회가 두툼해서 식감이 아주 좋아요:) 다소 시끄럽긴 합니다,,,,",5
현대수산,"지도 정보 수정 부탁드립니다
가격표가 지도 정보와 달라요",1
현대수산,가격만 어이없이 비싸고 개인적으로 비추임,1
현대수산,소주6천원,1
현대수산,맛은 있는데 비싸고 항상 자리가 없네요 ㅎㅎ,4
현대수산,"특을 시켜 먹었는데, 다 먹고 나면 맛은 있었다는 생각은 드는데 회는 많이 못먹었다는 느낌이 들었습니다.",4
현대수산,"회는 무조건 여기서만 먹게되요
현대수산만의 쫀득쫀득한 광어회의 식감이 너무 좋네요",5
현대수산,직원들이 친절하고 음식이 맛있어요. 숙성회 전문점이라 회가 좋네요!!!!!,5
현대수산,회 질이 좋더라구요! 중간에 소맥이모 이벤트 덕에 즐거웠어오 :),5
현대수산,저녁에 방문해서 먹었는데  깨끗하고 음식도 신선하고 다 맛있고 직원분들이 엄청 친절합니다. 100%만족합니다~~ 재방문 꼭 할꺼에요! 최고!,5
현대수산,진짜 너어무 맛있게 먹었고 사장님 친절하고 상냥하세요 🩷 잘되는 곳은 이유가 있음,5
현대수산,구성은 좋은데 가성비가 살짝 아쉬움,4
현대수산,"가장 좋아하는 횟집! 가성비, 서비스, 음식 맛 모두 일품입니다!",5
현대수산,"회도 넘 맛있고 직원분들도 친절해서 늘 다시 방문하고 싶은 곳 입니다.
주위 분들에게 추천해서 다들 단골이 되었어요^^",5
현대수산,"양많고 두툼한데 숙성잘돼서 쫀득하고 맛나요. 음식이 다 맛깔나요. 포장마차st느낌나는데 음식은 흠잡을데 없음. 이정도인데 가격도 저렴한거 같고요. - 21.12.09

중간에 몇번 또 갔었는데 SK리쳄블로 옮기더니 완전 환골탈태 됐습니다. 이렇게 멀쩡하고 깨끗하게 하실수 있었으면서 어떻게 그 포장마차로 운영하신건지 신기할 따름. 규모 완전더 커지고 깨끗해졌어요. 메뉴판도 깔끔해졌고 전에 식전국으로 홍합국물 주시던걸 아예 매운탕 국물로 바꾸시고, 마무리 음식을 매운탕에서 해물라면으로 바꿨네요. 구성이 더 좋아진듯 합니다. - 23.11.27",5
현대수산,여기 진정맛집입니다. 가격이 조금 올랐지만 깨끗한곳으로 이전하고 양도 진짜많아요.회식장소,5
현대수산,코스요리,5
현대수산,"라면 맛집
구성이 예전보다 부실해진 느낌 느낌",4
현대수산,"1인당 41,000원 특생선회인가? 둘이 먹었음.
회가 두툼하니.. 내가 두툼한 회 좋아하는지 처음 알게됨. 회랑 같이 나온 매운탕도 맛있음. 초밥,큼직한 전복, 새우튀김도 맛있음! 해물라면도 말해뭐해! 생선구이는 사실 좀 별로였음. 속촉하긴 한데 싱겁고 비릿했음 (경상도 사람이라 경상도식 짭짜란 생선구이를 좋아함. 개인취향임)
음식은 대만족. 
우리 빼고 다들 회식 중이라 시끄러움. 둘이 가서 도란도란 대화? 불가! 소음에 정신없이 먹기만 하고 나옴. 이런 소음에 노출되기는 정말 오랜만이구나.. 싶었음. 
그래도 재방문 의사 있음. 직원들도 친절함. ^^",5
현대수산,비싸긴해도 구성이 다양하고 맛도 나쁘지 않고 다 좋은데 너무 시끄러움ㅜㅠ아주 친한사람들이랑만 오세요~~,3
현대수산,회나 스끼다시로 나오는 해산물의 신선함은 말할 것도 없이 대만족! 개인적으로 두툼한 회를 좋아해서 대대만족! 게다가 처음에 같이 나오는 매운탕?이 충격적으로 맛있었습니다&hellip;,5
현대수산,두툼한 숙성회라 쫄깃하고 회식장소로 굿,5
현대수산,회식장소,5
현대수산,맛은 예전만큼 맛있는데 너무 시끄러웠어요,3
호수집 원조닭꼬치,웨이팅 할 이유가 있는지 모르겠는 집. 기대를 너무 하고 갔나 나쁘지 않았다 정도임. 꼬치도 뭐.. 데려간 사람한테 미안해서 호들갑은 떨어줬는데 그냥 저는 다시는 안가는 집이 되었습니다.,1
호수집 원조닭꼬치,"술맛나는곳 2차갈곳이 애매함
2차로가기엔 웨이팅있음",4
호수집 원조닭꼬치,닭꼬치 닭볶음탕 모두 맛있음,5
호수집 원조닭꼬치,닭꼬치 닭도리탕 조쿠요,4
호수집 원조닭꼬치,닭꼬치가 미침,5
호수집 원조닭꼬치,"닭꼬치가 보들보들 미쳤어요~
파김치도 미쳤어요~
닭도리탕은 그냥 쏘쏘",4
호수집 원조닭꼬치,"닭꼬치는 항상 못먹지만 닭볶음탕의 특유의 걸쭉한 느낌이 좋습니다. 
100일된 커플이나 회식장소로도 너무 좋은 감성",4
호수집 원조닭꼬치,점심때 방문해서 닭꼬치는 안먹어봤어요. 개인 취향으로 닭도리탕보다 오징어볶음/오삼불고기가 더 맛있어요! 달착지근한 맛이고 밑반찬 맛있어요,4
호수집 원조닭꼬치,줄이 길지만 맛있게 잘 먹었습니다.,4
호수집 원조닭꼬치,한시간이상 기다려서 먹을곳 아닙니다. 맛 기대하지마세요. 회전율엄청느림;; 우리엄마 닭도리탕이 더맛있당,2
호수집 원조닭꼬치,"평일5시30분도착해서 7시에들어감
닭꼬치특이하긴했으나 존맛아님 소소하고 가성비만좋음
닭볶음탕 고추장국베이스 닭볶음탕
이것도 소소함
파김치맛집인데파김치도반찬가게에서의맛
이정도 기다릴이유가없을듯
너무테이블회전이안됨",2
호수집 원조닭꼬치,여기 왜 줄???,1
호수집 원조닭꼬치,"꾹꾹 눌러담은 밥, 정성담긴 밑반찬,,
재방문 의사 10000%
왜 지방에는 이런 선술집 st의 가게가 없는가
각성하라 각성하라",5
호수집 원조닭꼬치,"맛집으로 소문나서 왔는데 20분 정도 대기하고 
들어갔어요 닭꼬치 맛있었어요 추천이요~",5
호수집 원조닭꼬치,존 맛 캥..!!!! 지굼 7시30분인데 꼬지 수량 마감될 수 있데요 꼬지를 꼭 드셔야하니 그 전에 미리 오셔서 웨이팅하세요:),5
호수집 원조닭꼬치,웨이팅이 조금 있을 뿐 꼬치닭볶 맛있음~~,4
호수집 원조닭꼬치,"가게가 엄청 바쁩니다 
회전율 떨어진다 한소리 듣지 않으려면
가게를 위해 미리 정하시는것 추천합니다

닭꼬치는 인당 2개 제한입니다
꼬치만 주문할 수 없습니다
닭꼬치에 뼈가 있으니 참고해주세요
10개 중 1개 빨간 살 나왔었는데
후기보니 저희만 그런게 아니었네요

닭볶음탕 4인기준 대자 이상으로 주문해야합니다 
파김치는 맛있습니다

가게가 좁아서 대화하면 잘 안들립니다",2
호수집 원조닭꼬치,서울역 근처에서 일할 때 자주 가던 집. 강남쪽으로 회사를 옮긴 후에도 한번씩 생각났는데 최근 서울역 쪽에 볼일보러 왔다가 재방문. 추억의 그 맛 그대로라 반가웠음.,5
호수집 원조닭꼬치,꼬치는 짜고 닭도리탕은 감칠맛없이 짜고 텁텁하고&hellip; 집 근처 사는 사람으로써 근처 지날 때마가 줄 서있는 사람이 불쌍할 정도,1
호수집 원조닭꼬치,역시 기대가 크면 실망도 큰 법..... 닭도리탕에 든 떡은 맛있다.. 닭도 야들야들하다 근데 양념은 잘 모르겠다.,3
호수집 원조닭꼬치,30년 전통의 닭꼬치 원조인데 닭도리탕도 수준급의 맛을 자랑한다.,4
호수집 원조닭꼬치,10년 단골입니다.. ㅠㅠ 소수만 아는 맛집일때도 대기 길었는데.. 최자로드 나빠요.. 갈수없는곳이 되어버림요 ㅠㅠ,5
호수집 원조닭꼬치,"유명세 대비
5년전 대비
더욱더 실망

예전에도 닭도리 맛없어서 다른걸 시켜먹었거늘.. 닭꼬치마저 이렇게 구울거면 연탄불 말고 가스불로 굽는게 날듯.. 
연탄불의 은은한 불조절은 커녕 겨우 익을듯말듯&hellip;

줄서지 마세요..",1
호수집 원조닭꼬치,"#먹복이의나들이
#먹복이_서울
.
#먹복이 #나들이 #룰루랄라
.
#연탄불 #닭꼬치 #간판.만 봐도 찐맛집
#닭도리탕.에 #닭꼬치
.
#서울 #중림동 #호수집 #호수집원조닭꼬치
.
#서울맛집 #중림동맛집
.
#먹스타그램 #먹방 #먹팔",5
호수집 원조닭꼬치,"점심에 가서 닭꼬치는 못먹고
닭볶음탕과 오징어볶음만 먹고왔지만
맛있게 잘먹고 왔네요~~
웨이팅까지는 아니지만 근처라면 
즐겨갈만한 집입니다^^",5
호수집 원조닭꼬치,닭도리는 명성에 비하면 평범한 맛입니다. 꼬치가 훨씬 맛있고요. 30분 이상 기다려야 한다면 글쎄요....,3
호수집 원조닭꼬치,"닭볶음탕 소자 먹었는데, 둘이서 양 안부족하고 넉넉하게 맛있게 먹었습니다~~ 할머니집 온 기분,, 볶음밥도 맛있어요. 
흑미밥, 파김치, 보리차 _ 체고,,,",5
호수집 원조닭꼬치,"꼬치 맛있대서 1시간 웨이팅하고 먹었는데... 
닭도리탕은 짜기만 하고, 정작 꼬치도 그닥 맛있지 않음.
꼬치가 2000원이라 가격은 싼데 기다릴 정도로 맛있지는 않음. 엄청 기름지고 느끼함.",2
호수집 원조닭꼬치,맛있습니다. 8시 이후에 가면 닭꼬치는 마감 됐을수도 았습니다,5
호수집 원조닭꼬치,닭볶음탕 볶음밥 맛있게 먹었습니다 ^^,4
호수집 원조닭꼬치,찐 맛집. 닭꼬치 자꾸 품절돼사 못먹고있음,5
호수집 원조닭꼬치,"나만알고싶은장소임ㅋ
맛나요",5
호수집 원조닭꼬치,"줄서서까지는 아니고 메뉴수준에 비해서는 과한유명세 같아요.
닭꼬치만은 못먹구 메인메뉴를 시켜야 닭꼬치 주문가능해요.
그렇게 시킨 닭꼬치 바쁘셨는지 덜 익기까지
오삼불고기 양념은 매콤달콤의 땡기는 맛이 아닌 매콤에만 가까운 그냥 동네 수준정도네요
식기 청결도는 뭐 하급수준이네요
그릇, 컵에 고추가루 말라 뭍어있고, 수저세트는 물때자국이 자욱하네요
주차도 안되고 줄도 서야하고 굳이 다신 가지는 않을거 같네요.",2
호수집 원조닭꼬치,"맛있고 좋아요
다만 아줌마가 소주한병 더찍고 왜 더찍었냐고 하니깐 4000원 빼주시네요?소주값은 5000원인데 또다시 따져물으니 천원 현금으로 주시네요 이거 사기아닌가요.?",1
호수집 원조닭꼬치,"최자 명성을 깨버린 집
닭꼬치는 그럭저럭 맛있어요",3
호수집 원조닭꼬치,웨이팅이 좀 있지만 그래도 한번쯤 가서 먹기엔 넘 좋음ㅎㅎ,5
호수집 원조닭꼬치,꼬치집,4
호수집 원조닭꼬치,"일단 대기가 많이 긴 게 좀 흠이지만, 대기할 의향이 있다면 꽤나 괜찮은 선택의 식당입니다.
닭꼬치의 살이 부드럽게 씹히는 게 일품이며,
저렴한 가격으로 괜찮은 맛의 닭볶음탕도 맛 볼 수 있습니다(닭볶음탕은 처음엔 엄청 맛있다는 생각까진 들지 않았지만, 먹다 보면 뭔가 나름의 중독성이 강함).

(+ 떡 사리 추가 강력 추천)",4
호수집 원조닭꼬치,명성에 비해 특별하진 않고 평범합니다요,3
호수집 원조닭꼬치,무난한 닭꼬치+닭볶음탕 집이에요. 가성비 괜찮아요!볶음밥도 맛있었어요,4
호수집 원조닭꼬치,"닭 좋아하는 사람한테는 최고의 장소
닭꼬치 최대치로 시키세요!!",5
호수집 원조닭꼬치,"닭꼬치를 못먹어서 그럴진 몰라도 닭도리탕은 엄청 별로.. 이거 왜 먹지..?
처음에는 완전 밍밍하고 맛없는데 인내심을 가지고 오래오래 끓이면 먹을만은 합니다
근데 그래도 맛없어요 싸서 그런가 왜케 사람많아",1
호수집 원조닭꼬치,내가 알던 그 옛맛이 아닌데,2
호수집 원조닭꼬치,"흠 
노포중에서도 위생이...
꼬치를 못먹어봤는데 닭도리는 진짜 평범",1
호수집 원조닭꼬치,"조미료 없이 깔끔한 닭볶음탕.
추운 날 한번 더 가고 싶다.",5
호수집 원조닭꼬치,"평일저녁 퇴근하고 갔는데
두어시간 지나고부터 회전율때문에 그만 나가달라며
10여분마다 찾아와서 눈치줍니다.
메뉴를 적게 주문한것도 아니었는데도요.
우리 테이블에만 수시로 와서 그만 나가라하면서
왜 비슷하게 들어온 옆테이블 중년 남성 2명 있는 테이블엔 한마디도 못하시는지? 
왜 저 테이블엔 아무말 안하고 우리한테만 말하냐 했더니 핑계대며 말돌리고..결국 저쪽엔 한마디도 못하셨죠?
맛과 별개로 너무 불편해서 두번 다시 못가겠네요.
평일도 이런데 주말은 어떻겠습니까?
별점 3점대가 정말 이해안갑니다.",2
호수집 원조닭꼬치,닭볶음탕은 뭔가 떡볶이같은 느낌이라 옛날 고딩때 먹던 즉떡느낌으로 잘 먹었는데 닭꼬치는 생각했던 느낌보다는 닭 살이 너무 부드러워서 식감은 그냥 그랬음,3
호수집 원조닭꼬치,맛있습니다. 닭꼬치 꼭 시키세요 다시 시키는 맛입니다.,4
호수집 원조닭꼬치,"2024.09.21.
메뉴: 닭볶음탕, 닭꼬치, 볶음밥
1. 웨이팅 15분
2. 닭볶음탕은 나쁘지 않고, 닭꼬치는 큼지막하고 맛있고, 볶음밥은 정말 별로였다.
3. 불친절하다.",3
호수집 원조닭꼬치,닭꼬치가 너무 맛있음,4
호수집 원조닭꼬치,아...?아 짜고 짬 맛도 흠....볶음밥까지 실패,1
호수집 원조닭꼬치,"닭꼬치 인당2개제한.
웨이팅 40분 하고 들어감

닭볶음탕은 간이 안 맞아서 한 20분 졸여먹었음
이게먼가요&hellip;&hellip;. 왜 오는거임&hellip;..

저는 최자씨와 입맛이 다른거같아요.,,..,&hellip;&hellip;.",2
호수집 원조닭꼬치,"7시20분 입장
늦게 온건가? 꼬치 1인당 1개 제한
장사 재미나게 하심",3
호수집 원조닭꼬치,"24.10.19 토요일 오후 5시45분 도착
웨이팅 10분,,,?
깻잎 맛이 강한 닭도리탕
예상 외로 닭꼬치보다 닭도리탕이 더 만족스러웠다",5
호수집 원조닭꼬치,닭볶음탕.... 너무 짰어요 ㅠ ㅡ ㅠ 흑,1
호수집 원조닭꼬치,웨이팅 시간과 맛에 비해 과대평가된 집...,3
호수집 원조닭꼬치,"부모의 원수가 방문한대도 한 번은 말릴만한 곳
만성변비 탈출하고 싶은 사람들만 가시길",1
호수집 원조닭꼬치,"서울에서 가장 유명한 맛집 중 하나

예전부터 자주 갔지만 여전히 그 맛 그대로.
닭볶음탕은 평범. 보다도 좀 그저 그렇다. 좀 짬
볶음밥도 여기보다 맛있는 집이 너무 많다.

닭꼬치는 맛있지만 인당 2개까지만.

1시간씩 기다려가며 먹을 맛은 아님",3
호수집 원조닭꼬치,최악입니다. 밥먹는 도중 바퀴벌레를 몇번이나 봤는지 모르겠어요. 위생까지는 넘어가려 했으나 공지된 마감시간 40분이나 남았는데 직원들 퇴근해야한다고 내쫓으시네요. 주문한 음식 절반도 못먹었는데 자리 정리하라는 말 반복하며 체할정도로 눈치주시더니 마지막에는 계산금액만 말하시고 &lsquo;즉시&rsquo; 나가라고 하시네요. 볶음밥 달라는 말에 직원들 밥 다 먹을때까지 기다리라고 하셔서 기다렸습니다. 그 식사 기다리느냐고 늦어진 저희 식사는 절반도 못먹었는데 쫓겨났네요. 장사가 잘되니 본인들 배만 부르고 손님 배는 상관이 없나봅니다. 꽤나 여러번 방문했는데 정말 많이 실망해서 다시는 안가렵니다. 최악입니다.,1
호수집 원조닭꼬치,비트코인 한개 꽁으로 주고 먹어달라해도 고민되는곳,1
호수집 원조닭꼬치,"2024년 차악의 집 선정

닭꼬치 유명하대서 갔는데 그저 그럼 
닭도리탕 먹었는데 국물도 밍밍하고 건더기가 진짜 없음 가벼운 가격이 아닌데도 고기가 없음 닭 한마리 조차도 안들어감. 가지마세요 정말",1
호수집 원조닭꼬치,닭꼬치는 나쁘진 않아요.(그렇다고 좋은건?아님..)그냥 좀 덜 익은 부분이 있어서 아쉬웠고요. 닭볶음탕? 진짜 모르겠고요..이게 맛있나..? 싶었던 맛이었고 이게 도대체 웨이팅을 해서 먹을만한 맛인지 도무지 모르겠고 노포라 위생은 눈감으시고 그냥 비추천입니다.,2
호수집 원조닭꼬치,"2021년 방문
닭꼬치는 생각보다 별로였고 닭볶음탕은 자극적이었음.. 서비스와 위생이 많이 별로였던 기억 때문에 재방문하지 않았던 곳",2
호수집 원조닭꼬치,무난한 맛이에요~,4
호수집 원조닭꼬치,소자 시켰는데 암만 소자라도 닭다리는 커녕 살코기가 거의 없었음 다 뼈에 붙은 살들;; 암만 그래도 너무한거 아닌가 싶은데 닭꼬치도 안에 덜 익어서 남김. 짜고 맛없는 건 둘째치고 너무 양심없이 장사하시네요 그러지 마세요,1
호수집 원조닭꼬치,위생이 진짜 별로고 불친절..,2
호수집 원조닭꼬치,맛이 없음..,1
호수집 원조닭꼬치,너무 맛있엉ㅅ&hellip; 최고,5
호수집 원조닭꼬치,"닭볶음탕 

닭볶음탕의 국물 떠 먹는 맛으로 감. 
밑반찬도 맛있음
웨이팅만 없으면 또 갈 의향 있음",4
호수집 원조닭꼬치,저녁후기만있는건 다이유가있음.. 오징어 별로.. 힌 😭,2
호수집 원조닭꼬치,한시간 기다린 보람이 있는 맛,5
호수집 원조닭꼬치,완전 맛있음 으앙,5
호수집 원조닭꼬치,1시 40분에 갔는데 브레이크 타임 이라는 거짓말 를 하네요.,1
호수집 원조닭꼬치,"음&hellip;돈 주고 사먹는 것도 신기한데 웨이팅해서 먹는 건 이해가 안 되네요
엽기 닭볶음탕보다 못한 맛이라 솔직히 실망했어요 같이 기다린 친구에게 미안했습니다.
수저에는 고춧가루가 붙어있네요 ㅠ",1
호수집 원조닭꼬치,"코로나식국에    걸리기 딱임.

사장 돈많 생각만  하지마시구  
단골 건강좀   생각해주시지

자리 배치 따닥  따닥
시국이 시국인만큼    방역 규칙 따라야하는데
국민건강 전혀 생각안함  헐


닭도리탕 평범  오래된것이 매리트라  생각.
달꼬치만 안판다ㆍ포장도안됨 ㅜㅜ
뭐이래~
이시국  젊은사람들많아
절대 코로나 걸리기 쉽상.

기본 자리 빽빽함

위생은 아예생각안하고 돈만ㅜㅜ
가격계산 잘하셔요
그냥 소주오천원 날라갑니다
 유명해요
계산 엉터리로",1
호수집 원조닭꼬치,"노포가게의 zㅣ존느낌..
닭볶음탕 맛있었구 특히 꼬치!!!!가 아주 맛있었어요
저녁에 가면 꼬치 수량 때문에 주문수 제한 있는데 무조건 1인1꼬치 추천드립니다..
소주 쫙쫙 들어가서.. 담에 또 가고싶어요 ㅎㅎㅎ
다만 위생은 포기하는 게 맘 편함^^",3
호수집 원조닭꼬치,"닭꼬치 유명하지만 사실상 없어서 닭볶음탕 먹으러 가는 곳, 가성비 너무 좋고 라면은 필수 노포 갬성 끝내줍니다. 나름 아주머님도 유쾌하고 재밌는 곳",4
호수집 원조닭꼬치,웨이팅 할 집은 아닌 것 같음 ...,2
호수집 원조닭꼬치,웨이팅할정도는 전혀 아니고 무난합니다,3
호수집 원조닭꼬치,"웨이팅은길어도 여전히맛있네요 닭볶음탕 맛집🫶
닭꼬치는 늦게가서못먹었어요",5
호수집 원조닭꼬치,수분감 가득하면서 숯불향 은은한 닭꼬치에 기름기 있는 묵직한 닭도리탕,4
호수집 원조닭꼬치,사람이 왜 많아요???,1
호수집 원조닭꼬치,웨이팅을 조금 했지만 해서 먹을 정도로 닭꼬치와 닭볶음탕이 맛있습니다 평소에 먹는 닭꼬치가 아니라 뼈와 같이 있는 닭꼬치인데 최고입니다 주인분들도 너무 친절하게 해주셔서 감사했습니다!,5
호수집 원조닭꼬치,"50분 웨이팅 후 들어갔습니다ㅠㅡㅠ
장점은 가성비 맛집!
단점은 닭꼬치 보고 왔는데 웨이팅하다가 다 소진될 수 있습니다 ㅠㅠ
한명당 하나도 아쉽...(그만큼 맛은 있음)",4
호수집 원조닭꼬치,사장님 친절하시고 닭볶음탕도 맛나개 먹었어요. 꼬치 금방 품절되니 서두르세요,5
호수집 원조닭꼬치,"아 볶음밥에 흑미는 선 넘었지.



별점 기준
★☆☆☆☆ : 원수에게 추천할 집
★★☆☆☆ : 남이 사주면 가는 집
★★★☆☆ : 재방문 의사 있는 집
★★★★☆ : 가끔 생각나는 집
★★★★★ : 인생 맛집",3
호수집 원조닭꼬치,닭꼬치는 익지도 않은거 주시고 별로였어요.,3
호수집 원조닭꼬치,"그정도인가?
나쁘지 않다 정도",3
호수집 원조닭꼬치,"뭔가 닭도리탕은 떡볶이 양념 맛이 났고 
꼬치는 단맛이 있음 ㅎㅎㅎㅎㅎㅎㅎ 
꼬치는 진짜 나가기전쯤 엄청 늦게나옴 ㅠㅠ 
그냥 한번 먹어봣다로 만족",3
호수집 원조닭꼬치,"먹고 배탈남 그이후로 남편이 친구들 데리고 갔는데 다같이 배탈남&hellip;. (닭꼬치, 닭볶음탕 )",1
호수집 원조닭꼬치,조퇴하고 가봤습니다. 다행이 안 기다리고 자리잡았습니다.국물닭도리탕의 국물은 어른입맛이라 달지 않고 맛있었어요. 소주 안주로 너무 좋았습니다.,4
호수집 원조닭꼬치,"무난한 가성비 노포.
맛을 생각하면,
굳이 웨이팅해서 방문할 필요 ㄴㄴ.",3
호수집 원조닭꼬치,"17년부터 다녔음
맛은 좋으나 가게가 좁아서 미어터짐.
확장을 좀 하던가 해야할듯...
가게가 좁아서 웨이팅 심한듯하고.
닭꼬치는 겁나 일찍 가지 않는 이상 품절임",3
호수집 원조닭꼬치,노포 닭볶음탕 맛집,4
호수집 원조닭꼬치,"5년째 단골
닭꼬치 주문 필수",5
호수집 원조닭꼬치,"2인에 닭도리탕 소가 적당하대서 시켰는데 국물만 많고 닭은 한 사람당 보통 크기, 작은 크기 합쳐 겨우 3조각. 어지간하면 맛있는 볶음밥도 별로라 그냥 공깃밥에 닭 국물 떠부어 먹는 게 나음. 닭꼬치는 안 먹어봐서 모르겠으나 닭도리탕은 많이 아쉬움.",3
호수집 원조닭꼬치,"3.5 정도의 집 
닭도리탕 맛은 있는데 조금 자극적이고 떡과 국물이 맛나긴한데 은근 밥이랑 먹을 게 많지는 않은 느낌",4
호수집 원조닭꼬치,"가야는 이유 : 닭꼬치도 정성으로 구우면 요리가 되는구나
안가는 이유 : 일요일에 안열고 평일은 자리가 부족, 사리면 하나에 2천원은 좀 심함듯",4
호수집 원조닭꼬치,닭꼬치가 정말 아주 그냥 쥑입니다. 닭도리탕에는 들어가는 게 많이 없어 아쉽지만 그만치 맛은 괜찮습니다.,4
호수집 원조닭꼬치,아주머니들은 친절하시나 맛집이라고 할정돈 아니고 줄서는게 너무오래걸려요,3
호수집 원조닭꼬치,오년전에 먹은 닭꼬치가 아직도 아른거려서 리뷰 남깁니다. 초여름 평일 퇴근시간전에 갔는데도 착석한지 몇분 되지않아 여기구나 싶던 집. 역시나 닭꼬치 맛있습니다... 제 인생 최고였습니다... bb 닭볶음탕도 괜찮습니다... 또 가고 싶어요...bb,5
호수집 원조닭꼬치,"한시간기다렸는데...
닭볶음탕은 무조건 맛있다는 공식을 깨줌 ㅠㅠ 왜케 인기가 많은지 모르겠어요ㅠㅠ
닭꼬치를 못먹어봐서 그런건가ㅠㅠ 일단 닭볶음탕은 너무 밍밍하고 지금까지 먹어본 곳중에 젤 별로ㅠㅠ",1
호수집 원조닭꼬치,"닭꼬치만은따로안판대요.
헛걸음.....",1
호수집 원조닭꼬치,"닭도리탕도 맛있지만 닭꼬치가 압권
웨이팅 길고 닭꼬치를 1인당 2개만 주문 가능하다는게 함정",4
호수집 원조닭꼬치,최근에는 대기가 너무 길어서 가보질 못해요,4
호수집 원조닭꼬치,워낙 오래전에 가서... 북적거리고 갈만은 한데... 대기가 길다면 굳이~ 이 집 대기 포기하면 주변에 갈 곳이 없음,3
호수집 원조닭꼬치,모르겠어요,3
호수집 원조닭꼬치,"닭도리탕 술안주 굿
일찍 가야함 꼬치 금방나감",4
호수집 원조닭꼬치,볶음탕은 보통. 꼬치는 좋음,4
호수집 원조닭꼬치,닭꼬치,5
호수집 원조닭꼬치,Skewered Chicken,3
호수집 원조닭꼬치,맛있는데..사람이 너무 많다..줄서기 싫다,4
호수집 원조닭꼬치,"아 닭고기가 이런 맛도 나는 구나~~~~~
그런데 회식하는 아저씨들 너무 만쿠나~~~~~
씨끄러워서 정신이 없구나~~~~",4
호수집 원조닭꼬치,맛있어요! 특히 꼬치!,4
호수집 원조닭꼬치,"닭도리탕 닭꼬치 볶음밥 삼종세트!!
닭꼬치 숯불맛 굿굿^^
닭도리탕도 진국^^",4
호수집 원조닭꼬치,닭꼬치는 다음 기회에,4
호수집 원조닭꼬치,닭꼬치 일품,4
호수집 원조닭꼬치,"너무 기대했낭ㅜㅎㅎ
볶음밥이 별미 
늦게 갔더니 닭꼬치가 없어서 아쉬웠당ㅠㅜ",3
호수집 원조닭꼬치,서울에서 닭꼬치랑 닭도리탕이 여기보다 맛있는 곳은 없죠! 연탄불에 직접 굽는 닭꼬치는 1인당 두개밖에 못 시켜요.,5
호수집 원조닭꼬치,충정로역. 중림동 약현성당 입구. 소소한 닭꼬치2. 닭도리25,5
호수집 원조닭꼬치,"닭도리탕도 맛있지먼 만 닭꼬치 먹으러
또 오고 싶네요&hellip; 생각나고 같이 데려간 친구도
엄청 좋아했어요 !!",5
호수집 원조닭꼬치,"닭도리탕은 약간좋음
연탄불 닭꼬치는 맛있게는데 못먹었슴",3
호수집 원조닭꼬치,닭꼬치와 닭도리탕의 갑! 이렇게 부드러운 고기가 닭이라는 것이 믿기지 않을 정도. 6시에 가도 자리가 없다는 것이 아쉬움~,5
호수집 원조닭꼬치,닭꼬치 정말 맛있어요 닭도리탕은 보통입니다,4
호수집 원조닭꼬치,여기 주메뉴가 뭔지 아세요? 닭꼬치? 닭도리탕? 아님요. 깍두기임!!!  jmt 그리고 평일에도 웨이팅 있는데 5시에 오거나 9시에 와서 먹으세요. 아님 1시간 웨이팅은 기본으로 까고 가야함,5
호수집 원조닭꼬치,가성비 훌륭해요. 꼬치는 호불호가 있어요,4
호수집 원조닭꼬치,"주문메뉴: 오삼 : 조미료 맛없는 담백한 맛. 야채(깻잎)가 부족한 게 좀 아쉬움
                 닭꼬치 : 보통...양념소스 내 취향 아님(,카레향 조금 나는 것 같기도,)...난 보통",3
호수집 원조닭꼬치,"저녁에 닭꼬치 맛있는 집
닭도리탕도 같이 시켜서 술 땡겨주면 굿",5
호수집 원조닭꼬치,"양이 너무 적어지고 맛도 바뀜
 불친절(직원), 예전 호수집이랑 달라졌네요",2
호수집 원조닭꼬치,"유명한 닭꼬치보다 오히려 닭도리탕이 나았는데, 그 닭도리탕도 엄청 맛있단 느낌은 없었어요.",3
호수집 원조닭꼬치,맛있고 매번 땡기는 건 아니지만 한번쯤 생각나는 맛. 소맥 잘 들어가는 안주들 집합소,4
호수집 원조닭꼬치,자극적이지 않고 고춧가루의 칼칼한 맛이 일품,5
호수집 원조닭꼬치,"뭐가 닭볶음탕이 특별하게 맛있는건 아니고 그냥 평범한 맛입니다.
여기는 파김치가 맛있네요~
반찬 보시고 먼저 채워주시네요. 많이 바쁘신데요.
닭꼬치는 집적 고기를 손질해서 쓰시는것 같아요.
공기밥은 흑미밥 입니다.
6시 맞춰 갔더니 기다려서 7시 입장...
5시부터 가야 편히 먹을것 같아요.",4
호수집 원조닭꼬치,맛있어요,5
호수집 원조닭꼬치,닭볶음탕 닭꼬치 다 맛있어요,5
호수집 원조닭꼬치,맛나게먹었어요!!! 국물 짱.... 담엔 술먹고2차로와여겟어여,4
호수집 원조닭꼬치,술없이 먹은 내가 멍텅구리지,5
호수집 원조닭꼬치,"을큰한 매운탕에 가까운 닭볶음탕
지리는 닭꼬치ㅠㅠ",5
호수집 원조닭꼬치,아니 개인당 닭꼬치 두개라면서 6시 20분에들어가도 다팔렸다고 인원대로 안주면 5시부터 줄서있어야 먹을 수 있는건가? 대기한 손님들 생각 전혀 안해주는 것 같아서 다시 갈일 없을 듯,2
호수집 원조닭꼬치,닭꼬치 존맛,4
호수집 원조닭꼬치,계산할때 잘 확인하시고 계산하세요,1
호수집 원조닭꼬치,"1. 소문대로 닭꼬치는 아주아주 맛있습니다. 평일 7시 기준 6개 주문하였지만 역시나 동이나사 3개밖에 먹지 못하였습니다. 아주 일찍가야 닭꼬치 주문가능...(Max 2개/인)
2. 코로나로 웨이팅이 없을거라 예상했지만 월요일 6:40도착 20분 정도 웨이팅 했습니다.
3. 닭볶음탕은 은근 맵습니다만 아주 특별한 맛은 아닌걸로.... 
4. 소문데로 아주아주 시끄러워요... 왜일까요... 

순전히 고작 한 개 먹은 닭꼬치 점수 .... 닭꼬치만 판다면 재방문의사 있으나.... 나머지는 글쎄요...",4
호수집 원조닭꼬치,"닭볶음탕도 쏘쏘하지만
#닭꼬치 가 메인입니다
인당 2개정도로 정해진 수량이 아쉽습니다
웨이팅이 있습니다
도착해서 꼭 리스트 작성하세요!",5
호수집 원조닭꼬치,"간판 바꼈더라구요 ㅋㅋ
위생은 모르겠지만 맛있어요
닭볶음탕은 보통, 파김치랑 닭꼬치 맛있어요
30분정도 기다리라고하면 기다리겠어요
갈때마다 1시간씩 기다림 ㅜㅠ",5
호수집 원조닭꼬치,이곳의 닭꼬치를 먹지 않고 닭꼬치를 먹어보았다 하지말라,5
호수집 원조닭꼬치,"밑반찬 중에 파김치였나 정말 맛있구요
 꼬치 최고입니당",4
호수집 원조닭꼬치,서울역 근처 친구네 부부있어서 많이 안기다리고 먹었는데 인생 닭꼬치였어요~ 닭볶음탕도 맛있지만 닭꼬치가 진짜에요! 길거리 파는 닭꼬치아니고 뼈가있는건데 진짜 너무 맛있어요.. 인당 두개씩 제한있는게 아쉬울정도로.. 또먹고싶네요ㅜ,5
호수집 원조닭꼬치,닭꼬치매진이라 닭볶음탕만 먹었는데 닭살이 엄청 야들야들하고 간도 매콤한게 입에 딱 맞았어요 다음엔 꼬치먹으러 갈께요,5
호수집 원조닭꼬치,아주머님들이 싹싹하진 않으시지만 닭볶음탕이 딱 제입맛이라 또 가고 싶네요,4
호수집 원조닭꼬치,닭꼬치 맛남 닭도리탕도 깻잎 들어가서 칼칼하고 괜찮지만 닭꼬치의 임팩트가 더 세다,4
호수집 원조닭꼬치,아주머니들 장사하시고싶은거 맞는지 의심됨,1
호수집 원조닭꼬치,닭볶음탕은 물많은 스타일로 정말 흔해빠진 맛입니다. 닭꼬치가 더유명한데 메인을 꼭시켜야하구요. 맛있긴하지만 닭꼬치전문점이 더 낫습니다. 굳이 줄 설 필요가 없는집이예요. 근데 겨울빼고 사람 줄안설때를 본적이 없어서 정말 미스터리한 집이예요. 하늘이 내린 사업운인가.. (닭꼬치 드시려면 명동 길거리 박효신닭꼬치 추천해요),2
호수집 원조닭꼬치,가게가 작아서 여섯이상 같이가면 약간 조금 불편함 닭볶음탕 먹을만한데 집에서 만드는게 더 맛남 볶음밥은 맛있음 사장님 친절함,4
호수집 원조닭꼬치,"닭도리탕은 특별한 맛은 아니였고 닭꼬치가 엄청 부드러웠음. 뼈있으니 조심
평일에 브레이크 타임 맞춰가야 웨이팅 안하고 먹을 수 있다. 안그럼 한시간 기다려야된다.",3
호수집 원조닭꼬치,"닭도리탕 전문. 닭볶음탕이 아니다!! 가득한 국물을 보라 ㅋㅋ
그러나 여기 핵심은 연탄불에 구워주는 닭꼬치. 이거 한정품으로 늦게가면 주문 불가. 역시나 유명한 집으로 웨이팅 길다.",4
호수집 원조닭꼬치,"이정도 가격에, 이정도 양이면 별다른 말이 필요없습니다. 닭꼬치 드실분은 오후에 가시면 드실 수 있습니다.",5
